artist_id,artist_name
3,!Conz
14,!magnic!
19,#037 (#037)
21,#1 Beatles Now
23,#1 Club Hits - Best Of Dance & Techno
24,#1 Club Hits 2010 - Best Of Dance Techno (50 Tracks!)
25,#1 Club Hits 2011 - Best Of Dance & Techno
26,#1 Club Hits 2012 - Best of Dance| House| Electro & Techno
32,#1 Garth Brooks Tribute Band
34,#1 Glee Singers
38,#1 Hits Now
39,#1 Hits Now| 60's 70's 80's 90's Hits| Todays Hits
44,#1 Hits Now| Ibiza Dance Party| Party Hit Kings
49,#1 Holiday
52,#1 Katy Perry Tribute Band
56,#1 Rock Heroes
62,#Ami
83,#TheRealQuino
89,$-Crew
102,$Wagg Dinero
107,$ir Nuncio
108,$keam Fa Million$
113,$uicideboy$
118,&ME
121,'80s Pop Hits
129,'N Sync
134,'S Bossa Nova
136,'Til Their Eyes Shine... The Lullaby Album
137,'Til Tuesday
142,(((Surround))) ((((さらうんど))))
143,((ULTRA)) MARIMBA!! (((↑ウルトラ↑)) マリンバ♪)
149,(Hed) Planet Earth
159,(Various Artists) אוסף שירים
167,(pH)2
174,*Ringtones
180,+/- (Plus/Minus)
186,+Plus
195,-M-
200,...And You Will Know Us By The Trail Of Dead
212,//rallye//
217,007
218,007 Collective
219,007Korea
222,015B
232,07870　Mysterious
234,089 Clique - Unreleased Tracks
236,091
239,0woo
246,1 Echo 1
248,1 Girl Nation
254,1 Touch
260,1. Gymnopedie Satie
277,10 Years
281,10 Years Of Finger Lickin'
286,100 % Disco
288,100 70s
289,100 80s
290,100 90s
293,100 Ans De Musiques De Films
294,100 Best - Digital Sampler
295,100 Best 20th Century Classics
296,100 Best Adagio Voices
297,100 Best Adagios
298,100 Best Ballet
299,100 Best Baroque
301,100 Best Children's Classics
302,100 Best Classics Two
303,100 Best Film Classics
304,100 Best Guitar Classics
305,100 Best Opera Classics
306,100 Best Piano
308,100 Best Vivaldi
309,100 Chilled Classics - 100 Essential Chillout Lounge Classics
310,100 Christmas
314,100 Country
316,100 Cream
320,100 Folk Celsius
322,100 Funk
325,100 Hits
326,100 Hits of the 80's
329,100 Jazz
332,100 Piano Classics
336,100 Shots
339,100 Traxburner
344,100%
349,100% Happiness
350,100% Hit Crew
357,100% français R&B story
365,1000volts (Redman & Jayceeoh)
375,101 Classical Music Masterpieces & Musicas de Piano Solist de Amor & San Valentin
376,101 Dalmatians and Friends
379,101 Musica Classica Artisti & Meditation Relax Club feat. Calming Music Academy & Yoga Trainer
383,101 Musica Piano Artisti
384,101 Piano Classics: Best Classical Songs
385,101 Piano Classics: Best Classical Songs & Sad Piano Music Collective & Ambient
388,101 Strings
389,101 Strings Orchestra
390,101 Strings Orchestra|The Japanese Music Tradition Ensemble
395,108
402,10cc
403,10cm
404,10cm & Acoustic Collabo
408,10|000 Maniacs
416,1115
417,112
418,113
423,11:11
427,11월 Band11
430,12 Cinta
441,12 Stones
443,12 Years A Slave (Motion Picture Soundtrack)
457,123 Andrés
462,127 Hours
464,12Girls Band (女子十二楽坊)
488,13 Semester
499,13快樂男聲
502,14
506,14 Iced Bears
510,140 Ударов в минуту
522,15JAM
525,16 Bit Lolitas
530,16 Great Gospel Hits
532,16 Most Requested Polkas
535,16 Most Requested Songs Of The 1950s. Volume One
540,16 canzoncine per bambini vol.3
550,16個夏天 電視原聲帶
552,17 Again: Music From The Motion Picture
559,175R
566,18 Carat Affair
570,18&life
571,18+
573,1812 Tribute Orchestra
575,183Club
577,187 INC 謀殺有限公司
578,187 Strassenbande
584,18Cruk & 새봄에 핀 딸기꽃 Spring Strawberry Flower
588,18禁不禁影音全記錄
589,19
604,1960s Karaoke Band
609,1970s Music
611,1976
613,1980 Forward
621,1985 Sleng Teng Extravaganza
623,1986精選金曲-台語金榜(2)
626,1987精選金曲-台語金榜(3)
628,1988精選金曲-台語金榜(4)
630,1990-2003 Dance Hits Collection
631,1990s
632,1990s Karaoke Band
634,1990精選金曲-台語金榜(6)
636,1992精選金曲-台語金榜(8)
637,1995
639,1996 Grammy Nominees
648,1A2
649,1AMF
674,1llionaire Records
676,1million
682,1sagain & FatDoo
683,1sagain & IKhA
684,1sagain & Joo Bo Ra(원써겐 & 주보라)
685,1sagain & Pretty brown & Molly.D(원써겐 & 프리티 브라운 & 몰리디)
686,1sagain & STi(원써겐 & 스티)
687,1sagain(원써겐)
690,1st Class
700,1| 2| 3 CANTIAMO
703,1|2|3 Dance Floor| Vol.1
717,2 Brothers| 6TEST5| 13 Floor| Abel Moreno| Alex Greenhouse| Alex Philipp| Dave Silence| Deep Drop Falls| Dino Sor
722,2 Chainz
723,2 Chainz| Wiz Khalifa
725,2 Crazy Deejays
729,2 Deep
735,2 Faces
739,2 HUNGRY BROS
745,2 Live Crew
749,2 Milly
755,2 Pac & Outlawz
757,2 Pistols
766,2 Unlimited
777,2*sweet 萱野可芬x萱野可芳 (2*sweet)
780,2-Hye
783,20 Best Italian Lounge Tunes
784,20 Christmas Classics
786,20 Fingers
797,20 Year of Age
798,20 Years of Age
804,20.30.40電影原聲帶
808,200 Thèmes Et Musiques De Films Au Cinéma
816,2002 Latin Love Songs
817,2003 Best Of Car Adv. Collection
819,2003 The Best Ad. Music
820,2003 ราตรี (2002 Ratree)
821,2004 The Best Ads Vol.2
822,2004歐洲盃足球賽指定歌曲
823,2004韋伯來台紀念專輯
825,2005貴族音樂剪影
826,2006 KTV點唱精選國語總排行
827,2006 KTV點唱精選西洋總排行
828,2006 MP3人氣超強總冠軍
829,2006 World Fever Dance Album
830,2006 來電答鈴國排行總冠軍
831,2006年終極選-最紅冠軍舞曲極限全記錄
832,2006韓劇超強情歌精選NO.1
833,2007 Best MP3人氣超強西洋總冠軍
835,2007 海洋音樂祭海洋大賞
836,2007年終極選
837,2007電音星光幫
840,2009年的第一場流星雨
841,2009年終鑽石精選
846,2010 Best of hanssler
847,2010 Teen Power 搖滾高校
848,2010 The Hottest
849,2010s Karaoke Band
850,2011 Grammy Nominees
852,2011 The Hottest 年度大排行
853,2011年中大排行
854,2011年終鑽石精選
859,2012 Halloween
861,2012 Happy New Year| New Years Eve Party| New Year 2012 Dance Party
862,2012 The Hottest
863,2012網路票選權威歌曲
864,2012高中原創畢業歌合輯
866,2013快樂男聲
867,2013網路票選權威歌曲
868,2013電信創新應用大賽 音樂創作組 合輯
871,2014 Top 40 Hits
872,2014 高中原創畢業歌合輯
873,2014情歌對唱專輯
874,2014香港大團誕生合輯
876,2015 Chillout Ibiza Lounge
880,2015 Daylight
881,2015 Deep House
882,2015 Fuelled Pop
886,2015 Now Check This
889,2015網路下載冠軍全集
891,2016 Billboard Hits| 2016 Top 40 Hits| 2016 Tanzparty
892,2016 Billboard Masters
894,2016 Gym Music
897,2016 Party Hits
899,2016 Workout Music
913,20位巨星千萬張成名曲
920,21 Savage| Metro Boomin
922,211 이일일
925,21:03
939,22 cats
941,220 Volt
951,22K夢想高飛 電視原聲帶
957,2344
961,24 Hour Party Project
965,24 Niccolo Paganini Capricci
974,24K
976,24days
979,24k Magic
983,25 Christmas Classics
1003,2AM
1004,2AM Club
1010,2BiC
1012,2CELLOS (Sulic & Hauser)
1020,2DEN
1039,2LIPS (2☆LIPS)
1041,2LSON
1043,2Manyfold| Jorge| Melo| Thorsten Hammer| THs| Fresh Funky S| Moz5a| Boy Funktastic| DEEP IMPACT ON FISIKO| Dynamic David| Seb Skalski| Deem| DJ Herby| oblongmonster| Dr. Emok| Borja Becker| J. De la Torre| Lukas Trunk| Simon koma| Conde Milenio| DJ Zoli|
1045,2Much
1047,2NB
1048,2NE1
1049,2PM
1050,2PM+2AM
1051,2Pac
1053,2Pac | Snoop Doggy Dogg
1056,2Point1
1057,2R
1061,2Rave
1062,2ReD Suns
1065,2Steel Girls
1075,2Well
1077,2XL
1079,2YOON
1080,2Young
1085,2day 2morrow
1089,2faith (2faith)
1101,2max
1102,2moro
1109,2nd II None
1118,2sant
1122,2story
1130,2個女生
1131,2女
1137,3 Colours Red
1139,3 Doors Down
1143,3 Global Players
1154,3 Problems
1172,30 Electro Tech House Smasher
1174,30 Lincoln
1181,300 Original Motion Picture Soundtrack
1183,3010
1190,30s Hits
1193,311
1197,31Knots
1203,333
1206,33Miles
1210,36
1211,36 Crazyfists
1212,36.6
1220,38 Special
1226,3A
1232,3D
1246,3LAU
1247,3LAU & Said The Sky feat. Christina
1248,3LAU and Nom De Strip featuring Estelle
1249,3LAU and Paris & Simo featuring Bright Lights
1250,3LAU feat. Emma Hewitt
1251,3LAU feat. Yeah Boy
1252,3LOGY
1253,3LW
1258,3OH!3
1267,3T
1274,3d Friends
1279,3epkano
1291,3monkey
1294,3ound's†
1305,3rd Line Butterfly
1312,3rd Times a Charm
1314,3rd World Spectator
1319,3thvn
1322,3秒樂團
1325,4 Bar Stars
1328,4 Da People
1335,4 Golden Princess 四千金
1336,4 Guys From The Future
1338,4 Hiverns
1340,4 In Love
1343,4 Non Blondes
1360,40 (포티)
1363,40 Christmas Dance Hits
1368,40 Most Beautiful
1371,40 Most Beautiful Ballet Classics
1372,40 Most Beautiful Piano Classics
1373,40 Most Beautiful Romantic Classics
1380,40 Watt Sun
1392,40mP
1393,40s Classics
1406,43 Miles North
1408,432 Hz Universal Harmony
1411,432HZ MUSIC JAPAN
1437,49 swimming pools
1440,4B
1441,4B & DOCO
1453,4Hero
1456,4Kast
1461,4MEN&美 (포맨&미)
1462,4MINUTE
1463,4Men
1465,4Noiz
1473,4U樂隊
1474,4WD
1475,4X
1478,4d4m
1480,4ever
1487,4post
1489,4th & Ocean
1493,4th Quarter
1498,4u
1501,5 & a Dime
1502,5 10 15 - 15 Tracks By 10 Artists To Celebrate 5 Years Of Peacelounge Recordings
1510,5 Seconds Of Summer
1515,5 pra 1
1523,50 Best Children's Classics
1526,50 Best Relaxing Classics
1527,50 Best Romantic Classics
1528,50 Cent
1529,50 Cent & G-Unit
1530,50 Chillout Lounge Classics
1531,50 Classical Music Favorites
1537,50 First Dates
1540,50 Great Songs
1542,50 Greatest Opera Classics
1546,50 Hands Up Classics
1547,50 Lions
1551,50 Shades of Sensual Classics
1561,50 Techno Trance Anthems
1568,50 Tubes Du Top
1583,500 Days of Summer
1597,51(伍冠諺X易桀齊)
1610,55 Relaxing Classics for the Heart & Sounds of Love and Relaxation Music & Ultimate Piano Classics
1611,5566
1618,5Fingaz
1624,5URPRISE 서프라이즈
1631,5sta Family
1634,5th Elements
1641,5tion
1643,5u5h1
1645,5urprise
1652,6 to 8
1658,60's 70's 80's 90's Hits
1660,60's 70's 80's 90's Hits| 90's Groove Masters| 90s Maniacs
1665,60's 70's 80's 90's Hits| Old School Players| Golden Oldies
1666,60's 70's 80's 90's Hits| The 90's Generation| 90s Pop
1673,60's| 70's| 80's & 90's Pop Divas
1680,60s Pop
1693,65daysofstatic
1695,666
1697,666| Tag Team
1700,68 BEATS
1706,6CycleMind
1710,6LACK
1738,7 Jaay
1739,7 Minutes Dead
1749,7!!(seven oops)
1755,70's Club Hits Reloaded| Vol.3
1757,70's Various Artists
1760,702
1768,70s Greatest Hits
1770,70s Greatest Hits| 70s Love Songs| 70s Music
1774,70s Greatest Hits| Today's Hits!| Billboard Top 100 Hits
1777,70s Love
1778,70s Love Songs
1782,70s Movers & Shakers
1783,70s Music
1794,75A
1801,77 Jefferson
1814,7Years
1821,7eventh Time Down
1829,7妹
1835,8 Bit Universe
1837,8 Great Hits
1844,8-Bit Arcade
1846,8-Bit Universe
1852,80's British Invasion 30th Anniversary(3CD)
1853,80's D.J. Dance
1855,80's Dj Picks
1857,80's Love Band
1859,80's Pop
1863,80's Pop Super Hits
1864,80's Pop Super Hits| Compilation 80's| Compilation Années 80
1865,80's Pop| 80's Pop Band| Compilation 80's
1876,808 State
1882,80Bugg| UNOBAHN
1883,80KIDZ
1890,80s Chartstarz| 80s Greatest Hits| 80's Pop Band
1896,80s Greatest Hits
1899,80s Greatest Hits| 80's Pop Super Hits| The 80's Allstars
1913,80s Pop Stars
1919,80s go Reggae
1920,80’s Groove Masters
1932,881電影原聲帶
1940,8Ball
1941,8Ball & MJG
1943,8Eight
1960,9
1966,9 O'clock
1969,9 Theory
1970,9 and the Numbers
1979,90's Bambino
1982,90's Pop Band
1986,903 Playas
1990,90er Tanzparty| D.J. Rock 90's| 90s allstars
1992,90s Classics
1993,90s Dance Music
1996,90s Maniacs
2010,90s Unforgettable Hits
2018,90s allstars|Compilation 80's|D.J. Rock 90's
2022,911
2023,911 Turbo
2028,929
2033,95 Royale
2036,98 Degrees
2044,99 Percent
2047,99 Souls
2054,99RadioService
2060,9MUSES
2067,9mm Parabellum Bullet
2069,9th & Shunk
2076,9th Wonder
2079,9호선 환승역
2089,<失去你的那一天>電視原聲帶
2100,A
2101,A & Z
2102,A & Z vs Amir Hussain
2103,A & Z| KeyPlayer
2125,A Beautiful New World
2126,A Better Hand
2127,A Better World
2132,A Boogie Wit da Hoodie
2139,A Broke Down Melody
2146,A Cappella Players
2148,A Caruma
2154,A Change of Pace
2161,A Christmas Present From Motown - Volume 1
2166,A Compás
2167,A Concord Jazz Christmas| Vol. 2
2176,A Cut Above
2180,A Day To Remember
2185,A Di He Chang Tuan 阿弟合唱团
2189,A Dinner For Lovers Vol. 03
2190,A Disney Channel Holiday
2199,A Faylene Sky
2200,A Few Good Men
2203,A Fine Frenzy
2208,A Flock Of Seagulls
2210,A Fly Guy
2216,A Ghost Of Flare
2219,A Girl I Know
2223,A Good One
2226,A Great Big World
2227,A Great Big World feat. Christina Aguilera
2238,A Holly Jolly Kids' Christmas
2269,A Little Mandarin
2271,A Loss For Words
2274,A Lot Like Love - Music From The Motion Picture
2283,A Man Called S
2284,A Man From Jupiter
2297,A Music Theory
2298,A NOSTALGIC CHRISTMAS
2301,A New Day Of Worship
2309,A Night in México
2315,A Perfect Circle
2330,A R I Z O N A
2332,A ROCKIN' CHRISTMAS
2342,A Revolution Of Canon Classic
2344,A Rob Zombie Film HALLOWEEN Original Motion Picture Soundtrack
2346,A Rocket To The Moon
2358,A Sense of Purpose
2364,A Silver Lining
2367,A Sky Full of Stars
2368,A Skylit Drive
2387,A Sunny Day in Glasgow
2388,A Surgeon
2390,A Symphony Of British Music: Music For The Closing Ceremony Of The London 2012 Olympic Games
2391,A TEAM
2394,A Taste of Honey
2396,A Thin Line Between Love & Hate-Roger Troutman feat. Shirley Murdock
2397,A Thousand Horses
2399,A Thousand Vows
2400,A Thousand Years
2403,A Time To Chillout
2410,A Tribe Called Quest
2411,A Tribe Called Red
2413,A Tribute To Judas Priest
2414,A Tribute To Nicolette Larson: Lotta Love Concert
2423,A Very Long Engagement Un long dimanche de fianceilles
2432,A Walk Along The La Seine
2433,A Walk In The Colouds
2434,A Walk To Remember Music From The Motion Picture
2440,A Winged Victory For The Sullen
2442,A Woman's Heart
2443,A World In Pictures
2450,A la Big Bom Band & David Pastor
2451,A melody a day keeps the doctor away
2457,A$AP Ferg
2458,A$AP Ferg feat. A$AP Rocky
2461,A$AP Mob
2462,A$AP Mob feat. A$AP Nast & Method Man
2463,A$AP Mob feat. A$AP Rocky| A$AP Ferg| A$AP Nast & A$AP Twelvyy
2465,A$AP Rocky
2466,A$AP Rocky feat. Juicy J
2467,A$AP Rocky feat. Rod Stewart x Miguel x Mark Ronson
2468,A$AP Rocky featuring Drake| 2 Chainz & Kendrick Lamar
2476,A&G| Northmark feat. Gabrielle Ross
2480,A'N'D
2487,A* Karaoke
2488,A* Karaoke Jukebox
2490,A*Teens
2502,A-Bro
2503,A-Butta
2507,A-Daily
2509,A-Dub da Prodigy
2512,A-F-R-O| Marco Polo| Marco Polo| A-F-R-O
2513,A-Fati
2516,A-Fuzz
2517,A-Game Writers
2518,A-Ha
2525,A-L-X
2526,A-Lee
2528,A-Lin
2530,A-Listers
2545,A-One| Carey Stacks
2546,A-PRINCE
2554,A-SHO| Lucky Rose
2561,A-Trak
2562,A-Trak and Milo & Otis
2608,A. Swain & Lipe
2617,A.B. Milli
2634,A.CHAL
2658,A.J. Holmes and The Hackney Empire
2660,A.J. and the Jiggawatts
2666,A.K. Klosowski / Pyrolator
2667,A.K.A.
2669,A.K.A. Pella
2672,A.KOR
2674,A.L. Lloyd
2678,A.L.T. And The Lost Civilization
2680,A.Leean
2685,A.M. Kidd
2689,A.M.7.
2696,A.N.B
2697,A.N.D TAIPEI
2713,A.R. Rahman
2714,A.R. Rahman & The Pussycat Dolls
2716,A.R.D.I.| Linnea Schossow
2717,A.R.E. Weapons
2730,A.Shya
2744,A.Su| Valeriy Khoma| Dmitry Ivashkin| DIM TARASOV| Antonio Energy| Bad Danny| Dj NaTaN ShmiT| Space Energie| Satori Panic| Patrick Cross & Andy Gis
2745,A.T
2751,A.TRAIN
2763,A1
2771,A2A
2779,A3
2782,A4F
2788,A:J
2791,AA(DOUBLE A)
2793,AAA
2801,ABBA
2803,ABBA Revival Band
2807,ABC
2808,ABC Kids
2817,ABOVE THE LAW
2827,AC Slater
2829,AC/DC
2834,ACCEPT
2839,ACE OF SPADES × PKCZ feat. 登坂広臣
2841,ACEMAX-RED
2844,ACHORDION
2847,ACIDMAN
2852,ACOUSTIC PROBING & ACOUSTIC PROBING
2857,AC周予天
2858,AD
2864,ADAM| Daniel Baron
2866,ADLT VDEO
2884,AETA (イータ)
2892,AFI
2893,AFLOW HEAD (AFLOW HEAD)
2902,AGA
2903,AGA| Gin Lee
2905,AGG
2906,AGK
2908,AGNEZ MO feat. Timbaland| T.I.
2912,AGrifter
2914,AHMIR
2915,AHO
2917,AI
2919,AI-TIEM
2928,AIDA Music
2931,AIKA
2948,AJ
2955,AJ MCLEAN
2961,AJ Rafael
2964,AJ Tracey
2971,AJR
2973,AK
2974,AK & The LAX Bros
2983,AK-69
2986,AK47| Ryuk Kelevra Joe
2988,AKA
2995,AKASH
2998,AKB48
3000,AKDONG MUSICIAN (AKMU)
3005,AKIDZ
3006,AKIKO WADA (和田アキ子)
3008,AKIRA
3012,AKLO
3013,AKLO & XBS
3017,AKR-FITW™
3019,AKUA
3020,AKi
3030,ALBATROSICKS
3035,ALESSO X CHEN
3043,ALISA
3046,ALL CITY STEPPERS
3047,ALL OFF
3049,ALLEGAEON
3072,ALZHEIMER (อัลไซเมอร์)
3075,ALi
3076,ALi| Horan
3080,AM & Shawn Lee| AM| Shawn Lee
3089,AM444| -M-
3090,AMANUMA Takayuki
3092,AMATSUKI (天月-あまつき-)
3094,AMB Projekt
3095,AMBER
3096,AMBER X LUNA
3100,AMEFURASHIQUALTET (雨ふらしカルテット)
3106,AMIAYA
3107,AMIINA
3108,AMIT
3111,AMK
3113,AMON AMARTH
3116,AMWE
3118,AMY DIAMOND
3121,AMcreative Musical
3123,AMyn
3124,AN CAFE (アンティック-珈琲店-)
3133,ANAN RYOKO
3134,ANATAKIKOU
3139,ANDE
3143,ANGELICA (アンジェリカ)
3144,ANGELO PEREZ
3145,ANGERME (アンジュルム)
3147,ANGRA
3151,ANIME PROJECT
3152,ANIMEDM
3154,ANISON FANTASY
3155,ANISON PROJECT
3161,ANNA TSUCHIYA inspi' NANA (BLACK STONES) OLIVIA inspi' REIRA (TRAPNEST)
3168,ANOHNI
3169,ANOTHER STORY OF THE OTHER SIDE
3179,ANYA ROSE
3181,AN| GUMI (あん| GUMI)
3182,AOA
3183,AOA CREAM (酉奈、惠晶&澯美)
3184,AOA 智珉 + EXO XIUMIN
3185,AOA(邦楽)
3186,AOA智珉+N.FLYING J.DON
3191,AOORA
3192,AOORA feat. Demian
3193,AOZORASODA (青空ソーダ)
3199,APA
3200,APA feat. Dave Thomas Junior
3204,APE MONEY
3207,APHASIA
3218,APNEA
3223,APP
3225,APRIL
3231,AQUAPLUS
3238,ARARE
3243,ARCPLG
3256,AROMA
3262,ARSMAGNA (アルスマグナ)
3276,AS I LAY DYING
3279,ASA
3281,ASAKO
3282,ASAP
3283,ASA樂團
3290,ASHGRAY
3293,ASIAN KUNG-FU GENERATION
3295,ASKA飛鳥涼
3302,ASTR
3306,ASTRIX
3312,ASYA
3315,ATB
3317,ATB feat. Ramona Nerra
3318,ATBOs
3321,ATF
3322,ATFC
3327,ATLiens| I.Y.F.F.E
3355,AUN J-CLASSIC ORCHESTRA
3359,AURORA
3361,AUSTRIAS NEXT TOPMODEL
3371,AVE & EFX| Varun
3374,AVIA
3376,AVKN
3379,AVTechNO!
3383,AWA
3388,AWE
3392,AWOLNATION
3408,AYNA x 9999
3410,AZ Mezzanine Digital Volume 3
3413,AZIATIX
3416,A_RukaP(M@SATOSHI) (アルカP(M@SATOSHI))
3419,AaRON
3434,Aaliyah
3435,Aaliyah C
3447,Aanysa| Snakehips
3451,Aardvark Spleen
3460,Aaron Abernathy
3463,Aaron Ambrose feat. Paulina
3465,Aaron Axton
3475,Aaron Carpenter
3476,Aaron Carter
3486,Aaron Espe
3505,Aaron Krause
3511,Aaron Lines
3518,Aaron Neville
3522,Aaron Parks
3543,Aaron Smith feat. Luvli
3549,Aaron Taylor
3554,Aaron Thompson
3567,Aaron Wright
3568,Aaron Zigman
3587,Aayla
3592,Ab Harrison Ugbabe
3595,Ab-Soul
3602,Abaddon
3610,Abandon
3618,Abandoned Pools
3625,Abay
3632,Abbamania
3635,Abbath
3638,Abbey Blue
3640,Abbey Lincoln
3643,Abbey Road
3665,Abby K
3666,Abby K| Kate Lanoz| Cyriaque
3720,Abe Vigoda
3721,Abe's Funny Ringtones
3723,Abeba
3728,Abel Chungu Musuka
3732,Abel K Kaña
3733,Abel Korzeniowski
3735,Abel Miller
3751,Abel Ramos & Felix Leiter
3758,Abel Vros
3764,Aberdeen Green
3781,Abi Alton
3785,Abiah
3801,Abigail Washburn & The Shanghai Restoration Project
3809,Abilio Manoel
3823,Ablaze feat. NiVo
3824,Able
3839,Aboriginal Didgeridoo
3840,Aboriginal Dreamtime
3841,Aborted
3844,Abossa
3847,Abou Diarra
3851,About Last Night (Motion Picture Soundtrack)
3856,Above & Beyond
3859,Above & Beyond feat. Richard Bedford
3860,Above & Beyond feat. Zoe Johnston
3862,Above & Beyond| OceanLab
3872,Abra
3875,Abra Moore
3882,Abraham Mateo
3897,Abrina
3915,Absolute All Time Favorites
3918,Absolute Funk
3922,Absolute Modern Worship For Kids
3924,Absolute Smash Hits
3938,Abstract
3939,Abstract Butta Fingas
3943,Abstract Rude
3948,Abstraction Unit| Alfoa| Arny| Burak Yildirim| Digital Department| DK Watts| Franzis D| Hypnotic Duo| LMO Project| Matteo Monero| Orelse| Rich Curtis| Shock Osugi| TakisM| Tolga Diler
3961,Abtmelody
3968,Abundant Life Ministries
3973,Abysmal Dawn
3977,Abyssal
3989,Acacia
3997,Academia de Música del Sueño
4001,Academia de Música para el Masaje y Relajarse
4012,Academy of St Martin-in-the-Fields/Sir Neville Marriner
4013,Academy of St Martin-in-the-Fields/Sir Neville Marriner/Jack Brymer/Royal Philharmonic Orchestra/Sir Thomas Beecham/Bath Festival Orchestra/Yehudi Menuhin/Barry Tuckwell
4017,Academy of St. Martin in the Fields|Alfred Brendel|Sir Neville Marriner
4022,Academy of St. Martin in the Fields|Iona Brown|Various Artists
4026,Academy of St. Martin in the Fields|Sir Neville Marriner|Neil Black|Alan Civil
4031,Acama
4045,Accademia Bizantina|Stefano Montanari|Andreas Scholl
4069,Accordéon Académy| The Accordion All-Stars| Musique d'accordéon
4077,Ace
4091,Ace Frehley
4096,Ace Hood
4102,Ace Muney
4103,Ace Of Base
4111,Ace Wilder
4126,Acerting Art
4138,Acherontas
4150,Achim Petry
4156,Achtabahn
4157,Achtung
4161,Acid
4163,Acid Black Cherry
4171,Acid House
4173,Acid House Kings
4175,Acid Jazz DJ
4199,Acker Bilk
4206,Acme Ringtones
4207,Aco Takenaka
4213,Acourve
4214,Acourve Feat. Hanol & Rewind
4215,Acourve feat. Rewine
4219,Acoustic Alchemy
4223,Acoustic Cactus
4231,Acoustic Collabo
4252,Acoustic Guitar Tribute Players
4257,Acoustic Hits
4289,Acoustic tribute band
4295,Acoustified Hits
4299,Acqua Toffana
4305,Acrimonious
4306,Acro Jazz Laboratories
4312,Across The Universe
4313,Acro| Alex Zaytsev| Andgy| Avenue Sunlight| Carrey| Chris Fashion| CJ Edu Pozovniy| D.Malinin| Damian Crew| Dima Nohands| Dj Amigo| DJ Nikita Noskow| DJ Snep| Alex Twice| DVJ Karimov| SamNSK| Gh05T| Juan Pablo Torres| Martin Cloud| Moving| Anton Sergeev|
4321,Act Yo Age| Chux
4323,Act of God
4328,Action Bronson
4343,Active Child
4350,Actress
4352,Actual Sound New Factory
4354,Acumen
4357,Acupuncture for Min
4358,Acustic hotel california
4378,Ada Band
4416,Adam Aldama aka Sizzle
4418,Adam And The Ants
4420,Adam Ant
4421,Adam Ashby
4422,Adam B
4436,Adam Bryanbaum Wiltzie
4441,Adam Cappa
4453,Adam Cork
4456,Adam Crystal
4457,Adam Curtain
4463,Adam Ellis feat. Aylin
4466,Adam Faith
4475,Adam French
4476,Adam Friedman
4477,Adam Friedman feat. Mike Posner| Adam Friedman
4480,Adam Green
4500,Adam Jensen
4503,Adam K
4514,Adam Lambert
4522,Adam Levine
4523,Adam Levine & Tony Lucca
4541,Adam Nystrom
4542,Adam O'Farrill
4555,Adam Rogers
4560,Adam Saleh
4563,Adam Sandler
4588,Adam Wingard
4597,Adama Dramé
4611,Adanna Duru
4616,Adara
4637,Addiction
4641,Addik| Boyoung
4645,Addison Road
4647,Addpico
4657,Adel Tawil
4659,Adela Dalto
4663,Adele
4668,Adele Harley
4674,Adele Taylor
4677,Adele's Karaoke Band
4686,Adelitas Way
4691,Adelén
4692,Adem
4694,Adema
4697,Adept
4700,Aderlating
4702,Aderonke  Ariyo
4705,Adesha
4710,Adexe
4723,Adi Goldstein
4733,Adiam Dymott
4743,Adiemus
4748,Adil
4751,Adil Khan
4752,Adil Memon
4757,Adina Howard
4772,Adiós París
4781,Adley Stump
4794,Admiral Tibet
4805,Ado
4817,Adolfinho
4829,Adonis
4831,Adonis Fox
4837,Adore Delano
4839,Adoro
4844,Adramelech
4857,Adri Garcia
4860,Adrial
4882,Adrian Franchi
4883,Adrian Freedman
4886,Adrian Hour
4891,Adrian Laza
4896,Adrian Lux & Marcus Schossow feat. JJ
4901,Adrian Marcel
4904,Adrian Metzger
4919,Adrian Sina
4929,Adrian Younge| Ali Shaheed Muhammad
4932,Adriana Calcanhotto
4942,Adriana Miglāne
4944,Adriana Partimpim
4951,Adriano Canzian
4962,Adriano Pagani
4971,Adrienne Hindmarsh
4987,Adult Jazz
4990,Adult Pop All-Stars
5005,Adventure Club
5013,Ady Suleiman
5027,Aedem
5037,Aenaon
5048,Aer
5055,Aerial Territory
5057,Aero Chord
5058,Aero Chord & Razihel
5059,Aero Chord| Klaypex
5068,Aerobic Music Workout & Footing Jogging Workout & Dubstep Dj
5083,Aerobics Exercise Music
5086,Aeronave Canal
5087,Aeroplane
5088,Aerosmith
5092,Aes Dana
5094,Aesop Rock
5103,Aetherium
5104,Aevangelist
5105,Aevion
5110,Afasi Filthy
5120,Afficial
5123,Affkt
5125,Affordable Lawn Care
5147,Africa Impact Singers
5173,African Lullaby
5186,Afrika Bambaataa
5187,Afrika Bambaataa & Dynamix II
5191,Afrika Bambaataa & The Soulsonic Force
5194,Afrikan Boy
5204,Afro Fiesta
5209,Afro Maria
5210,Afro Medusa
5222,Afrobeat Makers
5225,Afrojack
5226,Afrojack & Shermanology
5227,Afrojack And Steve Aoki feat. Miss Palmer
5229,Afrojack| Dimitri Vegas| Like Mike and NERVO
5231,Afrojack|THIRTY SECONDS TO MARS
5232,Afrojockers & V1r00z
5235,Afroman
5249,After 7
5257,After Hours
5263,After Romeo
5264,After School
5266,After School| BlackPink| Tara
5268,After The Burial
5277,After10
5289,Afternight Project
5290,Afternight Project(애프터나잇 프로젝트)
5291,Afternoon Acoustic
5297,Afterschool Resistance (放課後レジスタンス)
5301,Afu-Ra
5312,Against Me!
5315,Against the Current
5316,Against the Downpour
5319,Agalloch
5323,Agapornis
5326,Agatha De Co
5341,Ageless Memories
5356,Ager
5374,Aggressor| Ivan Nikusev| Alfoa| Boral Kibil| Breeze & Quadrat| Burak Yildirim| Cristian R| Digital Department
5386,Aglory
5387,Agnaldo Rayol
5389,Agnelli
5395,Agnes Giebel
5397,Agnes J Walker & Damian K
5400,Agnes Obel
5403,Agnese Sojka
5407,Agnetha Faltskog
5428,Agoria
5432,Agraceful
5434,Agresiva
5462,Agua Sin Gas by Antoine Clamaran
5467,Aguero
5488,Ahanu
5490,Ahanu Music for Spa| Massage| Meditation| Tai Chi and Relaxation
5493,Ahanu Tibetan Singing Bowls
5498,Ahh Ooh
5504,Ahli Fiqir
5505,Ahmad Belvin
5507,Ahmad Ebrahimi
5513,Ahmad Jamal
5514,Ahmad Jamal Trio
5533,Ahmed Romel
5534,Ahmed Shabazz
5544,Ahmet Koç
5551,Ahmir & Jason Chen
5552,Ahn Hye Eun(안혜은)
5553,Ahn Hyeon Jeong
5554,Ahn Jae Wook
5559,Ahn Sung-Woo
5560,Ahn Trio
5562,Ahn Ye Eun
5564,Ahn. Byeong Keun
5567,Ahren-B
5568,Ahrix
5579,Ahxello
5580,Ahxello| Lindequist
5585,Ai Fujimori (藤森愛)
5591,Ai Otsuka (大塚愛)
5592,Ai Shinozaki (篠崎愛)
5594,Ai se eu te pego
5601,Aice5
5602,Aicelle Santos
5628,Aiden Dearing
5638,Aidonia
5639,Aidonia 1V
5647,Aijima Cecil & Amakusa Shion
5648,Aijima cecil（CV.Toriumi kousuke） & Amakusa shion-（CV.Yamashita daiki） (愛島セシル（CV.鳥海浩輔）＆天草シオン（CV.山下大輝）)
5654,Aiko
5655,Aiko Aiko
5659,Aiko Noda (のだあぃこ)
5661,Ailee
5662,Ailee feat. Yiruma
5674,Aiman Tino
5676,Aimee Allen
5679,Aimee Mann
5684,Aimer
5695,Ain't I'm A Dog: 25 More Rockabilly Rave-Ups
5702,Aina Brown
5708,Aingea Venuto
5710,Aino
5726,Air
5737,Air Max '97
5740,Air Supply
5743,Air Waves
5749,AirManGirl
5757,Airbourne
5765,Airi
5766,Airi L
5769,Airiel
5772,Airklipz
5779,Airplane! Best Club 2009
5785,Airscape featuring Radboud
5794,Airy Woman & Man 공기남녀
5795,Airy Woman & Man| J n joy 20 &  Taurine 공기남녀 & J n joy 20 & 타우린
5802,Aiseosa Ibude
5810,Aishah
5831,Aiza Seguerra
5851,Ajeet Kaur
5869,Ak'Sent
5883,Akae Beka
5884,Akala
5894,Akasha
5901,Akcent
5906,Akeboshi
5911,Akemi Kakihara (柿原朱美)
5917,Akhenaton
5921,Akhlys
5929,Aki Misato (美郷あき)
5934,Aki Yashiro (八代亜紀)
5939,Akihiro Hirata
5943,Akiko
5949,Akiko Shikata (志方あきこ)
5950,Akiko Suwanai
5953,Akiko Yano (矢野顕子)
5955,Akil Hamilton
5961,Akimbo
5963,Akina Nakamori (中森明菜)
5971,Akinyele
5980,Akira Kosemura (小瀬村晶)
5982,Akira Sakata / Johann Berthling / Paal Nilssen-Love
5983,Akira Senju (千住 明)
5987,Akira Yamaoka
5996,Akitomo.y
6004,Akon
6006,Akon and Matoma
6012,Akphaezya
6021,Akrotheism| Septuagint| Septuagint| Akrotheism
6039,Akuma
6041,Akunin
6061,Al Bairre
6070,Al Bowly
6073,Al Caiola
6076,Al Campbell
6081,Al Casey
6082,Al Castellana
6085,Al Cohn
6087,Al Cohn Quintet
6090,Al Dean
6094,Al Di Meola
6097,Al Di Meola| John McLaughlin| Paco De Lucia
6109,Al Green
6118,Al Hirt
6121,Al Hirt & The Boston Pops Orchestra
6125,Al Jarreau
6129,Al Jolson| Bing Crosby
6139,Al Lewis
6145,Al Martino
6153,Al Peco
6159,Al Rapone And The Zydeco Express
6163,Al Sears| Taft Jordan & Hilton Jefferson
6167,Al Stewart
6186,Al-Crocka
6195,Al2 El Aldeano| Silvito El Libre| Silvito El Libre| Al2 El Aldeano
6205,Alabama
6209,Alabama Shakes
6225,Alain Clark
6234,Alain Heroux
6242,Alain Lemay
6243,Alain Lombard
6244,Alain Lombard/Montserrat Caballe/Jose Carreras/Mirella Freni/Orchestre Philharmonique De Strasbourg
6251,Alain Morisod & Sweet People
6253,Alain Nkossi Konda
6264,Alaina Nelson
6266,Alaina Renae| Izzy A'more| Brianna Terrell| Anthony Arnett
6271,Alamar
6277,Alan
6281,Alan B Jan
6289,Alan Campbell & Glenn Close & Judy Kuhn & George Hearn
6295,Alan Curtis
6304,Alan Farrington Trio
6305,Alan Feinberg
6306,Alan Ferber
6331,Alan Jackson
6347,Alan Menken
6355,Alan Pasqua
6357,Alan Peet
6361,Alan Rinehart
6366,Alan Silvestri
6376,Alan Walker
6385,Alan.Wie
6388,Alana Davis
6389,Alana Estrella
6396,Alandon
6397,Alani Allen
6398,Alani Skye
6399,Alanis Morissette
6404,Alannah Myles
6411,Alas Melody
6422,Alaska Thunderfuck
6425,Alaskan Tapes
6449,Alba del Vals
6453,Alban Berg Quartett
6454,Alban Berg Quartett/Elisabeth Leonskaja/Georg Hortnagel
6458,Alban Gerhardt/Rina Dokshinsky
6463,Albany Symphony Orchestra
6468,Albatroz Singers
6477,Alberd Tanoni
6484,Albert Ayler
6487,Albert Cabrera
6488,Albert Caire Trio
6490,Albert Collins
6496,Albert Fakdawer
6504,Albert Hammond
6505,Albert Hammond Jr.
6506,Albert Hennebel
6511,Albert King
6530,Albert Schweitzer
6542,Albert West
6581,Alberto Iglesias
6602,Alberto Pizzo
6603,Alberto Ponce
6624,Alberto城間with Carlos菅野&拉丁爵士群星會
6645,Alborada
6647,Alborada Flamenca
6653,Albrecht Mayer/Markus Becker
6662,Alcatrazz
6663,Alcazar
6666,Alcest
6693,Alda Rikson & Fiona Xsay
6700,Alden Richards
6701,Alder Maverick
6703,Aldi
6705,Aldina Duarte
6714,Aldo Ciccolini
6722,Aldo Maietti e la sua orchestra
6727,Aldo Romano
6728,Aldo Romano & Joe Lovano
6738,Ale Mora vs Xavi & Gi
6746,Alec Benjamin
6760,Aled Jones
6767,Aleeze
6779,Alejandro Amenabar
6793,Alejandro Fuentes
6798,Alejandro Maldonado
6804,Alejandro Román
6805,Alejandro Sanz
6809,Alejandro de Pinedo
6813,Alejou
6818,Aleks & Eric Gadd
6819,Aleks Syntek
6824,Aleksander With
6827,Aleksandr Kamennyy
6842,Aleksandеr Gorodnitsky (Александр Городницкий)
6847,Aleksey Grudinskiy
6856,Aleksić String Trio
6861,Alela Diane
6875,Alerstorm
6880,Alesana
6882,Alesha Dixon
6883,Alesia
6893,Alessandra Amoroso
6895,Alessandra Celletti
6921,Alessandro Garofani
6925,Alessandro Gwis
6932,Alessandro Safina
6933,Alessandro Scarlatti
6940,Alessandro de Marchi
6944,Alessia
6945,Alessia Cara
6950,Alessio Bax
6952,Alessio Bernabei
6953,Alessio Bidoli
6968,Alessio Vlad
6970,Alessio de Franzoni| Massimo Guerra
6971,Alesso
6972,Alesso & Keane
6975,Alesso|Maroon 5
6981,Alex
6985,Alex & Sierra
6991,Alex Adair
6998,Alex Aiono
7005,Alex Antonelli
7009,Alex Aviño|Carmelo Blanco
7011,Alex B.
7012,Alex B. Groove
7013,Alex Band
7034,Alex Boyd
7036,Alex Boye'
7039,Alex Brans
7045,Alex Bugnon
7046,Alex Calder
7049,Alex Campbell
7058,Alex Clare
7060,Alex Cornell
7077,Alex Da Kid
7098,Alex Ferrari
7114,Alex G & Josh Levi
7115,Alex G & Madilyn Bailey
7116,Alex G & Tiffany Alvord
7121,Alex Gaudino
7123,Alex Gaudino feat. Kelly Rowland
7127,Alex Germys
7132,Alex Goot
7134,Alex Goot & Kurt Schneider
7135,Alex Goot & Madilyn Bailey
7136,Alex Goot & Max Wrye
7137,Alex Goot & Sam Tsui
7138,Alex Goot & Tyler Ward
7139,Alex Goot feat. ATC
7140,Alex Goot feat. Chad Sugg
7141,Alex Goot feat. Chrissy Costanza| Julia Sheer| Luke Conard| Chad Sugg| Miss Glamorazzi| Corey Gray
7142,Alex Goot feat. Corey Gray
7143,Alex Goot feat. Daniel Murphy
7144,Alex Goot feat. Dave Days & Chad Sugg
7145,Alex Goot feat. Eppic
7146,Alex Goot feat. Jake Daniels
7147,Alex Goot feat. James Marshall
7148,Alex Goot feat. Julia Sheer
7149,Alex Goot feat. Kayla Loren
7150,Alex Goot feat. Kurt Hugo Schneider & ATC
7151,Alex Goot feat. Kurt Schneider & Alex G
7152,Alex Goot feat. Kurt Schneider & Chrissy Costanza
7153,Alex Goot feat. Kurt Schneider & Max Wrye
7154,Alex Goot feat. Kurt Schneider & Megan Nicole
7155,Alex Goot feat. Luke Conard & Chad Sugg
7156,Alex Goot feat. Sam Tsui
7157,Alex Goot feat. Tyler Ward
7158,Alex Goot feat. We Are The In Crowd
7159,Alex Goot feat. Will Ferri
7160,Alex Goot feat.Luke Conard & Landon Austin
7161,Alex Goot ft. Luke Conard & Landon Austin
7163,Alex Goot| Sam Tsui| Tyler Ward & Kurt Schneider
7164,Alex Goot| Tiffany Alvord & Luke Conard
7167,Alex Gray & St. Philip Feat. Sonny
7173,Alex Guerrero & David Medina
7176,Alex H
7183,Alex Hepburn
7185,Alex Holmes
7189,Alex Izenberg
7193,Alex John
7200,Alex Kappler
7215,Alex Leavon
7217,Alex Lloyd
7220,Alex Lu
7222,Alex Lynch
7227,Alex M.O.R.P.H.| Aimoon
7229,Alex M.O.R.P.H.| Paul van Dyk
7238,Alex Mattson
7240,Alex Max Band
7241,Alex Maxwell
7249,Alex Metric
7250,Alex Metric & Charli XCX
7254,Alex Midi
7268,Alex Newell
7270,Alex Newell| Jess Glynne| DJ Cassidy
7274,Alex Nixon
7286,Alex Palmieri
7290,Alex Parks
7296,Alex Perez
7304,Alex Price
7315,Alex Reece
7318,Alex Rider - Operation Stormbreaker
7335,Alex Schulz
7336,Alex Sellens
7352,Alex Sipiagin
7355,Alex Skrindo & Stahl!
7356,Alex Skrindo feat. Axol
7358,Alex Smoke
7359,Alex Somers
7360,Alex Sonata
7361,Alex Sonata feat. LJ Ayrten
7364,Alex Sparrow
7380,Alex Turner
7382,Alex Ubago
7388,Alex Velea
7400,Alex Wiley feat. Kembe X| Alex Wiley
7402,Alex Winston
7406,Alex Young
7414,Alex de Grassi
7415,Alex de Guirior
7421,Alex&Park Sae Yeong(알렉스 & 박세영)
7429,Alexa Carter
7432,Alexa Goddard
7438,Alexander
7445,Alexander Afanasyev
7450,Alexander Bakhchiev | Elena Sorokina
7456,Alexander Brown
7458,Alexander Brown feat. Siff
7484,Alexander Glez
7496,Alexander Kniazev
7502,Alexander Lazarev
7504,Alexander Lazarev and the Bolshoi Symphony Orchestra
7505,Alexander Lewis
7510,Alexander Markov
7511,Alexander Markov & Alexander Markovitch
7518,Alexander O'Neal
7525,Alexander Popov
7527,Alexander Popov| Christian Burns
7528,Alexander Popov| Jonathan Mendelsohn
7532,Alexander Remus
7550,Alexander Spit
7566,Alexander Volosnikov
7576,Alexander von Schlippenbach| Axel Dörner| Rudi Mahall| Jan Roder & Uli Jennessen
7590,Alexandra Burke
7601,Alexandra Martin
7606,Alexandra Stan
7608,Alexandra Stone
7612,Alexandre
7613,Alexandre Azaria
7614,Alexandre Belliard
7615,Alexandre Bergheau
7622,Alexandre Desplat
7623,Alexandre Desplat| Aaron Zigman
7624,Alexandre Desplat| Meryl Streep
7641,Alexandre Tharaud
7642,Alexandre Tharaud/Jean Delescluse/Juliette/Bénabar/Guillaume Gallienne/Frank Braley/Natalie Dessay/Madeleine Peyroux
7649,Alexandro Deianira| Zahima Aramian| Christian Bennet
7664,Alexdoparis
7676,Alexey Grakowsky
7690,Alexi Blue
7691,Alexi Delano
7692,Alexi Murdoch
7693,Alexi Von Guggenberg
7700,Alexis & Fido
7705,Alexis Bell
7708,Alexis Cardenas
7713,Alexis Cuadrado
7720,Alexis Jordan
7729,Alexis Penney
7733,Alexis Spight
7737,Alexis Weissenberg
7741,Alexisonfire
7748,Alexx V
7767,Alfia Yussupova
7769,Alfie
7771,Alfie Boe
7780,Alfoa| AquAdro| Breeze & Quadrat| Deep D| Sofin| Digital Department| Feri| Hells Kitchen| Hypnotic Duo| Lautaro Varela| Mattam| Number9| Pignose Guys| Shock Osugi| Submantra| Tolga Diler
7781,Alfoa| AquAdro| Breeze & Quadrat| Digital Department| Feri| Hypnotic Duo| Lautaro Varela| Mattam| Number9| Pignose Guys| Shock Osugi| Submantra| Tolga Diler
7787,Alfons
7788,Alfons Kade
7790,Alfonso
7820,Alfred Cortot
7825,Alfred Deller
7828,Alfred Deller and the Deller Consort
7835,Alfred James Band
7839,Alfred Newman Orchestra
7846,Alfred Taylor
7881,Ali
7888,Ali Akbar Khan
7898,Ali Brustofski
7901,Ali Caldwell
7914,Ali Kaya
7953,Alias
7966,Alice
7968,Alice (Alice)
7969,Alice Ader
7977,Alice Coltrane
7978,Alice Cooper
7983,Alice Dona
7986,Alice Faye
7988,Alice Francis
7991,Alice Gold
7994,Alice In Chains
7995,Alice In Wonderland
7996,Alice In Wonderland Original Soundtrack
7997,Alice Jemima
7998,Alice Kristiansen
8001,Alice Lewis
8009,Alice Nine
8017,Alice Russell
8018,Alice Sara Ott (アリス＝紗良・オット)
8021,Alice Sara Ott|Ólafur Arnalds
8023,Alice Smile
8024,Alice Smith
8032,Alice White(엘리스 화이트)
8038,Alice on the roof
8042,Alicia Keys
8043,Alicia Keys featuring Drake
8044,Alicia Keys featuring Ludacris
8045,Alicia Keys featuring Nicki Minaj
8047,Alicia Morton| Kathy Bates| Victor Garber| Audra McDonald| Cast
8049,Alicia Olatuja
8057,Alicia de Larrocha
8062,Alida
8067,Alien Ant Farm
8073,Alien Cut
8075,Alien Cut| Dino Brown
8090,Alien Zed
8116,Alina Baraz & Galimatias
8119,Alina Eremia
8136,Alioth & Friedrich
8139,Alirio Diaz
8142,Alisa Mon
8145,Alisa Weilerstein
8146,Alisa Weilerstein| Inon Barnatan
8161,Alison Balsom
8167,Alison Gilbert
8170,Alison Krauss
8171,Alison Krauss & The Cox Family
8173,Alison Lewis
8175,Alison Moyet
8178,Alison Stephens| Sue Mossop
8183,Alison Wonderland
8197,Alive
8204,Alive in the Dark
8206,Alivor
8219,Alizee
8230,Alkalino| Epitacius
8231,Alkalino| Lemon Mint
8236,Alkilados
8248,All 4 Kids
8251,All About Love
8252,All About Love Vol.2
8260,All American Karaoke
8261,All Angels
8263,All B
8276,All Ends
8277,All For Love
8283,All Gone Pete Tong & Skream Miami 2013
8284,All Good Funk Alliance
8287,All Hits Gold
8288,All Hits Singles
8291,All I Want for Christmas Is You
8297,All I want for Christmas is you & Christmas Classics Collection & best christmas songs
8300,All India Radio
8315,All Night House Party
8316,All Night Long
8321,All Night Sleeping Songs to Help You Relax| Deep Sleep| deep sleep music club
8324,All Of You
8325,All Of You I Give
8327,All Out 70s
8331,All Saints
8346,All Star Party Squad
8349,All Star Urban Mixers
8351,All Stars Orchestra
8353,All That Jazz
8354,All That Remains
8357,All The Luck In The World
8359,All The Young
8362,All Things New
8366,All Time Low
8370,All Tvvins
8371,All We Are
8376,All You Need is Love
8381,All of Me (All of Me)
8385,All the Little Things
8388,All-4-One
8397,All-Star Sexy Players
8399,All-Star Sexy Players| Sexy Jazz Music| Smooth Jazz Sexy Songs
8405,AllWorldX
8412,Allah-Las
8417,Allan Caswell
8418,Allan Denny
8439,Allday
8440,Alle Farben
8442,Alle Farben feat. Graham Candy
8443,Alle Farben feat. Lowell
8456,Allegrow
8457,Allegrow(알레그로)
8462,Allen & Envy| Linnea Schossow
8469,Allen Hoist
8475,Allen Stone
8477,Allen Toussaint
8480,Allen Watts
8481,Allen Williams
8490,Allexinno| Starchild
8494,Allez! On Danse Alors - 50 French Sax Club Hits
8496,Alli Simpson
8507,Allie X
8514,Allison Durbin
8518,Allison Iraheta
8521,Allison Moorer
8531,Allo Darlin'
8541,Allovers
8543,AllsGlass
8545,Allstar Weekend
8551,Allure
8563,Ally Kerr
8564,Ally McBeal (Television Soundtrack)
8574,Alma
8589,Almanac
8596,Almazian Pop Symphony
8620,Aloe Blacc
8621,Aloe Blacc X David Correy
8623,Aloha
8626,Alok
8633,Alok| Liu
8634,Alok| Sevenn
8642,Alone
8659,Alonzo
8673,Alpachino
8682,Alpha
8684,Alpha (アルファ)
8706,Alpha Romeo
8709,Alpha Traxx
8711,Alpha Wave Movement
8716,AlphaBAT
8720,Alphabeat
8729,Alphanaut
8730,Alpharock
8731,Alpharock & Vida
8732,Alpharock and JAGGS
8735,Alphaville
8744,Alphonze Mouzon
8746,Alpine
8764,Alsfelder Vokalensemble Bremen| Wolfgang Helbich
8769,Alston
8781,Altar Of Plagues
8782,Altarage
8790,Alter Amistic
8791,Alter Bridge
8801,Altered Natives
8811,Alternative & Rock
8813,Alternative Chillout Orchestra
8815,Alternative Jazz Lounge
8828,Althea And Donna
8840,Altiyan Childs
8845,Alton Squad
8857,Alucidnation
8862,Alunageorge
8868,Alva Noto + Ryuichi Sakamoto
8869,Alvan
8870,Alvar & Millas
8872,Alvaro
8875,Alvaro Arroyo
8877,Alvaro Corz
8878,Alvaro Estrella
8887,Alvaro Soler
8899,Alvin And The Chipmunks
8911,Alvin Risk
8917,Alvita
8918,Alvvays
8922,Always On Top
8926,Alwiz
8932,Aly & A.J.
8933,Aly & AJ
8934,Aly & Fila
8935,Aly & Fila feat. Ever Burn
8936,Aly & Fila with Ferry Tayle
8937,Aly & Fila with SkyPatrol feat. Sue McLaren
8938,Aly & Fila| Standerwick & Bjorn Akesson
8950,Alycia A
8960,Alyson Stoner
8961,Alyson Stoner & MAX
8969,Alyssa Bonagura
8980,Alyssa Poppin
8981,Alyssa Reid
8983,Alyssa Shouse
8988,Alyxx Dione
8989,Alyxx Dione feat. Jason Derulo
8990,Alyze Elyse
9011,Amadeus
9018,Amadeus The Stampede
9020,Amadou & Mariam
9034,Amalia Rodrigues
9040,Amamiya Sora(雨宮天)
9041,Amampondo
9052,Amanda
9057,Amanda Björkegren
9065,Amanda Faith
9066,Amanda Fondell
9070,Amanda Hagel
9075,Amanda Jenssen
9077,Amanda Jo Williams
9082,Amanda Lepore
9084,Amanda Lynette McKenna
9085,Amanda Mair
9087,Amanda Marshall
9088,Amanda McBroom
9090,Amanda Montone| Seth Sealfon
9096,Amanda Perez
9103,Amanda Shires
9116,Amandine Bourgeois
9123,Amannda featuring Tommy Love
9134,Amara
9136,Amaral
9137,Amaranthe
9153,Amason
9157,Amateur Dance
9161,Amathus Mega Dance Hits - Best of Dance| House| Electro| Trance & Techno Music
9166,Amatorski
9177,Amazing Grace
9178,Amazing Grace Praise Team
9185,Amazing Voice Collection
9188,Amazon Mist
9192,Amba Shepherd
9201,Amber
9207,Amber Coffman
9220,Amber Quinteiro
9225,Amber Run
9230,Amberian Dawn
9235,Ambience Saxophone
9243,Ambient Filter Deep Dive One
9246,Ambient Lounge All Stars & The Sexy Lounge House & Karma Zoo
9261,Ambient Music Therapy (Deep Sleep| Meditation| Spa| Healing| Relaxation) & Spa & Spa & Zen Spa Specialists
9278,Ambiente|Café Chillout Music Club|Chill Out Del Mar
9280,Ambition
9292,Ambrose Akinmusire
9293,Ambrosia
9298,Ambrozia
9312,Amel Bent
9313,Amel Larrieux
9317,Amelia Curran
9322,Amelia Lily
9325,Amelia System
9328,Amelie
9331,Amely
9335,Amen Dunes
9346,America
9354,American Authors
9360,American Carol Community
9364,American Country Hits
9367,American Country Hits|Country Love
9369,American Country Hits|Country Music|The Country Music Heroes
9381,American Football
9387,American Hi-Fi
9391,American Horror Story Cast
9393,American Idol
9394,American Idol Greatest Hits
9397,American Idol Top 13 Season 10
9402,American Juniors
9404,American Lullaby
9406,American Music Club
9418,American Reunion
9433,American Werewolves
9439,Amerie
9440,Ameriie
9441,Ameriko Nunez| Ruben Abreu
9444,Ameritz - Karaoke
9445,Ameritz - Music
9446,Ameritz - Tribute
9447,Ameritz Audio Karaoke
9449,Ameritz Countdown Karaoke
9450,Ameritz Countdown Tributes
9451,Ameritz Digital Karaoke
9453,Ameritz Indian Karaoke
9454,Ameritz Karaoke Band
9456,Ameritz Karaoke Club
9460,Ameritz Karaoke Entertainment
9462,Ameritz Karaoke Hits
9464,Ameritz Karaoke Latino
9465,Ameritz Karaoke Party
9466,Ameritz Karaoke Planet
9467,Ameritz Karaoke Português
9468,Ameritz Karaoke Standards
9469,Ameritz Karaoke Tracks
9472,Ameritz Kids Club
9473,Ameritz Sound Effects
9475,Ameritz Spanish Karaoke
9476,Ameritz Top Tracks
9477,Ameritz Tracks Planet
9479,Ameritz Tribute Club
9480,Ameritz Tribute Crew
9481,Ameritz Tribute Standards
9482,Ameritz Tribute Tracks
9483,Ameritz日本人カラオケ
9489,Ames Brothers
9490,Amesoeurs
9495,Amethystium
9506,Ami Hirai (平井あみ)
9510,Ami Saraiya And The Outcome
9511,Ami Suzuki (鈴木亜美)
9513,Ami Wajima (和島あみ)
9515,Amici Forever
9520,Amiel
9526,Amii Stewart
9543,Amina Figarova
9546,Aminata
9550,Amine
9553,Amine Bouhafa
9558,Aminé
9559,Amir
9568,Amir ElSaffar
9572,Amir Hussain
9573,Amir Hussain & Robert Nickson
9585,Amira Willighagen
9597,Amit Saxena
9609,Amkay
9610,Amkay| Minimal Groove
9628,Amnesia Scanner
9631,Amnesia| BrightBlast| Buzzjaniels| Cristian Agrillo| Denny Denpal| Dj Angry-Sailor| DJ Dimaf| DJ Di Mikelis| DJ Emil Tunes| DJ F Sar| DJ I. GlazkoV| DJ Ja-Lambo| DJ Kobr@| DJ Maru| DJ Melodic| Mr. DJ Monj| DJ Mylnikov Dmitriy| DJ Nikita Noskow| DJ Roma N
9632,Amninder Dosanjh
9635,Amoi-Amoi
9641,Amon Tobin
9649,Among the Thirsty
9660,Amore
9670,Amos Hoffman
9671,Amos Lee
9672,Amos Milburn
9673,Amour
9679,Amp Republic
9706,Ampouailh
9711,Amr Diab
9719,Amrit Kohli
9727,Amrywiol / Various Artists
9732,Amsterdam Dance Sound Band
9735,Amsterdam Klezmer Band
9741,Amuka
9745,Amusement Parks On Fire
9747,Amy Adams
9757,Amy Chang
9762,Amy Cunningham
9764,Amy Dickson
9769,Amy Grant
9779,Amy Lauren
9785,Amy Macdonald
9790,Amy McConnell| William Sperandei
9792,Amy Millan
9797,Amy Pearson
9798,Amy Petty
9804,Amy Rose
9807,Amy Shark
9813,Amy Stroup
9817,Amy Virginia| Anna Louise
9820,Amy Weber
9823,Amy Winehouse
9824,Amy Wood
9837,América Sierra
9841,An Affair Original Soundtrack
9853,An Evening With Alan Jay Lerner
9855,An Horse
9859,An Original Soundtrack Recording The Sound Of Music
9861,An PierlÃ©
9864,An Ye Seul
9873,AnJu
9878,AnTH
9891,Ana Caram
9892,Ana Carolina
9898,Ana Free
9917,Ana María Iriarte
9919,Ana Mena
9921,Ana Nóbrega
9930,Ana Sofia Varela
9933,Ana Torroja
9934,Ana Torroja y Miguel Bose
9936,Ana Victoria
9945,Anabel Englund|Human Life
9949,Anaconda
9972,Anakelly
9982,Analog
9986,Analog People
9991,Analog TAG
9993,Analogic
10001,Anamanaguchi
10008,Anand Clique
10016,Ananda Project
10018,Ananda Shankar
10022,Anandmurti Gurumaa
10023,Anando
10027,Anansi
10036,Anassane
10037,Anastacia
10041,Anastasia
10053,Anata
10054,Anata no Senaka de Tsumetogi Tai
10056,Anathema
10077,Anberlin
10085,Anchor Deep
10095,Ancient Bards
10125,Anda
10129,Andain
10136,Andelus Ensemble
10140,Andero & Nectum
10152,Anders Holte
10156,Anders Lind
10158,Anders Nilsen
10168,Anderson .Paak
10172,Anderson East
10176,Andersons
10180,Andhim
10184,Andi Neate
10188,Andi Young
10190,Andie Case
10191,Andie Case feat. Our Last Night
10207,Andra
10209,Andra Day
10214,Andras Schiff
10216,Andras Schiff| Bernard Haitink And Staatskapelle Dresden
10226,Andre Cluytens
10227,Andre Cluytens/Victoria De Los Angeles/Chicago Symphony Orchestra/Carlo Maria Giulini/Remy Corazza/Nicolai Gedda/Bernard Cottret/Roger Soyer/Xavier Depraz/Choeurs Rene Duclos/Orchestre De La Societe Des Concerts Du Conservatoire/Ernest Blanc
10232,Andre Foxxe & The Psychedelic Ghetto Pimpz
10233,Andre Gazolla & Gioc
10247,Andre Jolivet
10249,Andre Kostelanetz & His Orchestra
10261,Andre Navarra
10265,Andre Nickatina
10269,Andre Ola
10275,Andre Previn/Ida Haendel/Douglas Cummings/London Symphony Orchestra
10276,Andre Previn/London Symphony Orchestra
10278,Andre Previn| Andre Kostelanetz and His Orchestra
10290,Andre Watts
10308,Andrea Bacchetti
10312,Andrea Begley
10313,Andrea Belli
10315,Andrea Belluzzi
10320,Andrea Bocelli
10335,Andrea Cardillo
10345,Andrea Coleman
10347,Andrea Corr
10370,Andrea Galassini
10377,Andrea Grazzia
10404,Andrea Marchini
10407,Andrea Marcon|Venice Baroque Orchestra
10418,Andrea Mora| Jazz Trio
10436,Andrea Roma
10451,Andrea T Mendoza| Alex Avenue
10452,Andrea Taeggi
10456,Andrea Thiele
10462,Andrea Vitalia LeClaire
10469,Andreas
10477,Andreas Bourani
10484,Andreas Gabalier
10491,Andreas Groethuysen| Andreas Haefliger| Artis String Quartet| Bo Skovhus| Bruno Weil| Ensemble Wien-Berlin| Yaara Tal
10501,Andreas Kümmert
10509,Andreas Moe
10513,Andreas Ottensamer
10525,Andreas Staier
10534,Andree Right Hand
10536,Andreea Balan
10538,Andreea Banica
10547,Andrei Gavrilov
10548,Andrei Gavrilov/Academy of St Martin-in-the-Fields/Sir Neville Marriner
10563,Andrei Yeh
10583,Andres Espinosa
10591,Andres Sanchez| Michael Kaelios| Spanish Armada
10593,Andres Segovia
10604,Andrew
10608,Andrew Allen
10609,Andrew Applepie
10613,Andrew Bayer
10618,Andrew Belle
10621,Andrew Bird
10624,Andrew Boss
10631,Andrew Chen
10632,Andrew Choi
10641,Andrew Davis
10647,Andrew Donovan
10660,Andrew Espiritu
10669,Andrew Garcia
10672,Andrew Gold
10683,Andrew Hewitt
10685,Andrew Hill
10687,Andrew Holdsworth
10690,Andrew Howard
10699,Andrew Johnston
10703,Andrew Kawczynski|Steve Mazzaro|Hans Zimmer
10717,Andrew Lloyd Webber
10719,Andrew Lockington
10722,Andrew Maginley/Lute
10730,Andrew McMahon in the Wilderness
10745,Andrew Parrott/Taverner Choir/Taverner Consort/Taverner Players/Dame Emma Kirkby/Nigel Rogers/Rogers Covey-Crump/David Thomas
10746,Andrew Parrott/Taverner Choir/Taverner Players
10754,Andrew Peterson
10764,Andrew Rayel
10765,Andrew Rayel & Alexander Popov
10766,Andrew Rayel & Mark Sixma
10767,Andrew Rayel feat. Jonathan Mendelsohn
10768,Andrew Rayel feat. Jonny Rose
10769,Andrew Rayel| Digital X
10770,Andrew Rayel| Jochen Miller
10775,Andrew Ripp
10777,Andrew Roachford
10780,Andrew Sawyer
10784,Andrew See
10803,Andrew Valentine
10818,Andrew w.k.
10826,Andrey Brandl
10852,Andrey Zoubkov
10853,Andreya Triana
10868,Android 80
10872,Androma
10890,András Schiff| Peter Schmidl| Günter Högner
10896,András Schiff|Sándor Végh|Camerata Academica des Mozarteums Salzburg
10899,Andrè Previn and His Pals
10912,André Claveau
10914,André Dziezuk
10917,André Gagnon
10932,André Paste
10933,André Previn
10936,André Previn/London Symphony Orchestra
10947,André Previn|Gil Shaham|London Symphony Orchestra
10953,André Rieu
10954,André Rieu| Johann Strauss Orchestra
10967,Andréel
10981,Andup
10985,Andy & Lucas
10988,Andy Allo
11004,Andy Black
11022,Andy Caldwell
11023,Andy Caldwell & Michael Teixeira
11025,Andy Caldwell| Bass Kleph
11037,Andy Duguid
11038,Andy Duguid & Jaren
11042,Andy Fay
11053,Andy Gibb
11054,Andy Grammer
11063,Andy Hopping
11064,Andy Hull| Robert McDowell
11065,Andy Hunter
11071,Andy Jay Powell
11076,Andy Kim
11078,Andy Kong
11093,Andy Mason
11097,Andy McKee
11103,Andy Mineo
11106,Andy Moor
11121,Andy Pitch
11123,Andy Pitch| DJ Chick| Master Fale| Robert Babicz| Marco Barci| Dj Agola| Alessandro Pess| Flagman Djs| Mess Me| Daviddance| Lee Bradley| Salvo Dj Nurchis| Joe Dominguez| Micon| TLGC| Ilya Vetrov| Ion P.| David Sichinawa| Ween Ween
11155,Andy Shauf
11156,Andy Sheppard| Christophe Marguet| Guillaume de Chassy
11173,Andy Timmons
11174,Andy Timmons Band
11183,Andy Votel
11184,Andy Wanted
11186,Andy Williams
11196,AndyA47
11206,Ane Brun
11227,Anevo
11237,Ange Roses (Ange†Roses)
11238,Angel
11265,Angel Eyes
11274,Angel Haze
11287,Angel MaMA Story Teller
11292,Angel Olsen
11304,Angel Taylor
11306,Angel Vivaldi
11307,Angel Voice 1
11308,Angel Voice Collection
11310,Angel Y Khriz
11312,Angel's Voice
11318,Angela Aki (アンジェラ・アキ)
11320,Angela Bofill
11326,Angela Gheorghiu
11328,Angela Gheorghiu/Jeff Cohen
11340,Angela McCluskey
11353,Angela Van Carlos
11356,Angelababy Lin Xue Fen 林雪芬
11374,Angelight
11386,Angelina Jordan
11393,Angeline Wong 黄晓凤
11394,Angelino Loren
11395,Angelique Kidjo
11404,Angelo Badalamenti
11414,Angelo Dore
11421,Angelo Gallo Trio
11429,Angelo Milli
11430,Angelo Mota
11441,Angelous
11442,Angels
11443,Angels & Demons
11445,Angels And Demons
11446,Angels In America
11449,Angels Of Relaxation
11450,Angels Of Venice
11452,Angels and Airwaves
11454,Angels of Light
11460,Angemi
11472,Angger Dimas| South Central
11474,Anggun
11482,Angie Hart
11484,Angie Johnson
11488,Angie Stone
11491,Angist
11495,Anglee & MYK(앙리 & 엠와이케이)
11496,Anglee(앙리)
11498,Angles Gospel Singers Watoto
11505,Angry Candy
11510,Angus & Julia Stone
11513,Angus Stone
11514,Angus| Thongs and Perfect Snogging (OST)
11515,Angy
11518,Angèle Dubeau & La Pietà
11532,Ani DiFranco
11536,Ania
11561,Anika Nilles
11562,Anikdote
11576,Anima!
11580,Animal
11584,Animal Collective
11600,Animals
11601,Animals As Leaders
11606,Anime De Japan
11607,Anime Kei
11612,Anime Song Japan! Hot Melodies (アニメソン・ジャパン♪ ホット・メロディーズ)
11613,Anime That Jazz
11623,Anirban Jee
11631,Anish Sharma
11637,Anita Anderson
11639,Anita Baker
11644,Anita Day
11645,Anita Eccleston
11660,Anita O' Day
11661,Anita O'Day
11668,Anita Ward
11672,Anitta
11677,Anja Harteros| Jonas Kaufmann| Orchestra e Coro dell’Accademia Nazionale di Santa Cecilia| Antonio Pappano
11679,Anja Nissen
11683,Anja Thauer| Czech Philharmonic Orchestra| Zdenek Macal| Jean Françaix
11688,Anjali World
11694,Anjelcity2
11697,Anjey
11704,Anjulie
11706,Anjunabeats Club Mixes
11708,Anjunabeats In Ibiza 2012
11710,Anjunabeats Remixes Collection
11712,Anjunabeats The Yearbook 2012
11713,Anjunabeats Vocal Trance
11714,Anjunabeats Worldwide
11715,Anjunabeats pres. Andrew Bayer 01
11716,Anjunabeats pres. Maor Levi
11717,Anjunadeep
11719,Anjunadeep Chilled Collection
11720,Anjunadeep In Ibiza 2012
11721,Anjunadeep Lost Classics
11723,Anjunadeep The Yearbook 2012
11730,Ankerstjerne| Burhan G
11739,Anly
11773,Ann Sally
11774,Ann Sophie
11784,Ann-Margret
11790,Anna Abreu
11791,Anna Abreu feat. Redrama
11809,Anna Clendening
11822,Anna Fedorova| Anastasia Kobekina
11830,Anna Gramm
11839,Anna Karenina O.S.T.
11841,Anna Kendrick
11853,Anna Lucia Richter
11854,Anna Luna
11865,Anna Maria Jopek
11871,Anna Meredith
11879,Anna Naklab
11880,Anna Nalick
11884,Anna Netrebko
11885,Anna Netrebko| Orchestra dell'Accademia Nazionale di Santa Cecilia| Antonio Pappano
11892,Anna Netrebko|Gianandrea Noseda|Orchestra del Teatro Regio di Torino
11898,Anna Of The North
11910,Anna Rossinelli
11912,Anna Schulze
11920,Anna Tatangelo
11921,Anna Ternheim
11947,Annabel
11948,Annabel Jones
11962,Annalisa Tornfelt
11966,Annandale
11972,Anne Akiko Meyers
11976,Anne Briggs
11982,Anne Curtis
11984,Anne Dudley
11987,Anne Grete
12006,Anne Murray
12009,Anne Queffelec
12011,Anne Queffelec and Imogen Cooper
12027,Anne Trenning
12031,Anne-Caroline Alba
12037,Anne-Marie
12042,Anne-Sophie Mutter
12045,Anneke Grönloh
12052,Anneleen Lenaerts
12053,Anneleen Lenaerts| Dionysis Grammenos
12054,Anneli Drecker
12058,Anneliese Nissen [Artist]| Denes Zsigmondy [Artist]| Niccoló Paganini [Writer]
12071,Anner Bylsma
12072,Anner Bylsma/Malcolm Bilson
12073,Anner Bylsma/Orchestra Of The Age Of Enlightenment/Gustav Leonhardt
12074,Annes
12076,Annett Louisan
12100,Annie
12119,Annie Lennox
12127,Annie Ross
12128,Annie Royer
12134,Annihilator
12136,Annika
12151,Annsofi Pettersen
12154,Annuals
12162,Annyeongbada
12163,Annâme
12170,Anointed
12175,Anomalous
12196,Another Level
12203,Another Sunny Day
12206,Anouk
12210,Anoushka Shankar
12211,Anoushka Shankar and Karsh Kale feat. Sting
12219,Ansel Elgort
12221,Anselmo Ralph
12223,Ansley Allen
12226,Ansolo
12227,Ansolo| Special Features
12237,Answer Code Request
12243,Ant Banks
12268,Antal Doráti|Royal Philharmonic Orchestra|Sean Connery
12285,Anterior
12287,Anteros
12291,Anthem Lights
12292,Anthem Mixed Up
12303,Anthony
12314,Anthony B
12321,Anthony Brown & group therAPy
12323,Anthony Burger
12327,Anthony Callea
12333,Anthony D'Amato
12338,Anthony Flammia
12340,Anthony Floyd
12346,Anthony Green
12349,Anthony Hamilton
12355,Anthony Jasmin
12360,Anthony Kalabretta
12365,Anthony Louis
12378,Anthony Phillips
12386,Anthony Russo
12395,Anthony Stoops
12400,Anthony Valadez
12404,Anthony Ventura
12413,Anthrax
12421,Anti-Flag
12439,Antics Beat| Plastik Mnml
12444,Antiform
12445,Antigone
12447,Antigoni Goni
12474,Antiskeptic
12478,Antix
12488,Antoine Barry
12498,Antoine Clamaran
12524,Anton Bruckner
12529,Anton Ewald
12535,Anton Ishutin
12537,Anton Karas
12541,Anton Krinitsin
12546,Anton Nanut| Radio Symphony Orchestra Ljubljana
12572,Antonella Lo Coco
12579,Antonello Venditti
12584,Antoni Polikizo
12587,Antonia Lucas
12588,Antonia Tyrol
12593,Antonin Dvorak
12598,Antonino
12613,Antonio Amaya
12621,Antonio Barullo
12628,Antonio Carlos Jobim
12636,Antonio De Lucena
12642,Antonio Ferrera
12648,Antonio Janigro
12649,Antonio José
12665,Antonio Morina Gallerio
12666,Antonio Morph Carassi
12673,Antonio Orozco
12678,Antonio Pappano
12679,Antonio Pappano/Orchestra dell' Accademia Nazionale di Santa Cecilia
12681,Antonio Pappano/Roberto Alagna/Angela Gheorghiu
12682,Antonio Pinto
12690,Antonio Reyes| Diego Del Morao
12692,Antonio Rugolo
12699,Antonio Summa| Ester| Lorenzetti
12700,Antonio Sánchez
12704,Antonio Torres Olmo
12705,Antonio Vega
12707,Antonio Vivaldi
12708,Antonio Vivaldi: The Four Seasons
12719,Antonio Vivaldi|J.S. Bach|Handel
12721,Antonio Zambujo
12728,Antonique Smith
12735,Antony & Cleopatra
12737,Antony & The Johnsons
12749,Antony Santos
12759,Antranig
12762,Ants
12765,Antt Beatz
12768,Antti Railio
12780,António Mão de Ferro
12787,Anu Malik
12795,Anuhea
12810,Anushka
12813,Anvil
12819,Anxo Pérez
12821,Any Given Day
12829,Anya Marina
12851,Anzen Unten Committee
12852,Anzenchitai (安全地帯)
12854,Anzhelika Varum
12868,Ao Maestro com Carinho - Um Tributo a Tom Jobim
12874,Aoi Teshima (手嶌葵)
12875,Aoi Yuuki (悠木 碧)
12881,AoneSick DaBiz
12883,Aosoth
12885,Aoto Kei (アオトケイ)
12888,Apache
12892,Apache Indian
12904,Apashe
12909,Apathy
12913,Ape Drums
12922,Aperture Science Psychoacoustic Laboratories
12935,Aphex Twin
12943,Apink
12954,Apocalyptica
12956,Apocalyptica featuring Adam Gontier of Three Days Grace
12958,Apocalypto
12962,ApollO
12966,Apollo 440
12970,Apollo Brown
12971,Apollo Brown| Skyzoo
12972,Apollo Electric
12978,Apollo Sun
12986,Apollo5
12992,ApologetiX
13018,Appetizer
13036,Applescal
13037,Appleton
13043,Approaching Nirvana
13050,April 2nd
13063,April Smith and the Great Picture Show
13067,April Wine
13076,Apster
13083,Aqua
13088,Aqua Stone
13089,Aqua Timez
13092,Aquagen
13097,Aqualung
13098,Aquanote
13110,Aquibird
13112,Aquile
13115,Aquilo
13116,Aquinaee
13137,Arabesque
13142,Arabic Belly Dance Group
13151,Arad
13169,Aranda
13170,Arang
13174,Arash
13196,Arc North| Krista Marina
13199,Arca
13201,Arcade Fire
13207,Arcadi Volodos
13208,Arcadi Volodos| Berlin Philharmonic Orchestra| James Levine
13211,Arcadia Trio
13225,Arcangelo Corelli
13230,Arch Enemy
13239,Archgoat
13244,Archie Bell & The Drells
13257,Archie Shepp
13261,Archimède
13263,Architechs
13265,Architects
13267,Architecture In Helsinki
13272,Archive
13275,Archivo Sonoro de Televisión
13279,Archy Marshall
13284,Arco Iris
13286,Arctic Lake
13287,Arctic Monkeys
13289,Arctic Moon
13292,Arctic Sounds Dj
13293,Arctic String Quartet
13298,Arden Cho
13309,Are You Lonesome Tonight? - Original London Cast
13316,Area 11
13318,Area21
13329,Aretha Franklin
13334,Aretha Franklin| Gloria Gaynor
13335,Aretha Franklin| The Ray Bryant Combo
13341,Argema
13347,Argentine Tango Orchestra
13349,Argento vivo
13351,Arghoslent
13357,Argon Riffer
13371,Ari Hest
13372,Ari Hoenig
13375,Ari Kyle & Audioscape featuring Simon Latham
13379,AriAna
13380,Aria
13383,Aria Taylor
13390,Ariana & The Rose
13392,Ariana Azalea
13396,Ariana Grande
13398,Ariana Grande|Nicki Minaj|Jessie J
13406,Ariane Moffatt
13413,Arianna featuring Pitbull
13414,Arianna| Flo Rida
13419,Arie
13426,Ariel Camacho y Los Plebes del Rancho| Ariel Camacho Y Los Plebes del Rancho
13431,Ariel Pink
13433,Ariel Pink| Weyes Blood
13458,Arigatou
13459,Arijit Singh
13467,Aril Brikha
13472,Arinda Egberts| Leon Koppelman| Gerrit Knikker
13473,Arion
13481,Arisen Flame
13487,Ariya
13499,Arjun
13544,Arkona
13560,Arling & Cameron
13564,Arlo Guthrie
13580,Arman Cekin
13581,Arman Cekin| Ellusive
13585,Armand Amar
13592,Armand Pena & Crystal Waters
13593,Armand Van Helden
13597,Armanda Desidery
13610,Armando Rincon
13619,Armani DePaul
13641,Armik
13642,Armin
13643,Armin Egger
13646,Armin Kuil
13652,Armin van Buuren
13653,Armin van Buuren & Andrew Rayel
13655,Armin van Buuren & Mark Sixma
13656,Armin van Buuren & Mr. Probz
13658,Armin van Buuren & W&W
13659,Armin van Buuren feat. Adam Young
13661,Armin van Buuren feat. Cimo Fränkel
13662,Armin van Buuren feat. Cindy Alma
13667,Armin van Buuren feat. Mr. Probz
13668,Armin van Buuren feat. Rock Mafia
13669,Armin van Buuren feat. Sharon den Adel
13670,Armin van Buuren feat. Trevor Guthrie
13671,Armin van Buuren featuring Sharon Den Adel
13675,Armin van Buuren| BT| Aly & Fila| Kyau & Albert| Omnia
13677,Armin van Buuren| Dash Berlin| John O'Callaghan| Arty & Ørjan Nilsen
13679,Armin van Buuren| Garibay
13680,Armin van Buuren| Human Resource
13681,Armin van Buuren| Orjan Nilsen
13684,Armin van Buuren| Rising Star
13687,Armin van Buuren| Vini Vici
13688,Armin van Buuren| W&W
13690,Armnhmr
13709,Armsbendback
13733,Arnaud Granoux
13738,Arnaud Rodrigues
13745,Arne Domnerus
13747,Arne Schau-Knudsen
13767,Arno Cost & Norman Doray
13769,Arno Elias
13772,Arno Stolz
13779,Arnold Schoenberg Chor
13787,Aroah
13790,Aroma Acoustic WATER HEALING・・・
13793,Aromaticore
13805,Aron Scott feat. Rico Caruso
13809,AronChupa
13820,Arp
13838,Arrested Development
13846,Arrow Benjamin
13849,Arrows to Athens
13864,Arsenite
13874,Arsis
13878,Arson360 & Krystal Luvlee
13882,Arston
13887,Art & Achitecture
13890,Art Blakey
13891,Art Blakey & The Jazz Messengers
13893,Art Blakey And Thelonious Monk
13896,Art Blakey| Art Blakey's Messangers
13899,Art Bleek
13902,Art Department
13904,Art Farmer
13910,Art Garfunkel
13912,Art Hodes
13919,Art Mengo
13924,Art Of Dying
13932,Art Pepper
13942,Art Tatum
13957,Art of Remix
13989,Artemis Quartet
13991,Artemis Quartet/Truls Mørk
14002,Artful Dodger
14018,Arthur And The Invisibles O.S.T.
14021,Arthur Baker Featuring Nona Hendrix Ladonna
14022,Arthur Beatrice
14032,Arthur Conley
14036,Arthur Fiedler
14056,Arthur Grumiaux|New Philharmonia Orchestra|Heinz Wallberg
14069,Arthur Lyman
14082,Arthur Rubinstein
14115,Artie Shaw
14117,Artie Shaw And His Orchestra
14123,Artificial Brain
14131,Artik & Asti
14142,Artist vs. Poet
14154,Artists Of Then| Now & Forever
14155,Artists Stand Up To Cancer
14156,Arto Lindsay & The Ambitious Lovers
14157,Arto Noras
14161,Arts & Leisure
14180,Artur Tokhtash
14184,Arturo Benedetti Michelangeli
14188,Arturo O'Farrill & The Afro Latin Jazz Orchestra
14189,Arturo Sandoval
14191,Arturo Sandoval y Su Grupo
14204,Arty
14205,Artyom Dervoed
14210,Aruan Ortiz Quartet
14214,Arukara (アルカラ)
14221,Aruna
14230,Arvisco
14231,Arvo Pärt
14232,Arweenn
14238,Aryay
14242,ArÁnzazu
14246,As Animals
14249,As Blood Runs Black
14257,As It Is
14260,As One
14270,As We Draw
14279,As'257G
14292,Asaf Avidan & the Mojos
14295,Asahi Ishizaki (石崎旭)
14302,Asante Phenix
14307,Asasane (Asasane)
14311,Asa| Sorrow
14315,Ascension Blue
14321,Asche & Spencer
14328,Aseiq
14335,Aseul
14340,Ash
14343,Ash Borer
14349,Ash Grey
14357,Ash Walker
14370,Ashana
14371,Ashana|Thomas Barquee|Snatam Kaur
14372,Ashanti
14379,Ashea
14381,Asheni
14388,Asher Monroe
14390,Asher Quinn
14391,Asher Roth
14394,Asheru and Blue Black of The Unspoken Heard
14395,Ashes
14397,Ashes Remain
14406,Ashford & Simpson
14412,Ashit Desai
14413,Ashitey Nsotse & Kassoum Traoré
14422,Ashlee Simpson
14424,Ashleigh
14435,Ashley Campbell
14439,Ashley DuBose
14446,Ashley J
14459,Ashley Monroe
14463,Ashley Noot
14466,Ashley Parker Angel
14470,Ashley Riches
14471,Ashley Roberts
14472,Ashley Rosselli
14475,Ashley Schultz
14481,Ashley Tisdale
14482,Ashley Tong & Pro Arte Orchestra Taiwan
14483,Ashley Wallbridge
14508,Ashton Gleckman
14521,Asia
14525,Asia Cruise
14535,Asiahn
14536,Asian Chairshot
14539,Asian Dub Foundation
14555,Asian Zen Spa Music Meditation
14578,Asiko
14580,Asim
14581,Asin
14590,Askery
14593,Askil Holm
14594,Asking Alexandria
14612,Asobi Seksu
14618,Asos
14621,Aspen
14623,Asphalt Horsemen
14634,Assassin
14637,Assbrass| Taewan
14651,Asta
14659,Asteria
14660,Asteria| Eunto
14672,Aston
14673,Aston Merrygold
14679,Astor Piazzola
14681,Astor Piazzolla
14689,Astoria
14715,Astrid Jones & the Blue Flaps
14718,Astrid S
14736,Astronaut
14745,Astronauts| etc.
14750,Astronuts
14753,Astrotrax
14755,Astrud Gilberto
14764,Asuka Hayashi (林明日香)
14772,Asva
14773,Aswad
14777,Asylums
14786,At Sunset
14788,At The Drive-In
14789,At The Gates
14790,At The Piano
14795,At a Payphone
14801,At the close of every day
14810,Atari Blitzkrieg
14812,Ataulfo Argenta
14814,Ataúlfo Argenta|Alfredo Campoli|London Symphony Orchestra
14821,AtellaGali
14823,Atemlos durch die Nacht
14847,Athlete
14853,Athon Benet
14854,Athon Mckenzie
14866,Atik
14876,Atjazz
14883,Atlanta Rhythm Section
14888,Atlantic 60th
14892,Atlantic Five Jazz Band
14894,Atlantic Haze
14896,Atlantic Jazz
14898,Atlantic Starr
14900,Atlantic Studio
14909,Atlas Genius
14910,Atlas Sound
14923,Atmosphere
14928,Atmozfears
14937,Atom Smash
14941,Atomahawk
14949,Atomic Kitten
14961,Atomone
14970,Atreyu
14971,Atriarch
14972,Atris
14978,Atsipoppaa
14982,Atsuko Maeda (前田敦子)
14989,Attack Attack!
15008,Attila
15010,Attila Fias
15021,Atto(에이토)
15022,Attom
15024,Attractive Romantic Atin Music
15030,Atze Ton
15040,Au fil de L'air
15042,Au5
15054,Aubrey O'Day
15061,Auburn
15078,Audien
15079,Audien & Matthew Koma
15080,Audien feat. Michael S.
15081,Audien feat. Ruby Prophet
15086,Audio
15087,Audio Adrenaline
15089,Audio Bullys
15096,Audio Idols
15102,Audio Monsters
15104,Audio Push
15120,Audiofly
15122,Audiofreq
15124,Audiogroove
15127,Audioleap
15135,Audiomission & Pull Up Collective
15140,Audioscribe
15141,Audioslave
15166,Audrey Assad
15172,Audrey Hepburn
15178,Audrey Morris
15182,Audrey Tautou
15183,Audrey Valorzi
15201,August Alsina
15202,August Band
15203,August Burns Red
15208,August Rigo
15211,August Rush Music From The Motion Picture
15216,Augustana
15219,Augustin Anievas
15222,Augustin Dumay
15231,Augusto Martins & Claudio Jorge
15238,Auld Lang Syne
15247,Aun Feeble Hart
15252,Aura Dione
15268,Aurelia Shimkus
15280,Aurora
15281,Aurora Borealis
15290,Aurorasting
15291,Aurorasting| MET
15292,Auros Trio
15299,Auryn
15300,Aurèle Marthan
15303,Auscultate
15308,Austin
15310,Austin Adamec
15328,Austin Jones
15333,Austin Mahone
15337,Austin Percario
15338,Austin Plaine
15346,Austin T
15353,Austra
15355,Australia Aboriginal
15363,Australian Crawl
15376,Authentic Sound Effects
15389,AutoLaser
15392,Autoerotique
15395,Autoerotique & Max Styler
15399,Autogenic Training
15402,Autograf
15407,Autolaser| Pls&Ty
15408,Autolux
15416,Automobile advertising song best
15421,Autopsy
15423,Autoreverse
15430,Autumn
15433,Autumn Hill
15435,Autumn Leafs
15472,Ava Luna
15479,Ava Zhao
15484,Avalanche City
15487,Avalon
15489,Avalon Emerson
15492,Avalon Rising
15498,Avant
15501,Avantasia
15506,Avanu
15511,Avatar
15517,Ave Maria
15521,Avec
15522,Avec Sans
15530,Avenford
15531,Avenged Sevenfold
15532,Avengers Assemble-OST
15539,Avenue Boyz
15547,Average White Band
15550,Averill Charteris & Santa Fe
15554,Avery
15562,Avery Wilson
15566,Avey Tare & Kria Brekkan
15571,Avi Buffalo
15580,Avicii
15583,Avicii vs. Lenny Kravitz
15584,Avicii| Conrad Sewell
15585,Avicii| DJ Donny| Domenico Cetrangolo| Francesco Piscosquito| Dj Abeb| DJ Salvo Lo Greco| Morena| Emanuele DJ| Meik| Andy Pitch| Fickry Hard| Daviddance| Klaudia Kix| Ale Rossi| Aki Drope| Leo Alvaro| DJ Evgrand| Iwan Boty
15586,Avicii| Nicky Romero
15608,Avishai Cohen
15625,Avril Lavigne
15634,Aw Irving
15643,Awake or Sleeping
15646,Awaken Generation
15655,Awana
15659,Away From The Moment
15664,Awesome City Club
15674,Awkwafina
15677,Awon & Phoniks
15680,Awreeoh
15681,Awunè
15690,Axe Ray
15691,AxeWound
15694,Axegressor
15695,Axel
15696,Axel Bartsch
15713,Axel Paris
15725,Axenstar
15727,Axento feat. Niclas Lundin
15729,Axer Navydale
15730,Axhel
15732,Axia Summer
15754,Axwell
15755,Axwell & Dirty South
15756,Axwell & Sebastian Ingrosso
15757,Axwell /\ Ingrosso
15758,Axwell /\ Ingrosso| Axwell| Sebastian Ingrosso
15760,Axwell| Ingrosso| Angello| Laidback Luke
15761,Axwell| Shapov
15762,Axwell|Sick Individuals
15774,Aya Higashiyama (東山彩)
15775,Aya Hirano (平野綾)
15777,Aya Matsuura (松浦亜弥)
15780,Aya Ueto (上戶彩)
15790,Ayaka (絢香)
15792,Ayaka Hirahara (平原綾香)
15794,Ayako Ishikawa (石川綾子)
15797,Ayako Nakanomori (中ノ森文子)
15801,Ayala
15805,Ayame Goriki (剛力彩芽)
15808,Ayana Taketatsu (竹達彩奈)
15814,Ayano Mashiro (綾野ましろ)
15827,Aydin Esen
15835,AyeMaze
15837,Ayelle
15838,Ayeneh
15839,Ayer
15868,Ayo
15870,Ayo Jay
15871,Ayo Vincent
15878,Ayrbourne
15881,Ayria
15883,Ayron Jones
15903,Ayumi Hamasaki (浜崎あゆみ)
15904,Ayumi Hamasaki+Keiko (浜崎あゆみ＆KEIKO)
15909,Ayumikurikamaki
15919,Ayuthya
15924,Az Yet
15928,Azafata
15930,Azalea
15931,Azam Ali
15935,Azari & III
15938,Azealia Banks
15947,Azin 아진
15950,Aziz Ansari
15957,Aziza
15958,Aziza Mustafa Zadeh
15973,Azriel
15974,Aztec Camera
15980,Aztek
15992,Azumi
15998,Azure Ray
15999,Azuro
16008,Azza
16023,Aṣa
16024,A公館 (Residence A)
16026,B Angie B
16028,B Boy
16030,B Crew feat. Barbara Tucker| Dajae| Ultra Nate and Mone
16058,B'z (B'z)
16059,B*Witched
16062,B-Beats
16067,B-Boy Tronik
16070,B-Brave
16082,B-Free
16088,B-Goss feat. Flo Rida| T-Pain & J-Rand
16094,B-Legit
16107,B-SHOC
16114,B-Thong
16119,B-Tribe
16129,B. Bumble and The Stingers
16140,B. Sivaramakrishna Rao
16142,B. Smyth
16146,B.A.D.
16149,B.A.P
16156,B.B. & The Blues Shacks
16158,B.B. King
16169,B.B.M.
16180,B.DeVINE
16186,B.G.
16189,B.G. Knocc Out & Nutty Nutt
16193,B.Gs
16195,B.HEART
16201,B.I.G
16206,B.J. Thomas
16213,B.L.
16216,B.LAINE
16219,B.Lynn
16227,B.O.P.
16231,B.O.Y
16234,B.P.M
16248,B.T.S
16257,B.o.B
16265,B1A4
16268,B2K
16279,B?lik ?rina
16283,BABOO
16285,BABY I LOVE YOU
16288,BABYMETAL
16294,BACK-ON
16295,BACKDRAFT SMITHS
16297,BADA
16298,BADA X 厲旭
16299,BADBADNOTGOOD
16300,BADBADNOTGOOD & Ghostface Killah
16301,BADDIEL & SKINNER & LIGHTNING SEEDS
16302,BADKIZ(Monica| Jina) 배드키즈(모니카| 지나)
16312,BAKER SHOP BOOGIE
16315,BALI
16316,BALI GAMELAN & KECAK
16317,BALI Music for the Shadow Play
16324,BAND-MAID
16328,BANGBANGBANG!
16329,BANGTAN BOYS
16332,BANKS
16339,BAUER
16341,BAYNK feat. NÏKA
16346,BB PROJECT
16350,BB 彈
16352,BBAhn
16353,BBB
16356,BBC Concert Orchestra
16379,BBF
16388,BBS鄉民的正義 電影原聲帶
16389,BBde Girl
16391,BC Jean
16393,BCee
16400,BE THE VOICE
16403,BEAST
16404,BEAT CRUSADERS
16406,BEATWIN
16407,BEAUTIFUL WORLD
16413,BEE SHUFFLE
16417,BEL HAVEN
16424,BENI
16427,BENT
16432,BESTiE
16434,BETA
16443,BFM Hits
16453,BHC Pierre
16458,BIG BEAR
16459,BIG BEAR & GAZZILA
16464,BIG NONAME
16465,BIG RON
16467,BIGBANG
16468,BIGBANG DAESUNG
16469,BIGBANG SEUNGRI
16470,BIGBANG T.O.P
16471,BIGBANG TAEYANG
16472,BIGCHILL
16476,BIGG Z
16477,BIGGER
16478,BIGGI featuring Elton Jonathan Kroon
16479,BIGHEAD
16480,BIGMAMA
16481,BIG舞曲特大號
16482,BIKE機踏車樂團
16486,BINARY STAR
16490,BIRDY
16492,BISHØP
16500,BJ The Chicago Kid
16501,BJACK
16504,BK Style
16516,BLACK COFFEE
16523,BLACKPINK
16525,BLACTRO feat. Marlon Bertzbach
16539,BLOKKROKK
16546,BLOQSHOT
16551,BLUE ENCOUNT
16568,BMG全家福
16570,BMP-Music
16574,BND.com
16578,BNR(Brand New Radio)(BNR)
16584,BOB DYLAN & THE BAND
16587,BOBBY
16588,BOBBY COLEMAN
16592,BOF Taxi 4
16596,BOKKA
16598,BOM
16599,BOM & HI (BH)
16605,BONHAM
16611,BOOM BOOM SATELLITES
16617,BOP
16623,BOSSA NOVA FOR LOVERS… songs of loving you
16624,BOTB
16629,BOX (BOX)
16632,BOXING樂團
16633,BOY
16635,BOYFRIEND
16637,BOYS AND MEN
16638,BOYS END SWING GIRL (BOYS END SWING GIRL)
16641,BOYZ
16642,BOi!
16645,BPM
16653,BRADIO
16655,BRAIDS
16656,BRANDNEW MUSIC
16659,BRAZA
16665,BREATHE
16669,BRIGHT
16672,BRKN RBTZ
16681,BROWN POT
16689,BS1| John Roman
16700,BT
16705,BT Band
16706,BT Sound
16709,BTOB
16710,BTOB-BLUE
16714,BTS Chitlom
16725,BUKKA WHITE
16727,BULLFINCH
16729,BUMP OF CHICKEN
16740,BURNOUT SYNDROMES
16741,BURNS
16745,BUZZ THE BEARS
16754,BWO
16761,BY2
16765,BYNON & RUMORS
16769,BYU Vocal Point
16780,Baaba Maal
16782,Baad Bill$
16785,Baal
16789,Baauer
16790,Baba
16794,Baba Saad| EstA| Punch Arogunz
16805,Babak Afshar
16812,Babara
16815,Babasonicos
16816,Babatunde Olatunji
16817,Babbie Mason
16827,Babel - Music From And Inspired By The Motion Picture
16830,Babel Records
16831,Babert
16833,Babes In Toyland
16837,Babi (Italy)
16853,Baby & Me
16863,Baby Ballet Music Land
16865,Baby Bash
16868,Baby Bash featuring Pitbull
16894,Baby Christmas
16905,Baby Deli Music
16913,Baby Eazy-E3
16914,Baby Einstein
16915,Baby Face
16929,Baby Group
16942,Baby Jazz Project
16945,Baby K feat. Giusy Ferreri
16947,Baby Kamalini Dhinakaran (Baby)| Bro.D.G.S.Dhinakaran (Speech)
16948,Baby Kreuzberg
16950,Baby Language
16953,Baby Love
16958,Baby Lullabies Music
16960,Baby Lullaby
16962,Baby Lullaby & Sleep Baby Sleep
16967,Baby Lullaby Ensemble
16970,Baby Lullaby Orchestra
16982,Baby Magic Melodies
16988,Baby Music
17009,Baby Rockstar
17013,Baby Sleep
17014,Baby Sleep Aid
17019,Baby Sleep Lullaby Band
17032,Baby Sleep Through the Night & Sleep Songs with Nature Sounds & Relaxation Music
17046,Baby Songs Music
17052,Baby Sueños
17066,Baby's Brilliant
17078,Babyface
17092,Babyshambles
17102,Bach
17107,Bach For My Baby
17110,Bach for the Brain
17136,Bachelors of Science
17137,Bachman & Turner
17150,Back Row Chior Boys
17166,Backclash| Akner
17170,Background Music
17174,Background Music Collection
17185,Backing Track Bandstand
17194,Backroad Burners
17199,Backspin
17200,Backstab feat. Inda
17202,Backstreet Boys
17204,Backtrack Professional Karaoke Band
17219,Bad (Buster| Adam| Donny)
17221,Bad And Boujee
17224,Bad Azz
17232,Bad Boy
17242,Bad Boy's
17244,Bad Boys Blue
17245,Bad Boys II
17246,Bad Boys: Music From The Motion Picture
17257,Bad City
17258,Bad Company
17263,Bad English
17268,Bad Guys
17280,Bad Lip Reading
17286,Bad Meets Evil
17288,Bad Neighbours (Original Motion Picture Soundtrack)
17294,Bad Omens
17295,Bad Players
17299,Bad Religion
17304,Bad Seed Rising
17307,Bad Suns
17330,Badanamu
17335,Badbarbie| Evil Smarty
17339,Badburn
17342,Badd Dimes & We Are Loud ft. Sonny Wilson
17350,Baden Powell
17356,Badfinger
17369,Badly Drawn Boy
17381,Baduy
17383,Bae Da Hae
17384,Bae Da Hye
17385,Bae Hee Gwan Band
17386,Bae Saetbyeol
17387,Bae Seung Yeon
17391,Baechigi
17393,Baek A Yeon
17394,Baek Chan| Joohee
17396,Baek Z Young
17397,Baekja
17400,Baetúria
17406,Bag Raiders
17409,Bagad Men Ha Tan
17417,Baggi
17422,Baghdad Heavy Metal
17431,Bah Samba
17432,Baha Men
17436,Bahamadia
17437,Bahamas
17439,Bahar
17441,Bahari
17466,Baiba Skride
17474,Bailey
17477,Bailey Jehl
17491,Baio
17504,Bajofondo Tango Club
17507,Bajwa Sialkoti
17517,Bakermat
17567,Baldwin
17571,Balearic Chill House Vol. 2
17578,Bali Bandits
17581,Bali Golden Rain
17582,Bali Lounge
17584,Bali Music From The Morning Of The World
17585,Baline Todd
17588,Balint Vázsonyi| Jerome Rose
17600,Balkansky
17602,Balkansky| Sinister Souls| Brainpain
17603,Balkansky| Temper D
17606,Ball Jones
17611,Ballady I Romanse
17615,Ballermann 6 Balneario präsentiert
17621,Ballet Dance Company
17625,Ballet Dance Jazz J. Company
17628,Ballet L'école
17632,Ballet Music
17633,Ballet Music Company
17637,Ballet School
17643,Ballett Symphonie
17648,Ballin' A$$ Dame
17661,Balls (ボールズ)
17666,Ballyhoo!
17667,Balmorhea
17675,Baltimora
17689,Bam
17693,BamBam
17707,Bambino
17714,Bamboo
17718,Bamboo Shoots
17729,Ban
17733,Bana Ngoma
17737,Banana Children's Choir
17743,Bananarama
17753,Band Aid 20
17757,Band Ja Naimon! (バンドじゃないもん!)
17763,Band Of Skulls
17770,Band of Brothers - Original Motion Picture Soundtrack
17771,Band of Holy Joy
17772,Band of Horses
17794,Banda Caliente
17829,Banda La Bucanera
17869,Banda Sinaloense MS de Sergio Lizárraga
17878,Banda Unió Artística Musical D'Ontinyent & Daniel Ferrero Silvaje
17900,Bandari
17901,Bande Originale de Film
17904,Bandgang
17911,Bandit Gang Marco
17916,Bandits - Music from the MGM Motion Picture
17922,Bando Jonez
17924,Bandslam
17930,Bang
17933,Bang Bang Bang
17938,Bang Gang
17940,Bang La Decks
17944,Bang Tango
17945,Bang Yong Guk
17951,Banga Da Live Wire
17954,Bangbang
17958,Bangin' Dance Remixes
17961,Bangkok Experience
17984,Bankhead
17991,Banks & Steelz
17996,Banners
17998,Banquet
18010,Banzai Bonsai Tensai
18013,Bao Thy
18015,Baobu
18027,Baptiste Giabiconi
18030,Baptiste Trotignon| Minino Garay
18040,Bar De Lune Presents Flamenco Lounge
18041,Bar De Lune Presents Karma Lounge
18046,Bar Lounge
18058,Bar Lounge Ibiza
18059,Bar Lounge Jazz
18064,Bar Lounge| Bar Music Chillout Café| Lounge
18094,Baracuda
18109,Barbados
18121,Barbara Carlotti
18123,Barbara Carroll & Mary Lou Williams
18140,Barbara Harbach
18141,Barbara Hendricks
18143,Barbara Hendricks/London Voices/Abbey Road Ensemble/Jonathan Tunick
18156,Barbara Lee Frey
18157,Barbara Lewis
18160,Barbara Lynn
18163,Barbara Mandrell
18165,Barbara Mason
18175,Barbara Ohana
18179,Barbara Potts and Soul System
18184,Barbara Schlick/Catherine Patriasz/Charles Brett/Howard Crook/Peter Kooy/Chorus Of Collegium Vocale| Ghent/Orchestra Of Collegium Vocale| Ghent/Philippe Herreweghe
18196,Barbarito Torres
18197,Barbarossa
18203,Barbee
18206,Barberry Records
18209,Barbie
18216,Barbra Joan Streisand
18218,Barbra Streisand
18219,Barbra Streisand with Billy Joel
18220,Barbra Streisand with Lionel Richie
18221,Barbra Streisand/Kris Kristofferson
18229,Barcelona
18236,Barclay James Harvest
18243,Bardo Pond
18250,Bare Mountain
18258,Barei
18259,Barely Alive
18262,Barenaked Ladies
18265,Barenhvrd| Todiefor
18266,Baresa
18267,Barett Strong
18271,Bargrooves Bar Anthems
18275,Baring Teeth
18285,Barker & Baumecker
18287,BarlowGirl
18290,Barna Howard
18304,Barney
18305,Barney Artist
18312,Barney Kessel
18323,Barns Courtney
18332,Baron Zen
18334,Baroness
18337,Baroque Camerata
18351,Barren Earth
18361,Barrington Levy
18375,Barry Allen Friedman
18383,Barry Crocker
18391,Barry Gibb
18399,Barry Jackson
18406,Barry Manilow
18407,Barry Mann
18418,Barry Tuckwell/Academy of St Martin-in-the-Fields/Sir Neville Marriner/English Chamber Orchestra
18419,Barry Tuckwell| Royal Philharmonic Orchestra| Vladimir Ashkenazy
18422,Barry White
18424,Barry White and The Love Unlimited Orchestra
18432,Bars and Melody
18433,Bart B More
18434,Bart Baker
18436,Bart Crow
18440,Bart Gori
18443,Bart Herman
18447,Bart Peeters/Zubin Mehta/Israel Philharmonic Orchestra/Katia Labeque & Marielle
18452,Bart Voncken
18457,Barth
18478,Bas
18489,Base Ball Bear (ベースボールベアー)
18497,Basecamp
18504,Basement
18508,Basement Freaks
18509,Basement Jaxx
18512,Basenji
18514,Basher
18518,Basia
18519,Basia Bulat
18521,Basic Element
18523,Basic Rhythm
18524,Basic Tape
18527,Basick
18529,Basick| inkii
18540,Basix
18544,Basketball Rockers
18545,Basketball Wives DJ's
18556,Bass Drop
18562,Bass Guo
18564,Bass Junkies
18570,Bass Kleph| WYNL
18574,Bass Modulators
18582,Bass Sultan Hengzt
18593,Bassa
18594,Bassa Nova
18608,Basshous3
18609,Basshunter
18615,Bassjackers
18620,Bassjackers|Afrojack
18629,Basslovers United
18637,Bassnectar
18642,Bassotronics
18652,Basta
18663,Bastian Baker
18664,Bastian Basic
18665,Bastian Bates
18666,Bastian Bux
18677,Bastien Laval
18679,Bastille
18681,Basto
18683,Bat For Lashes
18696,Bath Festival Chamber Orchestra| Sir Yehudi Menuhin
18697,Bath Festival Orchestra
18700,Bath Time Baby Music Lullabies
18702,Baths
18716,Batman: Original Motion Picture Score
18728,Battle
18731,Battle Royale
18733,Battle Tapes
18734,Battle of Mice
18737,Battlefield 2:Modern Combat
18744,Battles
18756,Bauhaus
18764,Bavgate
18770,Baxter Dury
18773,Bay City Rollers
18783,Baylanda
18785,Baylou
18786,Baynk
18798,Bayside
18806,Bazaar
18807,Bazanji
18824,Bb Diamond
18844,Be Like Mike
18852,Be Still & Know - Instrumental Songs Of Faith
18863,BeBe
18864,BeBe Mignon
18877,Bea Miller
18893,Beach Club House de Ibiza Cafe| House Music| Saint Tropez Beach House Music Dj
18895,Beach Club House de Ibiza Café
18900,Beach Fossils
18902,Beach House
18904,Beach House Beats
18909,Beach House Chillout Music Academy| Lounge Music Club Dj| Sexy Music Ibiza Playa del Mar DJ
18914,Beach House Club| Dance Hits 2015| Deep Electro House Grooves
18938,Beach Youth
18950,Beady Eye
18951,Beak Ji Woong
18963,Beanie Sigel
18964,Beans & Co
18970,Bear
18972,Bear Bozeman
18976,Bear McCreary
18981,Bear Who?
18984,Bear the Astronot
18986,Bear's Den
18989,Bearcubs
18992,Beards Of Comedy
18994,Bearman
18997,Bears and Company
18999,Bearson
19000,Beartooth
19009,Beastie Boys
19043,Beat Spacek
19053,Beat2.0
19057,BeatBo
19066,BeatRunnaz
19075,Beatbox
19078,Beatburger
19091,Beatie Wolfe
19097,BeatleJazz
19101,Beatles Tribute
19104,Beatmasta
19106,Beatmasterz
19110,Beatnick Dee
19117,Beatrice Eli
19122,Beatrice Rana
19123,Beatrice Thiriet
19130,Beatriz Luengo
19133,Beats
19142,Beats and Styles
19150,Beatspoke
19156,Beaty Heart
19160,Beau
19166,Beau Monga
19178,Beautiful Awakening
19186,Beautiful Eulogy
19198,Beautiful Music & The Natural Symphony Of The Pacific Northwest
19209,Beautiful Relaxing Piano Ensemble
19211,Beautiful Songs Of The Golden Age
19217,Beautiful Voice No.1
19218,Beautiful Voice No.2
19220,Beautiful Voices
19226,Beauty And The Beast
19232,Beauty Spa Music Collection
19235,Beauty and a Beat
19236,Beauty and the Beast (Special Edition)
19238,Beautyhandsome
19242,Beaux Arts Trio
19245,Beaver
19252,Bebe & Cece Winans
19253,Bebe And Cece Winans
19255,Bebe Rexha
19259,Bebel Gilberto
19265,Bebo & Cachao
19269,Bebo Norman
19272,Bebo Valdes| Chucho Valdes| Chuchito Valdes
19285,Because I Love You
19289,Because Of You
19292,Becca Stevens Band
19298,Becen & The Shells
19301,Beck
19310,Beckwith
19311,Becky (ベッキー)
19315,Becky G
19316,Becky G Feat. will.i.am.
19317,Becky G feat. J Balvin
19318,Becky G feat. Pitbull
19319,Becky Hill
19321,Becky Jane Taylor
19331,Bedcors
19336,Bedouin
19338,Bedouin Soundclash
19339,Bedran Marquez
19341,Bedran.| Frank Apollo
19342,Bedrich Smetana: Die Moldau| Georges Bizet: Carmen-Suite
19344,Bedroom Audio
19356,Bedtime Songs Collective
19359,Bedtime Songs Collective| Piano Lullabies| Sleep Music Lullabies
19361,Bedtime Songs Collective| Sleep Baby Sleep| Sleep Music Lullabies
19362,Bedtime Songs Collective| Spa Music Consort| Musica para Estudiar
19374,Bee Gees
19375,Bee Gees / Various Artists
19380,Bee Smoothe
19386,BeeZee
19388,Beecher
19395,Beegie Adair
19396,Beegie Adair & David Davidson
19403,Beegie Adair| Jim Brickman| Stan Whitmire & Friends
19415,Beenie Man
19416,Beenie Man Mad Cobra
19418,Beenzino
19420,Beer Bong
19427,Beethoven
19444,Beethoven/Brahms
19452,Before After
19453,Before Dark
19460,Before Their Eyes
19462,Before You Breathe
19463,Before You Exit
19464,Before the Dawn
19473,Beginner
19475,Begoña Bang-Matu
19482,Behemoth
19501,Bei Maejor feat. J.Cole
19502,Bei Maejor feat. Waka Flocka Flame
19506,Beige
19510,Beijing - Travel.Lounge.Art.Music
19511,Beijing Angelic Choir
19516,Being As An Ocean
19517,Beirut
19534,Bel Canto Angel
19555,Belbury Poly
19558,Belcea Quartet
19575,Believe
19583,Belinda
19586,Belinda Carlisle
19588,Belinda Gail
19596,Bell Biv Devoe
19602,Bell 宇田
19603,Bella
19609,Bella Ferraro
19612,Bella Hardy
19624,Bella's Lullaby Romantic Piano Music & Smooth Jazz Club & Bossa Nova Guitar Smooth Jazz Piano Club
19626,Bellamy Brothers
19629,Bellari Rosenpark
19631,Bellarive
19634,Belle And Sebastian
19636,Belle Epoque
19641,Belle Mare
19642,Belle Nuru
19653,Belleruche
19658,Bellington
19665,Belly
19667,Belly Bar
19668,Belly Dance
19698,Belpiano
19707,Bely Basarte
19712,Ben
19746,Ben Cocks
19753,Ben DJ & Chris Willis
19762,Ben E. King
19770,Ben Folds
19771,Ben Folds Five
19772,Ben Foster
19777,Ben Gold
19779,Ben Gold| Ruben de Ronde
19783,Ben Green
19784,Ben Haenow
19786,Ben Harper
19789,Ben Harper & The Innocent Criminals
19800,Ben Howard
19807,Ben Jelen
19808,Ben Johnsen
19817,Ben Klock
19820,Ben Kweller
19821,Ben L'Oncle Soul
19822,Ben Lee
19827,Ben Macklin Ft. Tiger Lilly
19838,Ben Mono & Idiotronic
19839,Ben Montague
19844,Ben Münchow| Hans Heyne| The Wild Black Jets| Jonas Kähler
19847,Ben Nicky
19848,Ben Nicky & Standerwick
19849,Ben Nicky| Chris Schweizer
19872,Ben Rector
19897,Ben Tavera King
19909,Ben Watt
19910,Ben Webster
19919,Ben Wendel
19921,Ben Westbeech
19923,Ben Williams
19925,Ben Woodward
19930,Ben zen Berg
19932,Ben's Brother
19963,Benedict Edwards
19971,Benedikt Jahnel Trio
19979,Benga
19991,Bengt Forsberg|Anne Sofie von Otter
20001,Benibee
20018,Benjah
20021,Benjam
20022,Benjamin
20025,Benjamin Appl| James Baillieu
20030,Benjamin Biolay
20031,Benjamin Booker
20042,Benjamin Clementine
20051,Benjamin Francis Leftwich
20059,Benjamin Kheng
20062,Benjamin Lasnier
20081,Benjamin Smielowitz| Radha Krishna Lila
20089,Benjamin Wallfisch
20092,Benjamin Zane
20099,Benji & Fede
20115,Benjo
20116,Benjy Davis
20118,Benjy Myaz
20122,Benne
20123,Bennet Bieck
20124,Bennet Mitchell
20128,Benni Binossa
20140,Bennie Wallace
20147,Benny Aims
20153,Benny Benassi
20154,Benny Benassi & Chris Brown
20156,Benny Benassi & Marc Benjamin feat. Christian Burns
20158,Benny Benassi feat. Gary Go
20160,Benny Benassi feat. Serj Tankian
20162,Benny Benassi| The Biz
20163,Benny Bennet
20180,Benny Golson
20185,Benny Goodman
20192,Benny Goodman With Helen Forrest
20193,Benny Goodman and His Orchestra
20236,Benotmane
20244,Bensé
20246,Bent Fabric
20250,Benta
20251,Bentham
20255,Bentley Rhythm Ace
20261,Benwaa
20262,Beny Junior
20263,Beny More
20274,Ben| Jeong Eun-Ji(A-Pink)| Ji-Hyo(TWICE)
20281,Beppe Gioia| Sal
20299,Berezovsky
20302,Bergamotto Show Case
20314,Berk & The Virtual Band
20315,Berkay
20320,Berlin
20323,Berlin Baroque Soloists
20330,Berlin Philharmonic
20334,Berlin Philharmonic Orchestra
20336,Berlin Philharmonic Orchestra| Claudio Abbado
20340,Berlin Philharmoniker
20347,Berlin Virtual Symphonics
20350,Berlin Virtual Symphonics| Eddy Höfler
20352,Berliner Barock Solisten
20358,Berliner Philharmoniker
20359,Berliner Philharmoniker/Herbert Von Karajan
20361,Berliner Philharmoniker/Sir Simon Rattle
20362,Berliner Philharmoniker| Claudio Abbado
20376,Berliner Philharmoniker|Claudio Abbado
20382,Berliner Philharmoniker|Ferenc Fricsay
20406,Berliner Solisten / Brandis Quartet
20424,Bernadette Peters
20428,Bernard Butler
20433,Bernard Fanning
20439,Bernard Haitink/Lucia Popp/Doris Soffel/Ortrun Wenkel/Peter Hofmann/Aage Haugland/Waldemar Kmentt/Erich Kunz/Andre Von Mattoni/Tolzer Knabenchor/Chor Des Bayerischen Rundfunks/Sinfonieorchester Des Bayerischen Rundfunks/Edita Gruberova/Siegfried Jerusale
20451,Bernard Herrmann
20452,Bernard Herrmann & The London Philharmonic Orchestra
20453,Bernard Herrmann The National Philharmonic Orchestra
20463,Bernard Park X 惠林 (WONDERGIRLS)
20493,Bernd Weikl|James Levine|Chicago Symphony Orchestra|Philip Creech|Chicago Symphony Chorus|June Anderson
20495,Berndsen
20505,Bernhard Hering
20506,Bernhard Jarvis
20517,Bernice Deven
20526,Bernie Saxophone Entertainer
20529,Bernie Worrell
20533,Bernward Koch
20545,Berry
20546,Berry Good
20547,Berry Goodman (ベリーグッドマン)
20554,Berryz工房
20563,Bert Jansch
20565,Bert Kaempfert
20566,Bert Kaempfert & His Orchestra
20567,Bert Kaempfert And His Orchestra
20570,Bert Lahr
20579,Bert and Vern feat. Sly & Robbie
20582,Bertell
20584,Bertha 'Chippie' Hill
20587,Bertie Higgins
20603,Bertrand Chamayou
20621,Beshken
20630,Bessie Smith
20638,Best Beethoven 100
20640,Best Cafe Chillout Mix
20641,Best Christmas Songs
20653,Best Coast
20655,Best Day of My Life
20659,Best Guitar Songs
20667,Best Jazz 100
20668,Best Jazz Collection
20669,Best Jazz Voice
20681,Best Love Songs|Love Songs|The Love Allstars
20683,Best Meditation Music and Meditation Sounds
20687,Best Night Ever
20689,Best Of 2010
20690,Best Of 2015
20693,Best Of Chillout
20694,Best Of Dancefloor Hits
20695,Best Of Deep House
20697,Best Of Electro
20699,Best Of German Hands Up
20700,Best Of Hits
20701,Best Of House Music
20703,Best Of Ibiza
20704,Best Of TV Hits
20705,Best Of The Best
20706,Best Of The Lion King
20707,Best Piano Bar Ultimate Collection
20708,Best Piano Classics 100
20713,Best Relaxation Music
20724,Best Relaxing SPA Music & Shakuhachi Sakano
20725,Best Relaxing SPA Music & Spa Music Therapy & Meditation Spa
20731,Best Relaxing Spa Music
20733,Best Saxophone Yoga Music Band
20734,Best Sleep Music Academy
20739,Best Years
20741,Best Youth| Moullinex
20744,Best of Deep House Music
20764,Besty Beats
20765,Besweet 비스윗
20769,Beta Frontiers
20770,Beta Radio
20774,Beta89
20778,Beth
20782,Beth Anne Sacks
20791,Beth Ditto
20795,Beth Hart| Joe Bonamassa| Joe Bonamassa| Beth Hart
20801,Beth Nielsen Chapman
20802,Beth Orton
20804,Beth Rowley
20822,Bethany Dillon
20825,Bethany Mota
20829,Bethel Music
20830,Bethel Music & Kristene DiMarco
20831,Bethel Music Kids
20832,Bethel Music| Brian Johnson
20833,Bethel Worship Arts
20852,Betraying the Martyrs
20854,Betsie Larkin
20855,Betsie Larkin & Andy Moor
20868,Bette Midler
20876,Better Than Ezra
20880,Better Weather
20888,Bettie Serveert
20891,Betty
20901,Betty Carter
20904,Betty Davis
20921,Betty St. Claire
20924,Betty Who
20926,Betty Wright & The Roots
20930,Betty| Yuzuki Yukari (ベティー| 結月ゆかり)
20939,Between the Buried and Me
20949,Bev Zizzy
20952,Beverley Craven
20953,Beverley Knight
20958,Beverly Crawford
20967,Beverly Kenney
20968,Beverly Kenney| Charlie Albertine's Orchestra| Hal Mooney's Orchestra
20971,Beverly Mahood
20978,Bewilderbeast
20981,Bewitched - Motion Picture Soundtrack
20983,Bewm!Bewm!
20987,Bexter Maloney
20989,Beyonce & Shakira
20991,Beyoncé
20992,Beyoncé feat. Jay-Z
20993,Beyoncé feat. Nicki Minaj
20994,Beyoncé feat. Slim Thug
20996,Beyond
20998,Beyond All Recognition
21000,Beyond Creation
21001,Beyond Cure
21011,Beyond The Grave
21012,Beyond The Sea O.S.T
21023,Beyuz
21027,Bezz Believe
21033,BgA
21035,Bhagavan Das
21067,Bhavachakra
21085,BiGFeeL
21089,BiSH
21091,Bia & Nino
21092,Biagio Antonacci
21093,Biagio Lisanti
21107,Bianca Ryan
21113,Bianconero
21117,Bianka Rosa
21136,Bibio
21139,Bible Lil-E-Locced Insane
21148,Bic Runga
21149,Bicep
21159,Bie
21164,Bielfield
21168,Bien Dormir
21174,Biffy Clyro
21176,Big
21185,Big & Rich
21200,Big Bad & Heavy
21203,Big Bad Voodoo Daddy
21224,Big Bang
21236,Big Ben
21249,Big Boi
21251,Big Boi Presents
21260,Big Brain
21262,Big Brother & The Holding Company
21270,Big Bz
21282,Big City Rock
21283,Big Country
21287,Big Cynthia
21295,Big Daddy Jay
21296,Big Daddy Kane
21302,Big Data
21311,Big Dope P
21321,Big F
21324,Big Fat Snake
21327,Big Fish - Music from the Motion Picture
21332,Big Four
21334,Big Freedia
21337,Big Gerb
21339,Big Gigantic
21340,Big Gigantic| Logic| Rozes
21342,Big Good Boys Band
21344,Big Grams
21350,Big Hard Excellent Fish
21353,Big Head Todd and The Monsters
21354,Big Headphone Music /Eason Chan +Nicholas Tse
21360,Big Hit March 2007
21364,Big Hotz
21387,Big K.R.I.T.
21394,Big L
21410,Big Mama Thornton
21424,Big Motown Hits & Hard To Find Classics
21425,Big Mountain
21435,Big Noyd
21439,Big One| Ian Paice| Forever Deep
21445,Big Pete Pearson
21448,Big Phony
21453,Big Pun
21454,Big Punisher
21473,Big Room Academy| Brother D| Candy Shop| Royal Music Paris| SamNSK| Serg24| Svetly| Hooligans| The Thirst For Flight
21481,Big Sam
21486,Big Scoob Jones
21487,Big Sean
21490,Big Serg Dawg
21501,Big Smo
21508,Big Sugar
21515,Big Thief
21522,Big Time Rush
21523,Big Time Rush feat. Snoop Dogg
21534,Big Tunes - Back 2 The 80s
21551,Big Will
21559,Big Youth
21591,Bigg Ceaser & Beat Busta
21602,Bigga Band
21605,Biggie
21629,Bii畢書盡+陳勢安+陳彥允+李玉璽
21633,Bijou
21638,Bikini Body Workout
21656,Bilal
21668,Bilie Holiday
21673,Bill
21674,Bill & Brod
21683,Bill Anschell
21684,Bill Baird
21696,Bill Callahan
21701,Bill Charlap Trio
21704,Bill Conti
21712,Bill Doggett
21713,Bill Doggett and His Combo
21721,Bill Evans
21723,Bill Evans & Eddie Gomez
21726,Bill Evans Trio
21729,Bill Evans Trio|Monica Zetterlund
21734,Bill Fay
21739,Bill Frisell
21744,Bill Haley
21745,Bill Haley & His Comets
21761,Bill Lovelady
21769,Bill Medley
21774,Bill Monroe & His Blue Grass Boys
21794,Bill Readdy
21800,Bill Tarmey
21811,Bill Withers
21819,Billain
21821,Billboard Masters
21822,Billboard Shakers
21824,Billboard Top 100 Hits
21832,Billie
21835,Billie Eilish
21837,Billie Holiday
21851,Billie Holiday|Dinah Washington|Sarah Vaughan
21854,Billie Holiday|Nat King Cole
21856,Billie Jo Spears
21858,Billie Marten
21879,Billy
21891,Billy Bear & Friends
21899,Billy Boyd
21900,Billy Bragg
21902,Billy Bragg| Joe Henry
21911,Billy Cobham
21919,Billy Cook
21925,Billy Crawford
21927,Billy Currington
21939,Billy Eckstine & Count Basie
21942,Billy Eckstine / Sarah Vaughn
21944,Billy Elliot
21949,Billy Fury
21951,Billy Gilman
21962,Billy Holiday
21964,Billy Idol
21966,Billy J White
21976,Billy Joe Royal
21979,Billy Joel
21990,Billy Mahonie
22008,Billy Ocean
22010,Billy Paul
22017,Billy Preston
22020,Billy Ray Cyrus
22033,Billy Squier
22042,Billy Talent
22045,Billy The Kid
22047,Billy The Kit
22054,Billy Vaughn
22055,Billy Vaughn And His Orchestra
22059,Billy Vera & Judy Clay
22077,Billy's World Club
22083,Bimbo Jones
22085,Bims
22114,Bing & Ruth
22115,Bing Bong Brothers
22116,Bing Crosby
22118,Bing Crosby & Rosemary Clooney
22128,Bing Crosby| Rosemary Clooney
22137,Bingo Players
22139,Bingo Players feat. Far East Movement
22143,Bingoboys
22154,Biohazard
22157,Biometrix
22168,Biosphere
22174,Bip
22184,Bipolar Sunshine
22185,Bipul Chettri
22188,Birch Boy Barie
22192,Bird Song Group
22193,Bird Sounds
22195,Bird of Pray
22204,Birdman
22208,Birds In Row
22211,Birds Of Tokyo
22220,Birdy Hunt
22221,Birdy Nam Nam
22237,Birgitte Staernes & Martin Haug
22246,Birocratic| Flamingosis
22258,Biréli Lagrène| Sylvain Luc
22259,Bis
22260,Bis-Bossa Nova - Um Banquinho E Um Violao
22280,Bishop Allen
22282,Bishop Briggs
22290,Bishop Manning And The Manning Family
22296,Bishup Bicardi
22298,Biskvit
22308,Bistro Lounge Music
22316,Bitbro
22325,Bite Me
22330,Bitkids
22336,Bitter End
22340,Bitter Peace
22346,Bitter's Kiss
22348,Bitter:Sweet
22359,Bix Beiderbecke
22361,Bixel Boys| Poupon
22362,Biz Markie
22366,Bizarre Inc
22372,Biznace
22373,Biznaga
22374,Bizniz
22382,Bizzy Bone
22387,Bizzy Gotti
22390,Bj54321
22398,Bjorn Akesson
22399,Bjorn Akesson & Sied van Riel
22403,Bjorn and the Sun
22406,Björk
22407,Björn Heuser
22414,Björn from Mars
22439,Black
22440,Black & Blues
22451,Black Acre Presents Rebuilds
22456,Black Art Jazz Collective
22459,Black Atom
22467,Black Beatles
22473,Black Blooms
22479,Black Box Recorder
22494,Black Coast
22521,Black Elk
22524,Black Eyed Dog
22534,Black Friday '29
22541,Black Grape
22546,Black Heart's Society
22547,Black Heat
22552,Black Hole Sun
22553,Black Hole Trance Essentials
22555,Black Honey
22559,Black Ice
22564,Black Ivory
22573,Black Josh| Pete Cannon
22575,Black K 블랙 케이
22578,Black Kids
22582,Black Lab
22583,Black Label Society
22585,Black Legend
22592,Black Lips
22593,Black Loops
22596,Black Lungs
22597,Black M
22598,Black Machine
22617,Black Monk
22618,Black Monolith
22620,Black Moon
22630,Black Nut
22631,Black Oak Arkansas
22639,Black Pistol Fire
22654,Black Rebel Motorcycle Club
22656,Black Rob
22657,Black Roots
22662,Black Sabbath
22665,Black Science Orchestra
22666,Black Sheep
22667,Black Sheep Dres
22674,Black Sonic Revolver
22690,Black Stone Cherry
22693,Black Sun
22695,Black Sun Empire
22702,Black Swan O.S.T.
22704,Black Taboo
22707,Black Temple
22712,Black Tide
22714,Black Tiger Sex Machine
22716,Black Tiger Sex Machine| Lektrique
22722,Black Uhuru
22726,Black Veil Brides
22728,Black Violin
22742,Black and Yellow
22744,Black torns
22767,Blackalicious
22768,Blackbear
22772,Blackberry Smoke
22773,Blackbird
22777,Blackchords
22801,Blackjob
22813,Blackmill
22815,Blackmore's Night
22826,Blackpink
22833,Blackstreet
22843,Blacstone
22844,Blactro
22851,Blaenavon
22882,Blake
22891,Blake Lansing
22892,Blake Lewis
22897,Blake Neely
22901,Blake Rose
22902,Blake Shelton
22903,Blake Shelton & Jermaine Paul
22918,Blambo
22919,Blame
22942,Blank & Jones
22948,Blank Space
22950,Blankass
22953,Blankets
22954,Blanko
22964,Blaque
22988,Blaster
22989,BlasterJaxx
22990,Blasterjaxx & Badd Dimes
22991,Blasterjaxx & Ibranovski
22992,Blasterjaxx and DBSTF
22994,Blasterjaxx feat. Rosette
23007,Blaxy Girls
23017,Blaze of Perdition
23024,Blazing Redheads
23028,BlaŻe
23036,Bleachers
23037,Bleachers| Tinashe
23045,Bleed from Within
23056,Bleek Blaze
23059,Bleez Staccwell
23067,Blended Babies
23070,Bleona
23075,Bless One Beats
23076,Bless You
23083,Blessid Union Of Souls
23088,Blessthefall
23095,Blick Bassy
23109,Blind Faith
23111,Blind Guardian
23113,Blind John Davis
23114,Blind Lemon Jefferson
23117,Blind Melon
23120,Blind Scuba Divers
23121,Blind Uncle Gaspard
23143,Blink-182
23147,Bliss
23150,Bliss n Eso
23156,Blitz//Berlin
23158,Blitzen Trapper
23173,Blob
23174,Bloc Party
23176,Block & Crown
23178,Block B
23179,Block B - BASTARZ
23189,Blockbuster Sound Effects
23192,Blockhead
23197,Blog Love
23198,Blog Of The Angel The Harp Talks
23204,Blonde
23205,Blonde Redhead
23210,Blonde| Craig David
23211,Blondfire
23212,Blondie
23213,Blondie vs. Edison
23223,Blood Diamonds
23226,Blood Freak
23228,Blood Incantation
23230,Blood On The Dance Floor
23231,Blood Orange
23235,Blood Red Shoes
23244,Bloodbath
23246,Bloodboy
23250,Bloodgood
23251,Bloodgroup
23252,Bloodhound Gang
23261,Bloodred Hourglass
23279,Blood| Sweat & Tears
23283,Bloomfield-french connection
23293,Blossom Dearie
23297,Blossoms
23306,Blow-Up Original Soundtrack
23315,Blu & Exile
23320,Blu Cantrell
23326,Blue
23327,Blue & Red
23338,Blue Box
23342,Blue Cafe
23344,Blue Cat DJ
23351,Blue Christmas
23353,Blue Claw Jazz
23367,Blue Eyelids
23369,Blue Feather
23370,Blue Featuring Elton John
23373,Blue Foundation
23379,Blue Hawaii
23396,Blue Light Works、石黑孝子
23407,Blue Mitchell
23411,Blue Mood
23421,Blue Note Plays Bossa Nova
23424,Blue Note Trip Tease volume 1
23425,Blue October
23434,Blue Pilots Project
23439,Blue River
23440,Blue Rodeo
23443,Blue Roses
23446,Blue Six
23449,Blue Sky Black Death
23454,Blue Soul Ten
23456,Blue Stahli
23461,Blue Steel
23467,Blue Swede
23469,Blue System
23478,Blue Very Much
23483,Blue Öyster Cult
23484,Blue&Blue
23497,Bluechan| White Rain
23501,Bluedot
23513,Blues
23527,Blues Image
23539,Blues Traveler
23550,Bluesleep
23560,Blueviolets
23561,Bluewave
23577,Bluprint
23578,Blur
23588,Blush
23591,Blut Aus Nord
23633,Bo Bruce
23637,Bo Diddley
23649,Bo Kyung & Shayne
23652,Bo Saris
23659,BoA
23660,BoA X Beenzino
23662,BoM
23667,Boal
23683,Bob
23698,Bob Berg
23702,Bob Brookmeyer
23705,Bob Brozman
23709,Bob Carlisle
23717,Bob Crosby
23729,Bob Dylan
23731,Bob Dylan & Joan Baez
23734,Bob Dylan Tribute Band
23742,Bob Evans
23751,Bob Geldof
23753,Bob Girls
23762,Bob Howard
23780,Bob Marley
23781,Bob Marley & The Wailers featuring Peter Tosh
23782,Bob Marley And The Wailers
23783,Bob Marley| Dennis Brown
23793,Bob Mintzer All L.A. Band
23794,Bob Mintzer Quartet
23796,Bob Moses
23808,Bob Rivers
23817,Bob Seger & The Silver Bullet Band
23822,Bob Sinclar
23828,Bob Tails
23829,Bob The Builder
23832,Bob Van Asperen
23833,Bob Van Asperen/Orchestra Of The Age Of Enlightenment
23834,Bob Weir
23835,Bob Welch
23849,Bob the Drag Queen
23852,Bobae
23859,Bobbie Allen
23863,Bobbie Hanvey| Houl Yer Whisht
23869,Bobby 'Blue' Bland
23875,Bobby 'Blue' Bland
23879,Bobby Bare
23881,Bobby Bare| Norma Jean and Liz Anderson
23886,Bobby Blanco
23887,Bobby Bland
23888,Bobby Blue Bland
23894,Bobby Brackins
23899,Bobby Brown
23908,Bobby Caldwell
23911,Bobby Capri
23925,Bobby Darin
23926,Bobby Darin & Johnny Mercer| with Billy May & His Orchestra
23950,Bobby Goldsboro
23956,Bobby Hackett
23959,Bobby Hebb
23960,Bobby Helms
23964,Bobby Hutcherson
23966,Bobby JaGGerJacK
23973,Bobby Kim
23976,Bobby Kray
23981,Bobby M
23987,Bobby McFerrin
23993,Bobby Moon
23995,Bobby Morganstein
23996,Bobby Morganstein Productions
24005,Bobby Patterson
24024,Bobby Rydell
24027,Bobby Sanabria Big Band
24031,Bobby Sherman
24032,Bobby Sherwood and His Orchestra
24034,Bobby Shmurda
24043,Bobby Tahouri
24047,Bobby Timmons
24049,Bobby Timmons| Bobby Timmons Trio
24053,Bobby V
24056,Bobby Valentino
24059,Bobby Vee
24060,Bobby Vinton
24064,Bobby Womack
24065,Bobby Womack & The Brotherhood
24070,Bobina
24074,Bobina & Natalie Gioia
24086,Bobot Adrenaline
24091,Bob| Stuart| Kevin
24111,Bodus
24117,Body Fitness Workout
24123,Body Fitness| Fitness Chillout Lounge Workout| Workout Fitness
24124,Body Fitness| Work Out Music| Workout Fitness
24127,Body Heat
24129,Body Language
24137,Body/Head
24140,Bodybangers
24141,Bodybangers feat. Victoria Kern
24146,Bodyrockers
24151,Boehm
24153,Boehm feat. Melody Noel
24170,Boh Doran
24175,Bohemian
24192,Boiled onion
24194,Boiling Point
24214,Bolbbalgan4
24221,Bolero Flameco Pasadoble
24233,Bolly
24238,Bollywood Cinema
24256,Bom Sa Tang
24262,Bomba Estereo
24267,Bombay Bicycle Club
24268,Bombay Dreams
24271,Bombay Lounge
24276,Bombee
24285,Bombs Away
24301,Bon Homme
24302,Bon Iver
24304,Bon Jovi
24306,Bon Scott
24320,Bond
24322,Bond St District
24323,Bondan Prakoso & Fade To Black
24324,Bondax
24326,Bonde Do Role
24335,Bone Thugs-N-Harmony
24342,Boneless
24352,Boney James
24354,Boney M
24360,Bonfire
24370,Bonggu 봉구
24389,Bonita Curtis
24404,Bonnie Anderson
24414,Bonnie McKee
24417,Bonnie Prince Billy
24418,Bonnie Raitt
24421,Bonnie Tyler
24426,Bonobo
24428,Bonobo featuring Rhye
24433,Bonsai Kiritarou (盆栽大家きりたろう)
24443,Bonzie
24445,Boo And Gotti
24447,Boo Hewerdine
24453,Booba
24465,Boogie
24467,Boogie Bros feat. Big Daddi
24469,Boogie Down Productions
24479,Boogie Wonderland
24482,BoogieLab
24488,Book Of Black Earth
24492,Booka Shade
24495,Booker Little
24498,Booker T. & The MG's
24499,Booker T. Jones
24502,Boolane
24504,Boom
24507,Boom Bip
24515,Boom Boxx
24518,Boom Clap Force
24535,Boombox Cartel
24548,Boomstrack Producer
24554,Boosie BadAzz
24578,Bootsy Collins Feat. Mc Lyte
24580,Bootsyano
24585,Booty Style
24598,Booz| Vinz Exe
24599,Bop Alloy
24616,Borderline
24620,Boreal Network
24627,Boredoms
24628,Borgeous
24629,Borgeous & David Solano
24630,Borgeous & Shaun Frank
24631,Borgeous & Tony Junior
24636,Borgeous| Riggi & Piros| Lil Jon
24638,Borgeous| tyDi
24639,Borgore
24643,Borgore| G-Eazy| G-Eazy| Borgore
24648,Boris Alexander Stein
24653,Boris Begelman
24656,Boris Berezovsky|Akiko Suwanai
24657,Boris Bergmann
24669,Boris Cucilovic
24680,Boris Moiseev
24685,Boris René
24686,Boris S.
24721,Born I Music & Justine
24727,Born Of Osiris
24743,Bornagen Beatles
24747,Borni
24752,Borodin Quartet
24774,Boshaft
24782,Boss
24788,Boss Jones| D Eagle
24793,Boss Paleerat
24806,Bossa Cafe en Ibiza
24807,Bossa Cafe en Ibiza & Chillout
24816,Bossa Kids
24819,Bossa Nora Of The Aegean Se
24821,Bossa Nova
24825,Bossa Nova All-Star Ensemb...
24826,Bossa Nova All-Star Ensemb...| Bossa Nova Latin Jazz Piano Collective| Bossanova
24827,Bossa Nova All-Star Ensemb...| Bossa Nova Latin Jazz Piano Collective| Bossanova Brasilero
24830,Bossa Nova All-Star Ensemble
24831,Bossa Nova All-Star Ensemble & Hang Drum & Café du Soleil
24834,Bossa Nova All-Star Ensemble| Bossa Nova All-Star Ensemb...| The Bossa Nova All Stars
24838,Bossa Nova Beauty
24841,Bossa Nova Café| Vol. 3
24842,Bossa Nova For Lovers
24843,Bossa Nova Guitar Smooth Jazz Piano Club
24845,Bossa Nova Guitar Smooth Jazz Piano Club & Dinner Music All Stars & Smooth Jazz Sax Instrumentals
24848,Bossa Nova Latin Jazz Piano Collective
24853,Bossa Nova Latin Jazz Piano Collective| Bossa Nova Lounge Orchestra| Bossa Nova All-Star Ensemb...
24859,Bossa Nova Music Specialists
24863,Bossa Nova| Bossa Nova All-Star Ensemb...| Bossa Nova All-Star Ensemble
24864,Bossa Trancelations
24866,Bossa n' Marley
24867,Bossa n' Stones
24869,BossaCucaNova & Roberto Menescal| Roberto Menescal| BossaCucaNova
24873,Bossanova & Brazilian Jazz & Café Tahiti Bora Bora
24880,Bosse-de-Nage
24887,Bossman
24891,Bosson
24894,Boston
24904,Boston Pops Orchestra | Arthur Fiedler
24908,Boston Pops Orchestra| Tanglewood Festival Chorus| Keith Lockhart
24912,Boston Strangler
24915,Boston Symphony Orchestra| Andris Nelsons
24920,Boston Symphony Orchestra|Berliner Philharmoniker|Charles Dutoit|Seiji Ozawa
24931,Botanica
24938,Botch
24943,Botnek
24944,Botnek & 3LAU
24945,Botnek| I See Monstas
24950,Bottegadelsuono
24951,Botti
24981,Boulanger Trio
24992,Bounce Inc.
25023,Bow Lee
25027,Bow Wow
25028,Bow Wow & Omarion
25029,Bow Wow Wow
25030,Bow Wow feat. Ciara
25034,Bowen 王博文
25035,Bowerbirds
25039,Bowling For Soup
25047,Box Tree Orchestra
25051,Boxed In
25052,Boxed Wine
25065,Boy & Bear
25072,Boy Epic
25074,Boy Face Busy
25076,Boy Funktastic
25083,Boy George And Culture Club
25093,Boy Kiss Girl
25098,Boy Omega
25114,Boybreed feat. Reflex Soundz
25117,Boyce Avenue
25118,Boycode
25121,Boyd Kosiyabong
25126,Boydroots
25134,Boymerang
25137,Boyrock 보이락
25140,Boys Air Choir
25147,Boys In The Kitchen
25148,Boys Like Girls
25150,Boys Noize
25152,Boys Noize| Hudson Mohawke
25153,Boys Noize| Yoon Mirae 윤미래| Boys Noize| Yoon Mirae| 윤미래
25157,Boys Republic
25158,Boys Town Gang
25166,Boyz & Girl
25167,Boyz From NB
25168,Boyz II Men
25169,Boyz N Da Hood
25170,Boyz Reborn
25172,Boyzone
25173,Boz Scaggs
25179,Bp Rania
25191,Brace Chyld
25197,Bracket
25205,Brad Davis
25209,Brad Knauber
25213,Brad Mehldau
25214,Brad Mehldau & Mark Guiliana
25216,Brad Mehldau Trio
25218,Brad Paisley
25239,Bradfield
25251,Bradley Joseph
25257,Brady Chrisman
25269,Brahms
25276,Braille
25302,Brainoil
25303,Brainpain
25304,Brainpain| Triamer & Nagato
25308,Brainsage
25309,Brainstorm
25310,Brainsugar
25312,Braintree
25315,Brainwave-Sync
25319,Braken
25320,Brakes
25335,Branchez
25336,Branchez feat. Santell
25338,Brand New
25340,Brand New Rockers
25342,Brand Nubian
25354,Brandi Carlile
25356,Brandi Jae
25366,Brandon Beal
25367,Brandon Beal|Hedegaard
25379,Brandon Flowers
25381,Brandon Green
25383,Brandon Heath
25385,Brandon Hines
25386,Brandon K. Verrett
25391,Brandon Lee Richardson
25403,Brandon Rhyder
25415,Brandon Williams
25417,Brandt Brauer Frick
25420,Brandy
25422,Brandy Clark
25431,Branford Marsalis
25434,Branford Marsalis Quartet| Kurt Elling
25442,Brantley Gilbert
25447,Brasil 690
25449,Brasil Various
25457,Brass Construction
25459,Brass Knuckles
25460,Brass Knuckles & David Solano
25462,Brass Knuckles feat. John Ryan
25466,Brass Tax Hit Makers
25474,Brasstracks
25485,Bratz
25497,Brave Combo
25499,Brave Guys
25506,Brave girls
25511,Bravo
25516,Brax Cutchin
25521,Brayzee
25530,Brazil Samba Party Hits
25556,Brazilution - Summer Edition 2009
25571,Breach
25574,Bread
25602,Breakbot
25615,Breaking Benjamin
25626,Breathe
25627,Breathe Carolina
25628,Breathe Carolina & Oscar Olivo
25629,Breathe Carolina feat. KARRA
25630,Breathe Carolina| APEK
25631,Breathe Carolina| Husman
25633,Breathe Jack
25636,Breathe The Name of India
25648,Breed 77
25649,Breed Machine
25653,Breex| Anabioz| Burthen| Timmiej| Li'lith| Baunn| Diamans| Tom Strobe| Gemini Tri
25662,Breezy
25671,Brekk
25681,Brenda Burch
25689,Brenda Lee
25690,Brenda Lee| Owen Bradley and His Orchestra
25699,Brenda Russell
25706,Brendan Cleary
25719,Brendan Philip
25737,Brennan Heart
25739,Brennan Heart and Jonathan Mendelsohn
25764,Brent Cobb
25771,Brent Lewis
25779,Brenton Wood
25780,Brentwood Bach Society
25781,Brentwood Duo
25793,Breton
25794,Brett
25801,Brett Clarke
25802,Brett Dennen
25806,Brett Eldredge
25821,Brett Young
25842,Briaandchrissy & RUNAGROUND
25843,Brian
25846,Brian & Jenn Johnson
25848,Brian Angel
25855,Brian Blade
25872,Brian Coll & The Murphys
25876,Brian Crain
25877,Brian Cross
25879,Brian Culbertson
25892,Brian Eno
25895,Brian Fallon
25919,Brian Hyland
25922,Brian James Brasher & Sonny Del Grosso
25924,Brian Jerome Project
25926,Brian Jones
25928,Brian Justin Crum
25943,Brian Littrell
25944,Brian Longridge
25945,Brian Lynch
25946,Brian Lynch Latin Jazz Sextet
25949,Brian May
25951,Brian McFadden
25953,Brian Mcknight
25957,Brian Moon
25962,Brian Owens
25966,Brian Phillips
25973,Brian Puspos
25983,Brian Seo
25984,Brian Setzer
25985,Brian Setzer Orchestra
25989,Brian Springstill
25999,Brian Tyler
26000,Brian Tyler| Keith Power
26002,Brian Tyler| Robert Lydecker
26003,Brian Tyler|Danny Elfman
26007,Brian Wayy
26010,Brian Wilson
26018,Brian the Sun
26035,Bricc Baby
26040,Brick
26041,Brick & Lace
26042,Brick + Mortar
26049,Bridal Wedding March
26051,Bride Worship
26058,Bridge to Grace
26063,Bridges Of Madison County
26066,Bridget Jones's Diary
26068,Bridget Kelly
26073,Bridgette Hammers
26074,Bridgeway
26075,Bridgit Mendler
26078,Bridie Jackson and The Arbour
26079,Brie Larson
26100,Brighi
26102,Bright Eyes
26106,Bright Light Bright Light
26108,Bright Light Bright Light feat. Elton John
26110,Bright Lights
26112,Bright Morningstar
26131,Brigitte
26132,Brigitte Bardot
26137,Brigitte Fassbaender/Erik Werba/Wolfgang Sawallisch/Chor der Bayerischen Staatsoper M?/Capella Bavariae
26146,Brihang
26150,Brika
26157,Brilliant Brothers
26160,Brillz
26161,Brim
26165,Brinck
26169,Brineaboy
26171,Bring It On - Music From The Motion Picture
26172,Bring Me The Horizon
26177,Brings
26199,Bristles
26214,British Pop All-Stars
26215,British Sea Power
26216,British Vanilla Latte
26219,Britney Sanders
26221,Britney Spears
26222,Britney Spears & Iggy Azalea
26224,Britney Spears feat. Nicki Minaj & Ke$ha
26227,Britny Fox
26230,Britt Nicole
26235,Britta Persson
26236,Britta Phillips
26239,Brittany Campbell
26262,Bro
26264,Bro Safari
26266,Bro'Sis
26273,Broadway Allstars
26275,Broadway Cast
26288,Broadway's Greatest Leading Men
26294,Broccoli you too
26295,Brock Berrigan
26298,Brock Lette
26304,Brodie
26306,Brodinski
26307,Brodinski| Gesaffelstein
26317,Brohug
26318,Broiler
26323,Brokeback Mountain Soundtrack
26329,Broken Back
26330,Broken Bells
26339,Broken Flags
26341,Broken Heart
26345,Broken Iris
26347,Broken Lingerie
26351,Broken Proects Alliance
26355,Broken Social Scene
26359,Broken Twin
26365,Brolin
26367,Brolle Jr
26368,Brolle| Charlotte Perrelli
26372,Bromide
26390,Bronze Hits
26392,Bronze Radio Return
26394,Bronze Whale
26398,Broods
26399,Brook Benton
26409,Brooke Blair| Will Blair
26410,Brooke Candy
26413,Brooke Fraser
26414,Brooke Hogan
26421,Brooke Valentine
26431,Brookfield Duece
26442,Brooklyn Duo
26444,Brooklyn Funk Essentials
26449,Brooks
26450,Brooks & Dunn
26454,Brooks Stars Garth
26458,Brookville
26459,Brookyn Youth Orchestra
26461,Broombeck
26472,Brotha Kam & Yung Bruh feat. Jasiri X
26473,Brotha Lynch Hung
26476,Brother Ali
26478,Brother Beyond
26491,Brother Jack McDuff
26501,Brother Su & I.M (of MONSTA X)
26507,BrotherFriendBrother
26508,BrotherSu
26510,Brotherhood Of Man
26525,Brothers Norge
26527,Brothers Osborne
26549,Brown Eyed Girls
26567,Brownstone
26590,Bruce Channel
26605,Bruce Hornsby and the Range
26609,Bruce Johnston
26610,Bruce Joyner
26612,Bruce Kurnow
26614,Bruce Leers
26615,Bruce Levingston
26624,Bruce Smear
26625,Bruce Springsteen
26632,Bruce Trail
26641,Bruh Luuh| J. Love
26657,Brunettes Shoot Blondes
26666,Bruno Battisti D'Amario
26678,Bruno Coulais
26686,Bruno Furlan
26687,Bruno Gafanhoto
26688,Bruno Gennaro
26702,Bruno Mars
26706,Bruno Mars Tributors
26708,Bruno Merz
26717,Bruno Pelletier
26730,Bruno Walter
26746,Brushy One String
26748,Brussels Jazz Orchestra
26752,Brutal Bill
26762,Bry
26769,Bryan & Katie Torwalt
26771,Bryan Adams
26772,Bryan Adams & Hans Zimmer
26774,Bryan Bautista
26789,Bryan Ferry
26790,Bryan Ferry & Roxy Music
26791,Bryan Finlay
26795,Bryan Hawn
26802,Bryan Kearney
26810,Bryan Luck
26811,Bryan Mahon
26815,Bryan Rice
26822,Bryan White
26829,Bryce
26838,Bryce Vine
26846,Bryn Terfel
26862,Bryson Tiller
26869,Brädi
26877,Bsharry
26893,Bubba Sparxxx
26894,Bubba Sparxxx Feat. Ying Yang Twins
26902,Bubble Sisters
26903,Bubblegum
26910,Buble| Michael
26921,Buck Clayton & Tommy Gwaltney's Kansas City Nine & Dickie Wells & Charlie Byrd
26927,Buck Owens
26937,Buckcherry
26941,Buckethead
26945,Buckner & Garcia
26961,Bud Powell
26966,Bud Shank
26974,Budamunk
26984,Budapest Scoring Symphonic Orchestra| Peter Pejtsik
26985,Budapest String Quartet
27011,Buddha Hotel Ibiza Lounge Bar Music Dj
27012,Buddha Lounge
27020,Buddha Meditation Collective
27032,Buddha Tribe & House Party & Lounge Essential
27033,Buddha Zen Chillout Bar Music Cafe
27035,Buddha Zen Chillout Bar Music Cafe| Chill Out Music Cafe| Ibiza Dance Music
27042,Buddha-Bar
27054,Buddy Blues
27067,Buddy Greco
27070,Buddy Guy
27071,Buddy Guy & Junior Wells
27074,Buddy Holly
27083,Buddy Jewell
27090,Buddy Merrill
27098,Buddy Rich
27102,Buddy Rich Big Band
27119,Buena Vista Social Club
27130,Buffalo Springfield
27135,Buffy Sainte-Marie
27137,Bug
27147,Bugle
27157,Bugzy Malone
27165,Building 429
27183,Buku
27202,Bulldog Mansion
27207,Bullet For My Valentine
27210,Bulletboys
27212,Bulletproof & the Fool
27233,Bum City Saints
27236,BumJa
27239,Bumblebeez 81
27244,Bumkey
27252,Bumpkin Island
27254,Bun B
27255,Bun B. and Obscene
27259,Bunbury
27264,Bundles
27271,Bunji Garlin
27273,Bunk Johnson
27290,Bunny Sigler
27295,Buono!
27304,Burak Yeter
27316,Burden Of A Day
27325,Burhan G
27334,Buriru (ぶりる)
27338,Burkhard Dallwitz
27340,Burl Ives
27343,Burlesque Original Motion Picture Soundtrack
27347,Burn
27351,Burn It Up
27368,Burning Down Alaska
27380,Burning Spear
27387,Burning Witch
27397,Bursters
27398,Burt Bacharach
27410,Bury Me Deep
27412,Bury Tomorrow
27419,BusBoys
27423,Buscemi
27428,Bush
27433,Bushido
27436,Bushido präsentiert
27445,Busking Stop
27451,Busta Rhymes
27452,Busta Rhymes feat. Linkin Park
27453,Bustafunk
27455,Busted
27458,Buster Moe
27468,Busy Signal
27478,Butch Walker
27483,Butcher Brown
27484,Butcher the Bar
27498,Butterfly
27500,Butterfly Boucher
27507,Butthole Surfers
27508,Button Eyes
27512,Buvana
27516,Buy Now
27517,Buzz
27523,Buzzcocks
27526,Buzzin' Fly Vol. 3
27535,Bwana
27546,By Line
27555,By The Tree
27559,ByTheWay
27561,Bye Bye Badman
27565,Byereta Hannington
27572,Byrd
27594,Byront
27601,Byul.org
27605,BØRNS
27611,Bängks
27617,Bé Trang Thư
27623,Béla Fleck
27632,Bïa
27634,Börgerding
27648,C & C Music Factory
27650,C AllStar
27659,C Duncan
27661,C Harmony
27662,C Jamm
27663,C Jamm| BewhY
27665,C Kristyle
27667,C Losta
27671,C Nell
27676,C Red The Prince
27681,C Section
27693,C&K
27695,C'est La Vie
27698,C-12
27706,C-CLOWN
27723,C-Mill
27730,C-Plus
27734,C-Real
27743,C-Trox
27769,C.E.O
27782,C.J. Bolland
27786,C.Khid
27802,C.O.W.
27810,C.S. Heath & Jonas James
27827,C21
27828,C2C
27831,C3 (Christian City Church Oxford Falls)
27832,C3 Music
27844,CAB CALLOWAY
27849,CAFE NIGHT STANDARD
27855,CALMERA
27870,CAPCOM
27876,CAR|THE GARDEN
27877,CASCADE
27905,CCM Rudia CCM루디아
27906,CCM Rudia(CCM루디아)
27913,CD9
27914,CDB
27928,CF
27929,CF Greatest Hits Within Motor
27930,CF Hits Collection
27931,CFCF
27935,CF| Movie & Drama Hits
27941,CHAGE and ASKA
27943,CHALAW & PASSIWALI
27951,CHARAN-PO-RANTAN (チャラン・ポ・ランタン)
27953,CHARLI XCX
27955,CHARLIE PUTH
27956,CHARLY BLACK
27961,CHEEZE
27964,CHELSEA GRIN
27965,CHEMISTRY
27972,CHIHIRO
27975,CHIRO a.k.a.souldigger
27977,CHO Gyuchan 조규찬
27978,CHO Hangjo 조항조
27982,CHOCO
27983,CHOI Junyoung 최준영
27989,CHRISTMAS CONCERTOS
27990,CHRISTMAS STOCKINGS
27993,CHRONIXX
27994,CHS All Stars
27996,CHVRCHES|Eric Prydz
27999,CHiCO with HoneyWorks
28004,CID ft. Luciana
28005,CID| Kaskade
28006,CIFIKA
28007,CIGARO
28009,CIMBA
28017,CIVILIAN
28020,CJ Bomb
28039,CKTD
28042,CL (2NE1)
28056,CLAZZI
28057,CLC
28059,CLEAR'S
28061,CLINT EASTWOOD AMERICAN MASTERS
28062,CLMD
28064,CLMD feat. Jared Lee
28075,CLUTCH
28078,CLoudMonster
28080,CLØWD
28085,CMCB
28089,CMO樂團
28090,CMRN
28093,CMYK 씨엠와이케이
28095,CNBLUE
28097,CNBLUE鄭容和 之「你為我著迷」電視原聲帶
28099,CNU (B1A4)
28115,COIN
28121,COLOR
28135,COOL JOKE
28138,CORE OF SOUL
28149,COVOX
28157,CRANKDAT| HAVOK ROTH| CRANKDAT| HAVOK ROTH
28161,CRAYON POP
28162,CRAZY LIXX
28171,CRNKN
28172,CROSS GENE
28173,CROWN J
28174,CRS
28179,CRYSTAL BOY
28186,CSO
28187,CSS
28188,CSS| Silvio Anastacio| Molly Marlette
28190,CS晨悠
28191,CT Girls
28197,CTO LAB.
28198,CTS
28208,CVBZ
28211,CVS At Night
28215,CY on the Beat
28217,CYH
28222,Ca$His
28224,Ca$h Out
28231,CaSSo
28247,Cabaret 8
28255,Cabbage
28262,Cable Car
28295,Cade Larson
28307,Cadets
28322,Cady Groves
28327,Caedmon's Call
28332,Caesars
28337,Caetano Veloso
28340,Caetano Veloso| Gilberto Gil
28344,Cafe Backing Band
28352,Cafe Chillout Music de Ibiza| Chill Out Music Cafe| Hong Kong Sunset Lounge Bar
28354,Cafe Chillout de Ibiza
28356,Cafe Chillout de Ibiza| Best Relaxation Music| Cafe Les Costes Club Dj Chillout
28359,Cafe Del Sol
28368,Cafe Lounge
28369,Cafe Lounge Music
28371,Cafe Music BGM channel (Cafe Music BGM channel)
28375,Cafe Piano Standard for Lovers (恋人たちのカフェ・ピアノ・・・)
28378,Cafe Relax at HOME・・・
28379,Cafe Royale
28385,Cafe de Ibiza
28387,Cafe del Mar
28388,Cafe lounge Christmas
28391,Cafe lounge resort
28393,Cafe．Tango．Gracieux Trio
28394,Caffeine
28399,Cafè de Flore
28401,Café Bossa
28410,Café Jazz
28411,Café Latino
28413,Café Lounge Del Mar
28419,Café Waiting Love O.S.T
28422,Café de paris
28424,Cage The Elephant
28425,Cage The Gods
28429,Cagnet
28432,Cahoots
28439,Cailee Rae
28441,Cain's Dinasty
28463,Caitlin Hart
28467,Caitlyn Smith
28470,Cajmere
28475,Caju & Castanha
28476,Cajun Dance Party
28478,Cake
28482,Caked Up
28485,Cakes Da Killa
28492,Cal Scruby
28494,Cal Tjader
28498,Cal Tjader's Modern Mambo Quintet
28512,Calaita Flamenco Son
28520,Calcanda
28544,Caleb Lee
28547,Caleb and Kelsey
28559,Cali
28560,Cali & El Dandee
28570,Cali Y El Dandee
28572,Caliban
28595,California Concert:The Hollywood Palladium
28613,Calimeros
28617,Calippo
28628,Call Me Maybe
28635,Calla
28637,Callaghan
28642,Calle 13
28657,Calling Glory
28683,Calm Music for Studying| Classical Study Music| Exam Study Classical Music Orchestra
28689,Calm Ocean Sounds
28699,Calm'n'Chaos
28701,Calmani & Grey
28707,Calming Classical Piano Sounds
28708,Calming Jazz
28709,Calming Music Academy
28718,Calming Piano Music| Classical Piano Academy| Easy Listening Piano
28728,Calogero
28735,Calum Foad
28738,Calum Scott
28748,Calvin Harris
28749,Calvin Harris & Disciples
28751,Calvin Harris feat. Ellie Goulding
28752,Calvin Harris feat. Florence Welch
28753,Calvin Harris feat. HAIM
28754,Calvin Harris feat. John Newman
28755,Calvin Harris feat. Ne-Yo
28761,Calvin Richardson
28762,Calvin Russell
28768,Calvo
28774,Cam
28781,Cam Groves
28783,Cam Ly
28788,Cam'ron
28799,Cambis & Wenzel
28812,Camden Wind Ensemble| Charles Spinks| Hazel Holt| Heinrich Schütz Choir| Ian Partridge| London String Players| Paul Esswood| Roger Norrington| Stafford Dean| The Philip Jones Brass Ensemble
28813,Camel
28814,Camel Power Club
28815,Camel Power Club| Racoon Racoon
28817,CamelPhat feat. Jaxxon
28818,Camelle Hinds
28819,Camellia
28822,Camelphat
28823,Cameo
28828,Camera Obscura
28829,Camera Shy
28861,Cameron Dallas
28863,Cameron Ernst
28866,Cameron Glenn
28868,Cameron James
28880,Camiel
28884,Camila
28900,Camilla North
28902,Camille
28906,Camille Bertault
28917,Camille Safiya & Frankie P
28930,Camilo Sesto
28940,Camo & Krooked
28942,Camobear All-Stars
28948,Camp Cope
28949,Camp Lo
28951,Camp Rock
28953,Campag Velocet
28964,Campsite Dream
28968,Camu Tao
28971,Camus (カミュ)
28974,Camélia Jordana
28983,Can You Blow My Whistle Baby
28988,Can't Stop Won't Stop
28992,Canaan Smith
29007,Canary
29010,Canblaster
29038,Canciones de Navidad Escuela| Feliz Navidad| Navidad Clasico
29058,Candice
29061,Candice Glover
29064,Candice Milner
29068,Candice Sand
29071,Candido
29073,Candiria
29074,Candle
29082,Candle| HANHAE
29083,Candy
29089,Candy Cane Trio
29091,Candy Dulfer
29097,Candy Shop Project
29098,Candy Shop| Big & Fat| Beatlook| Alex Lead| Nastya Miracle| Big Room Academy| Brother D| Central Galactic| Cj NiksoN| Cream Sound| Daniel Savanna| Death Plays| Diana K| Dima Rise| Dino Sor| Dj Amedeo| Dj Anton Ostapovich| Dj Emotion| Dj Fat Maxx| Dj Koly
29108,Candy Tang Guo 唐果
29115,Candyman
29129,Canibus
29130,Canice & Made in Germany
29136,Canned Heat
29138,Cannes
29139,Cannibal
29148,Cannon Project| Dj Lukas| Recycle bot
29151,Cannonball Adderley
29155,Cannonball Adderley And The Bossa Rio Sextet
29156,Cannonball Adderley Quintet
29171,Canon II
29174,Canon in D Piano
29175,Canon's Commenial Garden
29179,Canonero| Michael Nolen| Natali Song
29190,Cantabile
29196,Cantando Com Os Bichos
29203,Canterbury
29212,Cantique Lépreux
29224,Cantovano and His Orchestra
29231,Canvas Solaris
29259,Capac
29262,Capcom Sound Team
29266,Cape Lion
29273,Capella Istropolitana With Soloists Of The Baroque Chamber Orchestra
29282,Capital Cities
29290,Capitan Kidd
29292,Capitanata & Giorgio Cerquetti
29294,Capitol Disco
29315,Capone-N-Noreaga
29317,Cappa
29318,Cappa Regime
29319,Cappadonna
29328,Cappella Pratensis
29331,Cappricio
29340,Capsize
29345,Capsule
29347,Captain & Tennille
29352,Captain America: The First Avenger OST
29381,Captain Jack
29392,Captain Tennille
29403,Capture The Crown
29406,Capyac
29407,Car Ad Soundtracks
29409,Car Seat Headrest
29413,Cara Dillon
29417,Cara Mia
29419,Cara Neir
29425,Carad Soundtracks
29434,Caramell
29438,Carango
29439,Caravan
29440,Caravan Palace
29448,Carbon Airways
29458,Carcass
29470,Cardiknox
29482,Cardio All-Stars| Xtreme Cardio Workout| Xtreme Cardio Workout Music
29485,Cardio Dance Crew
29492,Cardio Workout Crew
29499,Cardio Workout Team
29505,CardioMixes Fitness
29519,Careless Whispers
29540,Caribbean Party - Official 2007 Cricket World Cup
29543,Caribbean Vibe
29544,Caribbean West Indies: An Island Carnival
29547,Caribou
29560,Carisma Guitar Duo
29561,Carissa Biele
29563,Carita Holmstroem
29564,Carita Holmström
29568,Carl Anderson
29570,Carl Barât
29582,Carl Chaze
29583,Carl Cox
29586,Carl Cox| Jon Rundell
29587,Carl Craig
29593,Carl Douglas| Simon Ledger
29595,Carl Doy
29604,Carl Fredrik Orrje
29612,Carl León
29629,Carl Perkins
29639,Carl Smith
29645,Carl Thomas
29649,Carl-Heinz Muller/Helle Muller-Thiemens
29656,Carla Bruni
29664,Carla Mauri
29665,Carla Morrison
29668,Carla Thomas
29673,Carla dal Forno
29674,Carla's Dreams
29675,Carleen Anderson
29690,Carlinhos Brown
29725,Carlo Maria Giulini
29746,Carlo Siliotto
29763,Carlos Baute
29766,Carlos Bonell
29786,Carlos Do Carmo
29788,Carlos Ferragamo
29792,Carlos Gardel
29811,Carlos Kleiber - Orchestra| Coro del Maggio Musicale Fiorentino
29815,Carlos Kleiber|Wiener Philharmoniker
29819,Carlos Lyra
29825,Carlos Montoya
29829,Carlos Nunez
29832,Carlos Ortiz
29845,Carlos Reyes
29853,Carlos Sadness
29854,Carlos Santana
29856,Carlos Serio
29866,Carlos Varela
29869,Carlos Vives
29877,Carlota Crey
29878,Carlprit
29880,Carlton Forrester
29886,Carly Clark
29888,Carly Foxx feat. Mai
29894,Carly Rae Jepsen
29896,Carly Simon
29903,Carmada
29918,Carmen
29935,Carmen Linares
29938,Carmen McRae
29939,Carmen Miranda
29945,Carmen Piazzini| Michail Gantvarg| Leningrad Soloists Orchestra
29961,Carmichael
29964,Carmina Burana
29973,Carnaby St Generation
29974,Carnage
29977,Carnage feat. I LOVE MAKONNEN
29978,Carnage feat. Lil Uzi Vert| A$AP Ferg & Rich The Kid
29980,Carnage feat. Timmy Trumpet & KSHMR
29995,Carnifex
30005,Carnival of the Animals
30012,Caro Emerald
30020,Carol Ann Williams
30037,Carol Kidd
30042,Carol Mars Dienheim (キャロル・マールス・ディーンハイム)
30046,Carol Sloane
30050,Carol Welsman
30056,Carole King
30060,Carolin No
30063,Carolina Celedon
30071,Carolina Liar
30079,Caroline
30083,Caroline Castell
30084,Caroline Chevin
30085,Caroline Costa
30086,Caroline D'Amore
30091,Caroline Henderson
30094,Caroline Larsson
30103,Caroline Pennell
30107,Caroline Smith
30121,Carolyn Dawn Johnson
30125,Carolyn Franklin
30140,Carousel
30147,Carpark North
30160,Carpenters
30178,Carrie Gibson
30183,Carrie Parker
30184,Carrie Underwood
30199,Carrossel Diabólico
30208,Cars
30210,Cars - Original Soundtrack
30211,Cars 2 Original Soundtrack
30215,Carson Hill
30231,Cartel
30237,Carter & Funk
30238,Carter Burwell
30254,Cartola
30256,Cartoon Band
30260,Cartoon Land
30262,Cartoon Rainbow
30265,Cartoon feat Daniel Levi
30266,Cartoon feat. Coleman Trapp
30267,Cartoons
30268,Cartoon| Jüri Pootsmann
30269,Cartoon| Kristel Aaslaid
30277,Cary Brothers
30279,Cary Morin
30287,Cas.Ed
30292,Casa Loma Orchestra
30302,Casanova
30307,Cascada
30308,Cascada and Friends
30309,Cascade
30310,Cascades
30313,Case
30314,Case & Point
30319,Casely
30322,Casey Abrams
30324,Casey Barnes
30325,Casey Bill Weldon
30326,Casey Breves
30331,Casey Darnell
30348,Casey Veggies
30349,Casey Veggies feat. Dej Loaf
30357,Cash Cash
30376,CashOut
30381,Cashies da Storyteller
30387,Cashmere Cat
30391,Cashtime Fam
30402,Casino Royale
30409,Casker
30413,Caskey
30431,Caspian
30434,Cass McCombs
30437,Cassadee Pope
30447,Cassandra Wilson
30448,Cassandre
30451,Cassaundra
30454,Cassendre Xavier
30459,Cassey Doreen & Martin Sola
30462,Cassidy
30464,Cassie
30465,Cassie Davis
30476,Cassino
30480,Cassius
30481,Cassius Jay
30483,Cassper Nyovest
30485,Cassy
30486,Cast
30488,Cast - Phineas and Ferb
30489,Cast - Sofia the First
30491,Cast Of H2O
30492,Cast Of Mamma Mia The Movie
30498,Cast of Shake It Up: Live 2 Dance
30509,Casting Crowns
30521,Casual
30548,Cat Power
30552,Cat Stevens
30554,Cat Trumpet
30556,Cat's Eyes
30564,Catalyser
30572,Catatonia
30576,Catch This Beat
30579,Catch the hearts
30583,Catchment
30585,Cate le Bon
30589,Caterina Valente
30594,Caterino
30595,Catey Shaw
30596,Catfish And The Bottlemen
30603,Cathedrals
30607,Catherine Britt
30614,Catherine Feeny
30629,Catherine McGrath
30634,Catherine Russell
30635,Catherine Sauvage
30651,Cathy Burton
30657,Cathy Heller
30667,Cato Anaya feat. Dann Visbal
30669,Cato Anaya feat. Natalia Bautista
30673,Catrin Finch| Seckou Keita
30674,Catriona Bryson
30689,Cattivi Pensieri
30691,Cattle Decapitation
30695,Catwalk Glamour
30696,Catwalk Music Starz
30698,Catwork Remix Engineers
30733,Cave In
30741,Cavity
30742,Cavo
30743,Cavorts
30747,Caxton Press
30764,Cazwell
30768,Cazzette
30769,Cazzette| AronChupa
30770,CazziOpeia
30774,Caïna
30780,Cdk Vybez
30786,CeCe Winans
30792,Ceballos & Chus
30804,Cecil Otter
30807,Cecil Taylor
30811,Cecile Hercule
30812,Cecile Ousset
30816,Cecilia Bartoli| Il Giardino Armonico| Giovanni Antonini
30840,Cecillove
30845,Ced.Rec
30849,Cedar Walton
30853,Cedarmont Baby
30857,Cedric Dumont and His Orchestra
30858,Cedric Gervais
30874,Cee-Lo
30875,Cee-Lo Green| Brendon Urie [of Panic At The Disco]| Patrick Stump [of Fall Out Boy]| Janelle Monae| & Travis McCoy [of Gym Class Heroes]
30877,CeeLo Green
30887,Ceili Rain
30906,Celebrity Symphony Orchestra
30910,Celeina Ann (セレイナ・アン)
30911,Celer
30912,Celeste
30914,Celeste Buckingham
30920,Celestial
30925,Celestina
30927,Celesty
30930,Celia Cruz
30939,Celie
30945,Celine Dion
30953,Cella Dwellas
30960,Cellist Yesle
30962,Cello
30968,Cello Music Songs
30983,Celly Campello
30996,Celsius
30997,Celso Fonseca
30998,Celso Fonseca / Ronaldo Bastos
31000,Celso Murilo
31005,Celtas Cortos
31007,Celtic Angels
31016,Celtic Harp Soundscapes
31019,Celtic Hymns Volume.2
31022,Celtic Lullabies
31035,Celtic Spirit
31036,Celtic Spirits
31039,Celtic Thunder
31041,Celtic Woman
31076,Center Stage - Music From The Motion Picture
31087,Central Avenue| Graham Sahara
31097,Central Hall
31100,Central Sound
31104,Centro-Matic
31123,Cephalic Carnage
31138,Ceremony
31142,Ceresia
31143,Cerevisia
31157,Cerys Matthews
31159,Cesar Camargo Mariano & Romero Lubambo
31164,Cesar Imbellone| Neil
31174,Cesare Cremonini
31179,Cesaria Evora
31181,Ceschi
31189,Cevin Fisher
31202,Cf Fashion Party
31213,Cha Soo Kyung
31222,Chaandanee
31228,Chacal
31230,Chace
31238,Chacra Music
31242,Chad B
31257,Chad Future
31259,Chad Kroeger Feat. Josey Scott
31260,Chad Lawson
31277,Chad Smith's Bombastic Meatbats
31290,Chae Yeon
31305,Chain Smoker
31315,Chairlift
31321,Chaka Khan
31330,Chakra Balancing Sound Therapy & Chakra's Dream & Tibetan Singing Bowls for Relaxation| Meditation and Chakra Balancing
31333,Chakra Bleu
31336,Chakra Lounge - No Noise
31338,Chakra Meditation Balancing
31343,Chakra Meditation Specialists & 快眠専門家 & Yoga Tribe
31346,Chakra Music Zone
31349,Chakra Sound Therapy Group
31353,Chakra 脉轮
31362,Chakri
31367,Chalan Ford
31372,Chali 2na
31389,Cham
31391,Chambao
31394,Chamber Choir Eesti Projekt| The and Treimann| Anne-Liis (conductor)
31412,Chamber ensemble 'Romantic Trio'
31416,Chamberlane
31424,Chamillionaire
31430,Champ
31432,Champ Game Live
31448,Champion Jack Dupree
31451,Champion Soundtracks
31455,Champs
31464,Chan Young
31465,Chana
31476,Chancellor
31480,Chancellor| Bumkey
31485,Chandeen
31492,Chandler Stephens| Kane Brown
31499,Chanel West Coast
31505,Changbeom Kim
31510,Changed The Way You Kiss Me
31520,Chani
31526,Channel Zero
31528,Channels
31529,Chano (シャノ)
31538,Chanson de Cabaret
31559,Chantal
31560,Chantal Archambault
31561,Chantal Chamberland
31565,Chantal Kreviazuk
31572,Chantay Savage
31575,Chantel Ikehara
31580,Chanteurs pour enfants
31581,Chanticleer
31592,Chanté Moore
31593,Chanudom
31619,Chaps Choir
31631,Chara
31648,Charice
31654,Charisma.com
31670,Charlee Remitz
31675,Charlemaine
31677,Charlene Soraia
31681,Charles Aznavour
31687,Charles Bradley
31690,Charles Brown
31710,Charles Dutoit|Akiko Suwanai|Philharmonia Orchestra
31713,Charles Dutoit|Berliner Philharmoniker|Martha Argerich|Claudio Abbado|Royal Philharmonic Orchestra
31728,Charles Feelgood
31731,Charles Fernandez
31734,Charles Gerhardt
31737,Charles Hamilton
31740,Charles Ives
31746,Charles Kelley
31753,Charles Lloyd Quartet
31756,Charles Mackerras & London Proms Symphony Orchestra
31762,Charles McPherson
31763,Charles Mingus
31778,Charles Pasi
31779,Charles Perry
31780,Charles Petersohn meets Jasper van't Hof
31783,Charles Richard-Hamelin
31786,Charles Schillings
31788,Charles Smart
31791,Charles Teo
31792,Charles Trenet
31801,Charles Watson & Hollow Council
31802,Charles Webster
31803,Charles Webster Feat. Samantha James
31805,Charles William
31808,Charles Wright & the Watts 103rd Street Rhythm Band
31822,Charley Pride
31829,Charlie
31838,Charlie Barnet
31848,Charlie Brennan
31854,Charlie Byrd
31855,Charlie Byrd & Herb Ellis & Mundell Lowe
31861,Charlie Christian
31862,Charlie Clouser
31868,Charlie Daniels
31870,Charlie Deets
31875,Charlie Dée
31891,Charlie Green
31892,Charlie Haden
31894,Charlie Haden & The Liberation Music Orchestra
31900,Charlie Hedges
31901,Charlie Hilton
31904,Charlie Hunter
31914,Charlie Lim
31918,Charlie Mars
31925,Charlie Moses
31931,Charlie Palmieri
31932,Charlie Parker
31951,Charlie Rich
31955,Charlie Rouse
31964,Charlie Simpson
31973,Charlie Wilson
31976,Charlie Worsham
31981,Charlie's Angels - Music From the Motion Picture
31982,Charlie's Angels: Full Throttle (Music From the Motion Picture)
31991,Charlotte Cardin
31993,Charlotte Church
31994,Charlotte Church| Sian Edwards| Meinir Heulyn| Orchestra of Welsh National Opera| Chorus of Welsh National Opera| Graham Jackson
31997,Charlotte Devaney
31998,Charlotte Diamond
32000,Charlotte Gainsbourg
32007,Charlotte Lawrence
32009,Charlotte Martin
32018,Charlotte's Web - Music from the Motion Picture
32025,Charly Black| Daddy Yankee
32027,Charly Cole
32041,Charm
32054,Charming Lounge Music
32055,Charming Lounge Romantic Songs
32060,Charodey Jeddy
32068,Chart Hits Allstars
32072,Chart Hitz
32073,Chart Nation
32074,Chart Stormers
32076,Chart Topping Karaoke
32081,Chartonia
32086,Charts Hits 2014 / 1 (incl. Timber| Let Her Go and Burn)
32087,Charts Hits 2014 / 1 (inkl. Stolen Dance| Changes und Timber)
32090,Chartstarz
32103,Chase & Status
32109,Chase Bryant
32113,Chase Coy
32116,Chase Holfelder
32129,Chase 逐樂團
32144,Chasing the Sun
32151,Chat
32152,Chat Baker
32155,Chatal Chamberland
32157,Chateau Marmont
32159,Chatmonchy
32169,ChawChaw (ChawChaw)
32172,Chawki
32177,Chayanne
32180,Chaz French
32188,Chazzy Green
32189,Cha| Ji Yeon X LDN Noise
32197,Che'Nelle
32203,Cheap Nasties
32208,Cheap Thrills
32210,Cheap Trick
32211,Cheat Codes
32214,Cheatahs
32239,Cheba Maria
32261,Cheech And Chong
32263,Cheech the God
32269,Cheeky Monkey
32270,Cheeky Parade
32277,Cheerleader
32280,Cheesa
32283,Cheese Finger Brown
32288,Cheetah
32291,Cheezstereo
32298,Chef'Special
32300,Chefetage
32325,Chelley
32326,Chelly Jane
32327,Chelo
32329,Chelone Formation
32346,Chelsea Lankes
32355,Chelsea Rivers
32359,Chelsea Wolfe
32360,Chelsey Denea
32362,Chelsy
32373,Chen Chiu-shen
32379,Chen Xiu Xia 陈秀霞
32380,Chen pi-hsien
32395,Cher
32397,Cher Lloyd
32398,Cher Lloyd feat. Juicy J
32401,Cheraze
32404,Cheri Moon
32405,Cheri Tempo
32415,Cherish
32417,Cherish The Ladies
32418,Cherish The Time
32422,Cherokee
32427,Cherri Bomb
32435,Cherry Cherry Boom Boom
32437,Cherry Ghost
32438,Cherry Glazerr
32442,Cherry Mind
32449,CherryBomb Girls
32453,Cherub
32457,Cheryl
32460,Cheryl Bentyne
32462,Cheryl Cole
32466,Cheryl Lynn
32471,Cheryl Reid
32493,Chester See
32497,Chet Atkins
32498,Chet Atkins & Jerry Reed
32500,Chet Atkins and Mark Knopfler
32503,Chet Atkins| c.g.p. with Tommy Emmanuel
32504,Chet Baker
32505,Chet Baker & Bill Evans
32507,Chet Baker And Art Pepper
32515,Chet Baker| Enrico Pieranunzi
32519,Chet Baker| Miles Davis
32520,Chet Baker| Paul Bley
32521,Chet Baker| Philip Catherine| Jean-Louis Rassinfosse
32524,Chet Faker
32527,Chet Lam| My Little Airport
32528,Chet Porter
32539,Chevelle
32545,Chevy J
32550,Chew Lips
32564,Chez Moon
32566,Chezidek
32568,Chezpiece
32576,Chi'Codez
32581,Chiaki Kuriyama (栗山千明)
32593,Chiara Massini
32599,Chibi Maruko Chan
32601,Chic
32606,Chic feat. Nile Rodgers
32607,Chicago
32616,Chicago Nervous House All Stars
32623,Chicago Symphony Orchestra
32624,Chicago Symphony Orchestra| Claudio Abbado
32631,Chicago Symphony Orchestra|Carlo Maria Giulini
32638,Chicago Symphony Orchestra|Matt Haimovitz|James Levine
32644,Chicago a cappella
32646,Chicane
32650,Chicano Raps Best (Various Artists)
32652,Chicasss
32655,Chicco Secci & Robbie Rivera
32664,Chick Carlton
32665,Chick Corea
32670,Chick Corea & Herbie Hancock
32673,Chick Corea & John Mclaughlin
32675,Chick Corea Akoustic Band
32677,Chick Corea Elektric Band
32682,Chick Webb
32695,Chickenfoot
32704,Chico Buarque
32711,Chico DeBarge
32716,Chico Hamilton And Eric Dolphy
32717,Chico Hamilton Quintet
32725,Chico Mendez & Peter Golikov & Joel Alexander & Ange Gadd & Steve Buchanan & Toby Gifford & Josef Muller & Myka Wallace & Paul Donehue & JB & Steph Barros Lees & Frankie James
32727,Chico O'Farrill
32730,Chico O'farril
32731,Chico Perrico
32745,Chicosci
32746,Chiddy Bang
32750,Chie Ayado
32763,Chief Keef
32782,Chiharu Tamashiro (玉城千春)
32786,Chihiro Onitsuka (鬼束ちひろ)
32787,Chihiro Yamanaka (山中千尋)
32789,Chihiro Yonekura (米倉千尋)
32801,Chila Lynn
32809,Child Piano Academy
32818,Childish Gambino
32821,Children 18:3
32830,Children Of Bodom
32835,Children in Love
32840,Children's Art Studio 'Kolobok'
32851,Children's Favorite's
32852,Children's Favorites| Vol. 1
32853,Children's Favorites| Vol. 2
32854,Children's Favourite Christmas Songs
32856,Children's Lullabies
32867,Children's Songs
32868,Children's Xmas
32870,Childrens Christmas Favorites
32876,Childrens Christmas Party
32883,Childrens Music Ensemble
32886,Childs
32889,ChildsPlay| Onderkoffer| ChildsPlay| Onderkoffer
32903,Chill Babies
32913,Chill House Cafe Vol. 2
32923,Chill House Sensation| Vol. 03
32928,Chill Lounge Music Bar
32932,Chill Lounge Music Bar La Luna a Ibiza
32936,Chill Lounge Players
32951,Chill Out 70's
32957,Chill Out Del Mar| Chill House Music Cafe| Sexy Summer Café Ibiza 2011
32963,Chill Out Lover
32971,Chill Out Sex Band
32980,Chill Step Masters
32996,Chilleando
33000,Chilled Cafe Lounge Music| Coffee Shop Jazz| Jazz Lounge
33006,Chilled Jazz Masters
33026,Chillipop
33031,Chillout Beach Club
33034,Chillout Cafe| Chillstep Unlimited
33054,Chillout Music Ensemble
33063,Chillout Sensation
33064,Chillout Sensation 2
33070,Chillout|Relaxing Instrumental Jazz Academy|Relaxing Instrumental Jazz Ensemble
33075,Chillstep Unlimited| Sexy Music Ibiza Playa del Mar DJ| Tropical Chill Out Music Club
33079,Chilly Gonzales
33087,Chima
33088,Chimaira
33106,ChinSheng
33117,China Drum
33137,Chine - Classical Music of China
33142,Chinese Man
33143,Chinese Massage for Heart
33145,Chinese Music Department Otchestra of Tainan National University of the Arts
33147,Chinese New Year Collective
33164,Chingy
33174,Chino
33175,Chino & Nacho
33183,Chinook
33188,Chinx
33193,Chip
33195,Chip Davis
33199,Chip Mandic
33211,Chipmunk
33212,Chipmunk Feat. Chris Brown
33213,Chipmunk Feat. Keri Hilson
33222,Chiquewa
33236,Chisako Okano
33240,Chitarra acustica
33242,Chitose Hajime (元ちとせ)
33263,Chiz，Manaka，KAZHA＆Yuqui-lah
33266,Chlara
33274,Chloe Agnew
33275,Chloe Charles
33280,Chloe Temtchine
33282,Chloe x Halle
33294,Cho Huyn Jae
33297,Cho Jang Hyuk
33298,Cho Jung Chi
33301,Cho Kwon (2AM)/Niel (TEENTOP)/ZO (MBLAQ)/Yang Yo Seob (BEAST)/Woo Hyon (INFINITE)
33303,Cho PD
33304,Cho Rambo
33306,Cho Yongpil
33318,Chock Hot Dance Music King
33320,Choclair
33322,Choco And Vanilla
33326,Chocolat
33331,Chocolate Box
33340,Chocolate Milk
33342,Chocolate Puma
33367,Choi Go-Eun
33371,Choi Jee Hoon
33372,Choi Jin Yi
33379,Choi Nakta
33380,Choi Sam
33384,Choi Woo In
33385,Choi Yeong Doo
33388,Choi hyo in
33389,Choi ye_guen Band
33392,Choir
33412,Choir of King's College| Cambridge/Stephen Cleobury/Peter Stevens
33422,Choirboys From Heaven
33440,Chon
33456,Chopin Best loved piano
33458,Chopin Masterworks
33460,Chopin Schumann
33462,Chopin: Piano Concerto No. 1; Grande Valse Brillante; Variations on La ci darem la mano
33463,Choppa
33470,Chopstick & Johnjon
33474,Chor der Staatsoper Berlin| Mirella Freni| Lamberto Gardelli| Hania Kovicz| Heinz Reeh| Peter Bindszus| Franco Bonisolli| Rudolf Jedlicka| Hans Joachim Lukat| Gudrun Schäfer| Sesto Bruscantini| Staatskapelle Berlin
33476,Chor des Bayerischen Rundfunks
33491,Chord Overstreet
33492,Chordashian
33495,Chords of Chaos
33501,Choristers of Westminster Abbey|James Horner|London Symphony Orchestra
33503,Chorofun
33511,Chose
33515,Chosen Few
33524,ChouCho
33531,Choying Drolma| Steve Tibbetts
33560,Chris August
33589,Chris Bekker
33590,Chris Bekker| Chris Montana| Paul van Dyk
33594,Chris Blackwood
33599,Chris Botti
33602,Chris Brenner
33604,Chris Brown
33605,Chris Brown & Tyga
33608,Chris Brown feat. Aaliyah
33610,Chris Brown feat. Lil Wayne & French Montana
33611,Chris Brown feat. Nicki Minaj
33612,Chris Brown feat. Usher & Rick Ross
33613,Chris Brown featuring B.o.B
33614,Chris Brown featuring Drake| Kanye West & André 3000
33616,Chris Brown featuring Lil Wayne & Busta Rhymes
33617,Chris Brown's karaoke band
33618,Chris Buck Band
33621,Chris C-PO Porter
33631,Chris Cheek
33638,Chris Coco
33642,Chris Collins
33643,Chris Collins & Madilyn Bailey
33647,Chris Connor
33651,Chris Conway
33655,Chris Cornell
33658,Chris Count
33664,Chris Cross
33670,Chris De Burgh
33676,Chris DiSario
33681,Chris Doran
33727,Chris Hadfield
33732,Chris Hart (クリス・ハート)
33743,Chris Holsten
33749,Chris Isaak
33754,Chris Janson
33765,Chris Joss
33767,Chris Kaeser
33773,Chris Kidd
33786,Chris Lake
33787,Chris Lake & Chris Lorenzo
33788,Chris Lake & Laura V
33789,Chris Lake & Lazy Rich feat. Jareth
33792,Chris Lake x Anna Lunoe
33796,Chris Lane
33801,Chris LeDoux
33806,Chris Lorenzo
33807,Chris Lorenzo|Hannah Wants
33818,Chris Malinchak feat. Mikky Ekko
33820,Chris Mann
33821,Chris Mann & Christina Aguilera
33828,Chris Mason-Battley Group
33831,Chris McClenney
33835,Chris Medina
33843,Chris Miles
33844,Chris Mills
33845,Chris Minh Doky
33854,Chris Mosley
33855,Chris Moyles
33872,Chris Phillips
33880,Chris Porter
33881,Chris Potter
33882,Chris Potter & The DR Big Band
33883,Chris Potter Quartet
33892,Chris Rea
33896,Chris Rene
33899,Chris Richardson
33907,Chris Rockford feat. Coco
33917,Chris Salvatore
33922,Chris Schweizer
33924,Chris Schweizer| Heatbeat
33929,Chris Snelling
33942,Chris Stapleton
33952,Chris Thile & Edgar Meyer
33957,Chris Tilton
33959,Chris Tomlin
33970,Chris Victory
33993,Chris Williams
33994,Chris Willis
33996,Chris Wilson
33998,Chris Wittig| Van Snyder
34000,Chris Wood
34004,Chris Young
34005,Chris Yukine CV：AYAHI TAKAGAKI (雪音クリス(CV:高垣彩陽))
34007,Chris Zega
34018,ChrisCo
34023,Chrisette Michele
34039,Chrissy
34079,Christian All-Stars
34091,Christian Bautista
34094,Christian Belt
34103,Christian Burghardt
34105,Christian Burkhardt
34107,Christian Burns
34111,Christian Castro
34121,Christian Clermont
34123,Christian Collins
34124,Christian Daniel
34130,Christian Drost
34138,Christian Ferras
34144,Christian French| Triegy
34172,Christian Lalama| Vivian Hicks
34185,Christian McBride
34194,Christian Music Experts
34212,Christian Piano Music
34228,Christian Scott
34232,Christian Smith
34233,Christian Smith & John Selway
34243,Christian Tetzlaff
34247,Christian Thielemann&Wiener Philharmoniker
34260,Christian Zacharias
34266,Christian-Pierre La Marca
34271,Christiane Jaccottet
34285,Christie
34288,Christie Lamb
34294,Christina Aguilera
34301,Christina Grimmie
34303,Christina Jaschkowiak & Gustav Steinhoff
34306,Christina Lindberg
34313,Christina Milian
34314,Christina Milian feat. Lil Wayne
34315,Christina Naughton| Michelle Naughton
34316,Christina Novelli
34319,Christina Perri
34321,Christina Pluhar
34335,Christine And The Queens
34369,Christine Welch
34371,Christmas
34381,Christmas 101
34389,Christmas Amen! Carol of the Bells| O Holy Night| The Little Drummer Boy| Silent Night & More
34390,Christmas Angel Voice
34399,Christmas Band| Christmas Piano Music| Voices of Christmas
34401,Christmas Band| Contemporary Christmas| We Wish You A Merry Christmas
34406,Christmas Cafe| Christmas Songs| We Wish You A Merry Christmas
34408,Christmas Calling
34414,Christmas Carols
34423,Christmas Carols| All I Want for Christmas Is You| Voices of Christmas
34436,Christmas Carols| Rock Masters| Heavy Metal Guitar Heroes
34437,Christmas Carols| The Country Music Heroes| Christmas Hits & Christmas Songs
34450,Christmas Choir| Christmas Classics| Christmas Eve
34457,Christmas Classics
34458,Christmas Classics Collection
34466,Christmas Classics| Last Christmas Stars| Top Christmas Songs
34472,Christmas Crooners Collection
34479,Christmas Eve
34483,Christmas Eve| Merry Christmas Niños| Merry Christmas Party Singers
34484,Christmas Favorites
34492,Christmas Fever
34497,Christmas Groove Band
34499,Christmas Guitar
34502,Christmas Hit Band
34507,Christmas Hits & Christmas Songs
34508,Christmas Hits & Christmas Songs & Christmas Music
34528,Christmas Hits Collective| Jingle Bells| Joululauluja
34531,Christmas Hits Group
34534,Christmas Hits| Christmas Hits & Christmas Songs| All I Want for Christmas Is You
34537,Christmas Hits| Christmas Songs| Christmas Music
34538,Christmas Hits| Christmas Songs| Piano Love Songs
34552,Christmas Holiday Music
34562,Christmas Jazz
34564,Christmas Jazz & Smooth Jazz All-Stars & Piano Christmas
34567,Christmas Joy
34572,Christmas Kids
34573,Christmas Kids Pop Songs
34575,Christmas Kids| Last Christmas Stars| The Christmas Collection
34579,Christmas Love Songs
34583,Christmas Minions
34585,Christmas Music
34605,Christmas Music Makers
34607,Christmas Music Unlimited
34622,Christmas Music| Piano Love Songs| Piano Tribute Players
34625,Christmas Music| Ultimate Christmas Songs| Mistletoe Symphony
34626,Christmas Office Party Hits
34629,Christmas Orchestra
34632,Christmas Party Allstars
34639,Christmas Party Band
34643,Christmas Party Kings
34644,Christmas Party Mix
34648,Christmas Party Mix| Ultimate Christmas Songs
34656,Christmas Party Songs| Piano Music for Christmas| Santa Baby
34659,Christmas Party| Merry Christmas Party Singers| Navidad!
34661,Christmas Piano
34664,Christmas Piano Maestro
34665,Christmas Piano Masters
34682,Christmas Primotrax
34684,Christmas Rock!
34690,Christmas Songs
34697,Christmas Songs For Kids| Kids Christmas Party Band
34706,Christmas Songs Music| Christmas Favourites| All I Want for Christmas Is You
34708,Christmas Songs Music| Kid's Christmas| Christmas Music Central
34712,Christmas Songs Superstar
34717,Christmas Songs| Christmas Music| Cafe Chillout Music Club
34723,Christmas Songs| Kid's Christmas| Kids Christmas Music Players
34725,Christmas Songs| The Merry Christmas Players| Christmas Favourites
34732,Christmas Superstars
34735,Christmas Symphony
34736,Christmas Time
34747,Christmas| Christmas Carols & Hymn Singers
34757,Christof Littmann
34761,Christon Gray
34766,Christoph Coin| Orchester le Phénix
34769,Christoph Eschenbach/Justus Frantz
34777,Christoph Prégardien
34783,Christoph Zirngibl
34792,Christophe Beck
34800,Christophe Goze
34805,Christophe Mae
34812,Christophe Rousset
34815,Christophe Willem
34817,Christopher
34831,Christopher Cross
34868,Christopher Lennertz
34880,Christopher Owens
34881,Christopher Parkening
34895,Christopher Ross
34904,Christopher S| Greenhorn
34910,Christopher Trower
34916,Christopher Warren-Green/London Chamber Orchestra
34925,Christopher Zuar
34928,ChristopherSouL
34929,Christopher| Matoma
34943,Christy Nockels
34956,Chrizz Morisson
34967,Chrome Molly
34971,Chromeo
34976,Chromotune
34983,Chrononautz
34988,Chrxs
34989,Chrysalis
34995,Chthe'ilist
34999,Chu's day.
35001,ChuChu TV
35004,Chubby Checker
35009,Chubby Jag
35011,Chubby Wolf
35016,Chucho Valdes
35020,Chucho Valdés Trio
35026,Chuck Berry
35027,Chuck Berry|Steve Miller Band
35031,Chuck Brown
35038,Chuck D & the SLAMjamz Artist Revue
35048,Chuck Jackson & Maxine Brown
35055,Chuck Love
35059,Chuck Nyce
35062,Chuck Prophet
35068,Chuck Wicks
35069,Chuck Willis
35074,Chuckie
35077,Chuckie & Jetlag Live
35083,Chuckie| Bobby Puma| Chuckie| Bobby Puma
35084,Chuckie| Childs Play
35087,Chuckie| Vice
35105,Chulwon
35106,Chumbawamba
35109,Chung Trio
35110,Chung Trio| Kyung Wha Chung| Myung-Wha Chung| Myung Whun Chung| Philharmonia Orchestra| Los Angeles Philharmonic Orchestra| Charles Dutoit| Orchestre Symphonique de Montréal
35111,Chung Woong Korean Traditional Music Ensemble
35112,Chung-mei Lee
35118,Chunky
35134,Churchill
35137,Chus & Ceballos
35148,Chuuwee
35156,Chvrches
35161,Chymera
35169,Chysta Jragrance
35170,Chystal Piano In SPA
35181,Chöying Drolma & Steve Tibbetts
35191,Cia
35200,Ciara
35202,Ciara Featuring T-Pain
35205,Ciara feat. T.I.
35206,Ciara featuring André 3000| Ludacris & Bei Maejor
35209,Ciara featuring Missy Elliott
35210,Ciaran Lavery
35211,Ciara|Enrique Iglesias
35213,Ciarán Hope
35214,Ciatuzza
35217,Cibo Matto
35218,Cicada
35222,Cicala Mvta
35223,Cicci Condor
35237,Cid
35243,Cider Sky
35261,Cigarettes After Sex
35262,Ciggie Witch
35274,Cilla Black
35278,Cimarons
35281,Cimo Fränkel
35282,Cimorelli
35285,Cincinnati Pops Orchestra
35292,Cinderella
35320,Cinema Bizarre
35321,Cinema Café
35331,Cinerex
35333,Cinnamon
35339,Cinta Laura
35345,Cinzia Tedesco
35348,Cir.Cuz
35351,Circa Waves
35363,Circuit A
35364,Circuit B
35373,Circus
35386,Ciro Parcheri
35392,Cirque Du Soleil
35396,Cisco Adler
35401,Cissy Houston
35409,Cities Aviv
35411,Citipointe Live
35413,Citizen Cope
35414,Citizen Four
35416,Citizen Shade
35417,Citizen Way
35420,Citizens & Saints
35421,Citizens!
35431,City And Colour
35435,City Calm Down
35441,City Harbor
35442,City Harvest Church
35451,City Lights
35457,City Of Angels
35481,City of Light
35482,City of Prague Orchestra
35491,Citybois
35494,City魅
35495,Ciuffi Rossi
35500,Civil
35502,Civil Twilight
35513,Cj Barnett
35544,Claes Rosen
35545,Clair Cassis
35546,Clair De Lune
35547,Clair Marlo
35551,Claire Briggs/Stephen Kovacevich
35557,Claire Denamur
35563,Claire Johnston
35564,Claire Jones
35574,Claire Waluch
35579,Clairy Browne & The Bangin' Rackettes
35581,Clamono
35583,Clams Casino
35586,Clan Of Xymox
35588,Clandestino de Chihuahua
35591,Clannad
35595,Clap Your Hands Say Yeah
35597,Clap+元田恵美+Suara+柚木涼香+上原れな+小山剛志
35600,Claptone
35607,Clara Cernat| Thierry Huillet
35610,Clara Haskil
35613,Clara Hill
35623,Clara Morgane
35633,Clara van Wel
35638,Clare Dunn
35643,Clare Maguire
35645,Clare Teal
35658,Clarence Clemons| The Red Bank Rockers
35671,ClariS
35677,Clarika
35686,Clarity Kauffmann
35692,Clark Manson
35694,Clark Terry
35705,Clarv
35709,Claseria
35710,Clasiqueros
35712,Class Actress
35722,Classic 40s Songs
35726,Classic Christmas Carols
35729,Classic Cinema
35737,Classic Deep House
35745,Classic Game Tones
35747,Classic Guitar
35760,Classic Love - The Ultimate Ballads Album
35762,Classic Lullabies
35763,Classic Lullabies - Music for the sweetest dreams
35766,Classic Movie Tones
35770,Classic Oldies - Reggae-Style
35773,Classic Piano for Examees
35783,Classic Pop Players
35785,Classic Rock
35790,Classic Rock Masters
35800,Classic Rock|Classic Rock Masters
35801,Classic Rock|Classic Rock Masters|The Rock Masters
35806,Classic Soul - Universal Masters
35811,Classic Tones
35815,Classical
35824,Classical Baby Music Ultimate Collection
35828,Classical Backgrouds
35833,Classical Blast
35843,Classical Christmas Music
35865,Classical Guitar Masters
35869,Classical Jazz Guitar Club
35871,Classical Lullabies
35874,Classical Lullabies| Smart Baby Lullaby| Smart Baby Music
35881,Classical Music
35892,Classical Music Songs
35899,Classical Music for Meditation Yoga and Relaxation
35902,Classical New Age Piano Music
35913,Classical Passion
35923,Classical Praise
35936,Classical Sleep Music| Relaxing Classical Piano Music| Sleep Baby Sleep & Classical Lullabies
35939,Classical Study Music
35945,Classical Study Music Ensemble| Reading and Studying Music| The Einstein Classical Music Collection for Baby
35948,Classical Study Music| Exam Study Classical Music Orchestra| Studying Music
35952,Classical Study Music| Relaxation Study Music| Study Focus
35955,Classical Study Music| Studying Music Group| Studying Music and Study Music
35962,Classical Wedding Music Experts
35970,Classics for Mommy and Baby
35974,Classics for a Rainy Day| Collection Grands Classiques| Relaxing Music Orchestra
35975,Classics joy Life
35977,Classified
35987,Claude Blouin
35997,Claude Debussy
35998,Claude Debussy Piano Music Players
35999,Claude Debussy |Klara Koermendi
36004,Claude Diallo Situation
36017,Claude Ocean
36027,Claude Young
36033,Claudia
36034,Claudia Acuna
36047,Claudia Jones
36048,Claudia Jung
36063,Claudia Vergotti
36065,Claudia feat. Fatman Scoop
36069,Claudinho & Buchecha
36073,Claudio Abbado
36075,Claudio Abbado| Berliner Philharmoniker
36078,Claudio Abbado| Midori| Berlin Philharmonic Orchestra
36079,Claudio Abbado| Renee Fleming
36080,Claudio Abbado|Berliner Philharmoniker
36086,Claudio Abbado|London Symphony Orchestra
36091,Claudio Abbado|Martha Argerich|Berliner Philharmoniker
36097,Claudio Abbado|Wiener Philharmoniker
36102,Claudio Arrau
36106,Claudio Baglioni
36111,Claudio Capéo
36133,Claudio Puntin
36139,Claudio Scimone
36142,Claudio Scimone and I Solisti Veneti
36147,Claudio Tuma
36172,Clay Aiken
36186,Clay Walker
36189,Claydee
36195,Clayton Anderson
36208,Clazziquai Project
36211,Clean Bandit
36212,Clean Bandit & Jess Glynne
36213,Clean Barnd feat. Sane Plain
36214,Clean Cut Kid
36219,Clean Tears
36220,Clean of Core
36231,Clearance
36248,Clemency
36255,Clement Bazin
36258,Clementine
36274,Cleopatra Stratan
36277,Cler
36298,Click-B
36323,Cliff Martinez
36325,Cliff Richard
36326,Cliff Richard & The Shadows
36327,Cliff Richard With Daniel O'Donnell
36333,Cliff Savage
36337,Clifford Brown
36355,Clika One
36361,Climbers
36363,Climie Fisher
36374,Clint Eastwood| Christian Jacob| The Tierney Sutton Band
36377,Clint Mansell
36390,Clinton Sparks feat. Pitbull
36395,Clips X Ahoy
36407,Clive Williams| Malcolm Hughes
36413,CloZee
36415,Cloakroom
36428,Clogs
36430,Clon
36441,Cloonee
36444,Clora Bryant
36450,Close Your Eyes
36453,Closer
36463,Cloud
36472,Cloud Nothings
36474,Cloud's Block
36477,Cloudcapture
36486,Cloudsz
36497,Cloves
36506,Club 8
36510,Club Banditz
36519,Club Des Belugas
36520,Club Dogo
36522,Club Epic - A Collection Of Classic Dance Mixes: Volume 4
36524,Club Essentials
36532,Club Kuru
36535,Club Madness
36539,Club Nouveau
36547,Club Unicorn
36549,Club cheval
36555,Club505
36559,Clubbers Revenge
36568,Clubland Lounge
36569,Clubland Vol. 1
36570,Clubland Vol. 2
36575,Clubspeakers
36580,Clueso
36586,Clusterpluck
36587,Clutch
36591,Clyde Carson
36595,Clyde McPhatter
36604,Clémence
36605,Clémence| Jean-Baptiste Maunier
36606,Clémence| Johnny Halliday
36607,Clément Bcx
36618,Cnf
36625,Co-Star
36630,CoCos
36638,Coal Cash Blac
36639,Coal Chamber
36642,Coast 2 Coast
36643,Coast Modern
36648,Coastal Communities Concert Band
36656,Coasts
36659,Cobalt
36664,Cobi
36673,Cobra
36674,Cobra Effect
36679,Cobra Starship
36685,Coby Greer
36691,Coccinell'Band| Patrick Clavien
36692,Cocco
36696,Cocida
36706,Cocktail - O.S.T.
36718,Cocktail Slippers
36720,Coco
36727,Coco Jones
36731,Coco Morier
36738,Coco d' Or (ココドール)
36740,CocoRosie
36742,Cocoa Tea
36750,Coconut Records
36753,Cocoon
36754,Cocore
36755,Cocosori
36756,Cocosuma
36758,Cocteau Twins
36759,Cocteau Twins And Harold Budd
36761,Coda
36764,Code Black
36765,Code Black and Atmozfears
36766,Code Black and Brennan Heart
36782,Codeko
36789,Codix
36794,Cody Bryan Band
36795,Cody ChesnuTT
36811,Cody Simpson
36814,Cody West Randolph
36818,Coeur de pirate
36825,Coffee Boy
36827,Coffee Breaks
36828,Coffee Breath
36832,Coffee In Left Bank
36834,Coffee Lounge Collection | Meditation Music Zone | Cafe Piano Music Collection | Good Morning Jazz Academy
36835,Coffee Prince 1ST Branch
36836,Coffee Shop Background Jazz
36837,Coffee Shop Jazz
36844,Coffeehouse Background Music
36847,Coffey
36849,Coffin Dancer
36850,Coffinworm
36855,Cogason
36856,Cognizance
36858,Coheed and Cambria
36864,Coiffeur DJ
36873,Cokelat
36876,Coktel Molotov
36884,Colbert
36885,Colbie Caillat
36890,Colby O'Donis
36896,Cold Cave
36897,Cold Cherry
36911,Cold Mountain - Music From the Miramax Motion Picture
36915,Cold Rose (Cold Rose)
36920,Cold Specks
36922,Cold War Kids
36923,Cold Water
36924,Cold Water Band
36926,Cold World
36933,Coldcut
36934,Colder
36938,Coldplay
36939,Coldplay & Rihanna
36940,Coldrain
36956,Cole Porter
36960,Cole Swindell
36967,Coleman Hawkins
36975,Coleman Hell
36979,Colette
36981,Colette Carr
37027,Collabro
37028,Collage
37037,Collard Greens & Gravy
37039,Collectif Métissé
37043,Collection B
37050,Collective Machine & Philipp Straub
37052,Collective Soul
37057,Colleen Green
37078,Collie Buddz
37080,Collin Brooks
37083,Collin McLoughlin
37085,Collin Raye
37090,Collins| Bootsy
37118,Colony House
37122,Color Me Badd
37124,Color Pointe
37128,Color Therapy
37133,Colorado Children's Chorale
37139,Colorpitch
37140,Colors
37154,Colour (DJ)
37169,Colours
37170,Colours Collection Vol.1
37174,Colours of the Soul
37180,Colton Dixon
37194,Columbus
37216,Combichrist
37227,Come Back Alive OST
37238,Comedian Harmonists
37247,Comet Blue
37248,Comet Gain
37254,Comfortcareconnection
37258,Comic  코믹엽기벨
37261,Comiccon
37264,Coming Home
37271,Cominotto
37275,Command & Conquer
37277,Commander Cody And His Lost Planet Airmen
37284,Commissioned
37285,Commitment Of Wisdom
37290,Commodores
37291,Common
37293,Common Ground
37294,Common Kings
37303,Commuan
37318,Compagnia Coro Teatro Lirico D'Europa
37322,Compagnia d'Opera Italiana| Antonello Gotta
37342,Compilation
37345,Compilation 80's| 80's Pop Super Hits| The O'Neill Brothers Group
37349,Compilation Années 80
37365,Complex Numbers (Complex Numbers)
37381,Compton's Most Wanted
37383,Computer Magic
37390,Con Air
37391,Con B
37395,Con Funk Shun
37399,Conal Flood
37400,Conan
37405,Concentration & Deep Sleep
37408,Concentration Music Ensemble
37417,Conception - An Interpretation Of Stevie Wonder's Songs
37420,ConcernedApe
37432,Concerto Köln|Daniel Harding|Patricia Petibon
37443,Conchita Wurst
37450,Concorde
37455,Concrete Blonde
37477,Confide
37478,Confidence Beyond Chaos
37497,Conjecture
37517,Conjunto Sete De Ouros
37520,Conjure One
37522,Conkarah & Rosie Delmah
37534,Connell Cruise
37545,Connie Francis
37564,Connie Talbot
37573,Connor Vance
37583,Conny Ochs
37586,Conor Maynard
37587,Conor Oberst
37601,Conrad Herwig
37605,Conrad Moon
37608,Conrad Sewell
37613,Conro
37626,Consoul Trainin
37631,Conspire
37660,Consuelo Costin
37668,Contacreast
37669,Contact
37684,Contemporary Jazz
37685,Contemporary Life
37690,Continent
37720,Control
37723,Control T
37731,Converge
37740,Convoyart
37741,Convulse
37744,Conway Twitty
37748,Conya Doss
37755,Coockoo
37766,Cookie Duster
37779,Cool & Classy
37780,Cool - Funk
37783,Cool - One Hit Wonders
37796,Cool Creations
37801,Cool Hand Luke
37807,Cool Jazz Music Club
37814,Cool Kids Combo
37837,Cooler Kids
37845,Coolio
37856,Coone
37884,Copeland
37904,Copy
37909,Copying Beethoven - OST
37911,Copyright
37914,Copyright feat. Shovell
37915,Copyright feat. Song Williamson
37952,Corale Jobel
37955,Coralie Clement
37960,Corazza & Pitch Feat. Jack Meille
37963,Corbakh
37967,Corbin Bleu
37979,Corderoy featuring Little Neve White
38018,Corey Gibbons
38019,Corey Gibbons ft Q DeRHINO
38020,Corey Gray
38021,Corey Harper
38023,Corey Hart
38027,Corey James| Will K
38048,CoreyArnell
38056,Cori Yarckin
38059,Corin Tucker Band
38062,Corina Magalhães
38067,Corinna May
38068,Corinne Bailey Rae
38084,Cormak
38085,Cormega
38090,Corneille
38091,Cornelia DeFlore
38093,Cornelia Mooswalder
38097,Cornelius Beatz
38105,Cornell Campbell
38113,Cornershop
38151,Coro Rabbunì
38163,Coro del Teatro Comunale di Bologna|Riccardo Chailly|José Carreras|Kiri Te Kanawa|Orchestra del Teatro Comunale di Bologna
38165,Coro del Teatro alla Scala di Milano|Orchestra del Teatro alla Scala di Milano|Claudio Abbado
38171,Coro las Veredas
38176,Coronatus
38178,Coroner
38186,Corporal Jigsore
38191,Corpus Christii
38198,Correct Development of Child Academy
38227,Cory Henry
38259,Cosmic Duck Collective
38262,Cosmic Gate
38263,Cosmic Gate & Emma Hewitt
38264,Cosmic Gate & Eric Lumiere
38265,Cosmic Gate & J'Something
38267,Cosmic Gate & Kristina Antuna
38271,Cosmic Girl
38272,Cosmic Girls / WJSN
38282,Cosmic Phosphate| Detroit 95 Project
38304,Cosmo's Midnight
38305,Cosmo's Midnight feat. Wild Eyed Boy
38316,Cosmos Hippie
38342,Cosy
38349,Cotton & Gin
38351,Cotton Belly's
38357,Cotton Jones
38366,Coucheron
38375,Count Basie
38383,Count Basie Big Band
38393,Count Bass D & J. Rawls are True Ohio Playas
38403,Countdown Singers
38410,Counterstrike| Demo| Gein
38411,Counterstrike| Faces Of Def
38412,Counting By 2's
38414,Counting Crows
38416,Counting Stars
38425,Country Christmas
38427,Country Christmas Music All-Stars
38429,Country Classics
38430,Country Classics Volume
38433,Country Dance Kings
38439,Country Girls (カントリー・ガールズ)
38440,Country Gospel
38449,Country Jukebox Greatest Hits
38454,Country Love
38455,Country Love Songs
38459,Country Megahits
38463,Country Music All-Stars
38471,Country Music| Top Country All-Stars| Country Studio Crew
38472,Country Music|Country Rock Party
38482,Country Rock Party
38487,Country Songs
38488,Country Songs| Música Country Americana| The Country Music Collectors
38490,Country Superstars Biggest Hits (3 Pak)
38494,Country Workout Hits
38498,Country: The American Tradition
38499,Countrygongbang
38502,Coupe De Ville
38507,Courage My Love
38508,Courage of Lassie
38512,Couros
38513,Courrier
38522,Courteeners
38527,Courtney Act
38530,Courtney Barnett
38534,Courtney Hart
38536,Courtney Jenaé
38548,Courtney Stewart
38561,Cousin Stizz
38578,Cover Coustic
38579,Cover Crew
38581,Cover Drive
38582,Cover Guru
38592,Cover Pop
38597,Cover Tango
38605,Covers For Reggae Lovers
38608,Coves
38610,Covi Quintana
38616,Cowbell Snare Bass
38621,Cowboy Country
38622,Cowboy Junkies
38625,Cowboy Style
38646,Coyote Kisses
38678,Crack Kompare
38686,Cradle
38689,Cradle Of Filth
38691,Cradle Orchestra
38695,Craft Spells
38699,Craig Armstrong
38701,Craig Armstrong| Adam Peters
38712,Craig David
38713,Craig David| Big Narstie
38714,Craig David| Hardwell
38715,Craig David| Sigala
38717,Craig Douglas
38736,Craig Lyons
38738,Craig Mack
38741,Craig Morgan
38743,Craig Ogden
38745,Craig Padilla
38768,Craigy F
38781,Cranfield
38788,Cranston
38794,Crash Club Dummies
38802,Crash Test Dummies
38805,CrashCarBurn
38806,Crashcaptains
38826,Crayon Pop| K-Much| Bob Girls & Zan Zan
38829,Crazee Noize & Fandom
38833,Crazy
38834,Crazy 8s
38848,Crazy Ex-Girlfriend Cast
38850,Crazy Frog
38860,Crazy Melody feat. BAECHIGI| One Star & Kim JaeKyung
38861,Crazy P
38865,Crazy Town
38878,Creaky Jackals
38879,Cream
38886,CreamChou
38891,Creation Awaits
38913,Creed
38915,Creedence Clearwater Revival
38921,Creep
38924,CreepHyp (クリープハイプ)
38931,Creepmime
38937,Crematory
38945,Crescent Hits
38948,Cresta Godzilla
38951,Crew 7
38955,Crew Cuervos
38965,Criks
38967,Crime
38973,Crime Mob
38976,Crime in Stereo
38991,Crimson Massacre
39006,Cris Cab
39008,Cris Delanno
39019,Cris Velasco
39035,Crispy
39036,Crispy脆樂團
39038,Criss Hawk
39045,Cristal Relaxing Spa Universe
39061,Cristian Andrada
39065,Cristian Castro
39087,Cristiana Cattaneo
39089,Cristiano Araújo
39100,Cristina Branco
39103,Cristina D'Avena
39117,Cristina Quesada
39128,Cristo Bomba
39140,Critical
39142,Critical Hit
39148,Crizzly feat. Nilo Stari| Crizzly
39155,Croatia Squad
39156,Croatia Squad & Lika Morgan
39161,Crocodiles
39169,Cromok
39183,Crooked Man
39188,Crookers
39194,Croosh
39197,Croquet Club
39198,Crosby Loggins
39199,Crosby| Stills & Nash
39203,Croses
39225,Crossfade
39226,Crossfaith
39227,Crossfire
39239,Crossrock
39248,Crowded House
39260,Crown The Empire
39272,Crucial Star
39273,Crucial Star| Hyo Jung (OH MY GIRL)
39285,Cruel Youth
39300,Crush
39326,Crying Nut x No Brain
39338,Cryptopsy
39348,Crystal Bowersox
39353,Crystal Castles
39359,Crystal Dream
39363,Crystal Fighters
39364,Crystal Gayle
39370,Crystal Kay
39371,Crystal Kay feat. 安室奈美恵
39375,Crystal Lake
39385,Crystal Piano
39386,Crystal Precious
39390,Crystal Romance
39391,Crystal SPA
39399,Crystal Stilts
39405,Crystal Waters
39406,Crystal Waters| Alex Gaudino
39408,Crystal Waters| Sted-E & Hybrid Heights
39409,Crystal Wind
39413,Crystalyne
39418,Crywolf
39419,Crywolf & Ianborg
39421,Crywolf feat. EDEN
39424,Crön & Luca
39425,Cs & Miskeyz
39426,Csaba Szabó
39430,Csemer Boglárka
39442,Cta
39444,Ctrl Alt Del
39449,Cuadro Flamenco Torres Bermejas
39467,Cub Sport
39492,Cubicolor
39500,Cuckoolander
39529,CukoO
39531,Culcha Candela
39533,Cullen Omori
39546,Cult to Follow
39548,Cultes des Ghoules
39549,Cults
39558,Culture Beat
39560,Culture Club
39562,Culture Code & Regoton
39564,Culture Code| KARRA
39565,Culture Code| Michael Zhonga
39570,Culture Shock
39581,Cumbia Ninja
39586,Cumeo Project
39598,Cupid
39608,Curbi
39623,Curren$y
39628,Current Value
39641,Cursed
39644,Curses & DKDS feat. SYF
39647,Curt Anderson
39661,Curtis Fields
39667,Curtis Harding
39670,Curtis Knight & The Squires feat. Jimi Hendrix
39672,Curtis Lee
39674,Curtis Mayfield
39683,Curtis Stigers
39688,Curtis Willey/Linda Loegel
39693,Curve
39694,Curved Air
39701,Custer LaRue
39705,Customi-Z
39712,Cut Capers
39713,Cut Chemist
39714,Cut Copy
39716,Cut Killer
39719,Cut Off Your Hands
39720,Cut Slack
39721,Cut Snake
39729,Cute Is What We Aim For
39731,Cute tricks Kids(재롱Kids)
39735,Cutkachi & Mr. Greatbeat
39739,Cutser & Duke
39741,Cutt
39743,Cutting Crew
39745,Cutty Ranks
39752,Cuzzo Corleon
39761,Cy Dune
39767,Cy-Ann
39773,Cybele
39801,Cyesm
39803,Cygnosic
39812,Cymbals
39820,Cyndi Lauper
39824,Cyndi Wallace
39825,Cyne
39826,Cynic
39838,Cynthia
39848,Cynthia Morgan
39853,Cyoi Maru
39859,Cypress Hill
39860,Cypress Hill & Rusko
39861,Cypress Hill featuring Pitbull and Marc Anthony
39868,Cyprien Katsaris
39880,Cyril Hahn
39883,Cyril Morin
39889,Cyrille Aimee
39894,Cyrille Renaut
39898,Cyrius
39900,Cyrus
39910,Cytus-Prologue
39930,CÉCILE McLORIN SALVANT
39931,Cámara de la Escala De Milan
39934,Cæcilie Norby
39938,Cécile Corbel
39940,Cécile Corbel| Pomme
39947,Céline Dion|Trisha Yearwood|The Corrs|Eros Ramazzotti|Vanessa Williams|Zucchero|Luciano Pavarotti|Stevie Wonder|Jon Bon Jovi|Spice Girls
39971,D Black
39972,D Block
39986,D Lee
39993,D Savage
40003,D for Designer
40006,D!RTY AUD!O
40010,D&K
40020,D'Angelo
40021,D'Angelo and The Vanguard
40031,D'Jungle Girls| King Kong
40039,D'MIXMASTERS
40050,D'SOUND
40052,D'african
40053,D'agostino| Gigi
40055,D'avant
40059,D'heart
40067,D'r Schorsch
40080,D+D
40081,D-12
40082,D-51
40088,D-Block
40091,D-Block & S-te-fan
40107,D-Dubb
40131,D-Murph| Stevie B
40142,D-Real
40144,D-San
40152,D-Story
40154,D-Sundee
40160,D-Unit
40170,D-day 디데이
40174,D-wayne|Afrojack
40176,D. Adiya
40188,D. Imman
40191,D. J. Prince
40202,D. Tropp
40213,D.A.C.
40214,D.A.D.
40215,D.A.F.
40218,D.A.N.
40222,D.A.R.K.
40224,D.Amadeus
40227,D.B.
40235,D.D Dumbo
40236,D.D(范曉萱媽媽) + 范曉萱
40254,D.Holic(디홀릭)
40258,D.I.B| Grant Rebound
40262,D.I.M.
40264,D.I.V Tha Money Maker
40274,D.J. Chill House
40277,D.J. Disco Dance
40291,D.J. Rogers
40303,D.J.Lounge
40306,D.J.Super Dance
40307,D.J.in the Night
40309,D.K.Y
40311,D.Kowalski pres. Limye
40312,D.L 羅時豐 (Daniel Lo)
40333,D.O.A.
40335,D.O.D
40348,D.P.M.
40349,D.R.
40350,D.R.A.M.
40355,D.R.O.N.E.
40360,D.S.L
40366,D.T.S.
40369,D.W. Nicols
40374,D.o.r Projects
40379,D/R/U/G/S feat. Akiine
40382,D1ofaquavibe
40383,D2
40398,D:Fuse
40404,DA PUMP
40406,DA'Ville
40407,DAANK
40411,DABO
40415,DADDY (Will Kimbrough| Tommy Womack)
40419,DAIKI
40420,DAIM
40422,DAISHI DANCE
40427,DAN HARTMAN
40429,DANA
40430,DANCE EARTH PARTY feat. The Skatalites＋今市隆二 from 三代目 J Soul Brothers
40434,DANI
40439,DANY
40441,DAOKO
40443,DARIO G
40448,DAT BOI COCKY
40452,DATEKEN
40455,DAV 303
40458,DAVICHI
40461,DAVID MORIN
40463,DAVII
40464,DAWA
40467,DAY26
40468,DAY6
40474,DB Boyko
40482,DBR UK
40486,DBSTF
40489,DC Breaks
40512,DCX Nightcore
40518,DDIY
40535,DEADP
40536,DEAF KEV
40538,DEAN
40539,DEAN FUJIOKA
40548,DECO*27
40549,DEDOOX
40551,DEEN
40553,DEEP
40568,DELPHIC
40580,DENM
40584,DEPAPEPE
40585,DEPAPEPE meets ハチミツとクローバー
40587,DEPARTURES
40600,DESTRAGE
40601,DEV
40607,DEXTA DAPS
40609,DF Dub
40611,DFC
40623,DHT
40625,DIA
40626,DIA&PD BLUE
40632,DIATO109
40634,DIATO109| ROEM
40639,DICKPUNKS
40641,DIE VERBOTEN
40649,DIMARO & D-Stroyer
40650,DIMENSION
40651,DIMMI
40654,DISACODE
40658,DISH//
40662,DITA
40663,DIV
40673,DJ 19
40693,DJ AF1
40703,DJ Absinth
40723,DJ Alex Sparrow
40729,DJ Aligator Project
40748,DJ Andi feat. Stella
40760,DJ Anilson
40762,DJ Antoine
40763,DJ Antoine feat. Akon
40765,DJ Antoine vs. Timati feat. Kalenna
40769,DJ Antos
40780,DJ Aron
40782,DJ Aron| Edson Pride
40787,DJ Assad| Greg Parys
40790,DJ Aw
40795,DJ BAKU
40797,DJ BEERT& Jazadocument
40799,DJ BL3ND
40801,DJ BL3ND| Mr. Black
40817,DJ Bandz
40823,DJ Battle
40825,DJ Battle| Various Artists
40829,DJ Beat| Drimuzz| Fantonman| Frost Miles| GremWiser| IAM| CJ Stereogun| Autumn is near| Adewgore| Alexander I| Alex Paranoid| AlexPROteST| Antony Rudenko| Boogie| Axizavt| Breex| Chris Pryde| Cj CubuS
40834,DJ Benito
40847,DJ Bl3nd feat. Yacek
40850,DJ BlackWolf
40860,DJ Bob
40862,DJ Bobo
40884,DJ Brainstorm
40891,DJ Brother
40896,DJ CELORY
40898,DJ COOKIE
40899,DJ COOL & die 7 Zwerge
40902,DJ Cam
40903,DJ Cam Quartet
40912,DJ Caribe Dance Mix
40920,DJ Cassidy
40921,DJ Cassidy feat. R. Kelly
40922,DJ Cassidy feat. Robin Thicke & Jessie J
40931,DJ Chick| Dave Lauren| Giulio Lnt| Tony Kairom| Joe Maker| Boombeatz| Joseph Mancino| Cesar D' Constanzzo| Lou Fherdinand| Diroma| Frystal DJ| Dub Rain| Chris Main| Charlie Brown| Luca Cariglia| Nacim Ladj| Daniele Sorrenti| Vily Vinilo| The Brain Melted
40935,DJ Chris Parker
40940,DJ Chus pres. Groove Foundation
40947,DJ Clent
40956,DJ Club Banger
40958,DJ Club Soda
40959,DJ Clue
40963,DJ Code
40964,DJ Colin Francis
40967,DJ Combo & DJ Raphael feat. Anna del Rose
40979,DJ Covers
40985,DJ Cyber vs The Band
40995,DJ DOVE
41000,DJ Dado
41004,DJ DanceHits
41006,DJ Danerston
41013,DJ Darius
41021,DJ Daxel
41046,DJ Dever
41057,DJ Didir
41069,DJ Disciple
41073,DJ Dizzy
41078,DJ Doc
41097,DJ Drama
41100,DJ Drama Free
41110,DJ Dry feat. Victor Calderone
41120,DJ Dzverbass
41123,DJ E-MaxX
41127,DJ EEF
41130,DJ Earl
41143,DJ Egon K
41152,DJ Elvis
41154,DJ Emeriq
41155,DJ Emerson
41160,DJ Emurda
41168,DJ Envy
41170,DJ Enzo.Ch & Don Philippo
41176,DJ Europ
41186,DJ Ezasscul
41196,DJ Fade
41197,DJ Fait
41225,DJ Felli Fel
41230,DJ Fernando Lopez
41234,DJ Fit & Fresh
41240,DJ Fletch
41249,DJ Fonzie Ciaco
41250,DJ Food
41268,DJ Fresh
41278,DJ Funk Daddy
41292,DJ G4bby feat. Miss Destiny
41297,DJ GROUND
41298,DJ Ganyani
41317,DJ Gollum
41318,DJ Gollum & Empyre One vs. NICCO
41325,DJ Gomi featuring Louie Balo & Yasmeen
41327,DJ Got Us
41333,DJ Greg
41344,DJ HEAD
41351,DJ Halls
41355,DJ Hanmin
41356,DJ Hanmin+BNSXX
41357,DJ Hanmin| Crispi Crunch| DJ DKHT| Bagagee Viphex13| MicroKing
41358,DJ Hanmin| Punch Sound
41359,DJ Hannah
41367,DJ Haus
41377,DJ Hero
41378,DJ Hi Fashion
41382,DJ HighWay
41384,DJ Hildegard
41387,DJ Hits
41398,DJ Hoppa
41399,DJ HotDay
41420,DJ Inappropriate
41431,DJ Instrumentals
41432,DJ Irene
41440,DJ JS-1
41448,DJ Jamaster A
41455,DJ Jay-T
41458,DJ Jazzy Jeff
41459,DJ Jazzy Jeff & The Fresh Prince
41460,DJ Jazzy Jeff ＆ Fresh Prince
41476,DJ Jones
41487,DJ Juice
41490,DJ Junior| Roger Slato
41491,DJ Jurij
41505,DJ KEN KANEKO (DJ KEN KANEKO)
41507,DJ KETAMINE
41508,DJ KIMERA (DJ KIMERA)
41517,DJ Kamron Cox
41527,DJ Katch
41531,DJ Kawasaki
41532,DJ Kayslay
41533,DJ Kayz
41534,DJ Kdr
41535,DJ Kee
41536,DJ Kefran Presents Stany
41543,DJ Ken feat. Belle
41546,DJ Kentaro
41547,DJ Kentaro feat. DJ Krush
41552,DJ Khaled
41553,DJ Khaled Feat. Chris Brown| Lil Wayne| Big Sean
41554,DJ Khaled feat. Chris Brown| August Alsina| Future| Jeremih
41559,DJ King Assassin
41570,DJ Kool
41572,DJ Koze
41574,DJ Krazy Kon
41577,DJ Kris O'Neil
41580,DJ Kronic
41582,DJ Krush
41589,DJ L Club
41596,DJ Lady T
41605,DJ Layla feat. Dee-Dee
41606,DJ Layla ft. Alissa
41608,DJ Laz
41636,DJ Luca
41640,DJ Luciano
41641,DJ Luciano feat. Claire
41651,DJ Luke Nasty
41667,DJ MKW
41673,DJ MOTIVE
41677,DJ Madd
41719,DJ Marley Waters
41726,DJ Mat
41739,DJ Maze
41743,DJ Megalomaniac
41748,DJ Melloffon
41778,DJ Misoshiru & MC Gohan
41780,DJ Mitsu the Beats
41783,DJ Mix Masters
41791,DJ Moksha
41805,DJ Mr. Miami
41807,DJ Mu Elvan
41810,DJ Muggs
41817,DJ Mustard
41819,DJ Mykal a.k.a. 林哲儀
41820,DJ Mylnikov Dmitriy| Alex Sender| Alexsir| Brilliant Brothers| Dan Rise| Dave Silence| FreshwaveZ| KastomariN| Mr. Teddy| Russell Cave| White Sever
41833,DJ Navigare
41835,DJ Nazil
41836,DJ Needle 914
41846,DJ Nesty
41854,DJ NiGhTwAlKeR
41876,DJ OKAWARI
41878,DJ OZMA
41904,DJ Pabby
41910,DJ Panico
41912,DJ Party
41917,DJ Paul Elstak & Mental Theo Ft Gin Dutch
41925,DJ Paypal
41928,DJ Pelos feat. RedWolf
41936,DJ Pierre
41943,DJ Playback
41949,DJ Pornstar
41952,DJ Power
41953,DJ Premier
41955,DJ Pride
41959,DJ Project & Giulia
41962,DJ Project feat. Giulia
41976,DJ Quick| DJ Poska
41977,DJ Quik
41984,DJ RYOW
41999,DJ Randall Jones
42004,DJ Rapture feat. Boobie
42006,DJ Rapture| Jonn Hart
42007,DJ Rashad
42009,DJ Ravin
42012,DJ Razor Ramon
42014,DJ Re-Lay feat. Kathleen Moore
42015,DJ ReDo
42016,DJ ReMix Factory
42017,DJ ReMix Workout
42018,DJ ReMix Workout Factory
42021,DJ Rebel
42023,DJ Rebel Remix EP
42030,DJ Reign
42035,DJ Remix Radio
42039,DJ Retro Machine
42046,DJ Ricky V feat. Gabriel Velasquez
42053,DJ Rob de Blank
42076,DJ Ruben| Free Waves
42081,DJ RusLan
42082,DJ Rush & Aitor Ronda
42091,DJ SASA
42094,DJ SIRI (DJ SIRI)
42097,DJ SLY
42110,DJ Samantha
42111,DJ Sammy
42120,DJ Sanny & Danny Suko
42131,DJ Sava feat. Raluka
42141,DJ Scratch
42149,DJ Sean K
42150,DJ Searcher
42155,DJ Serafin
42162,DJ Shadow
42166,DJ Shah
42173,DJ Shine
42176,DJ Shog
42183,DJ Silk
42195,DJ Slade
42196,DJ Slick Rick
42197,DJ Sliink
42198,DJ Slim K
42207,DJ Smash Presents: Phonography 2 A Blue Note Mix Session
42210,DJ Snake
42211,DJ Snake & AlunaGeorge
42212,DJ Snake & Lil Jon
42213,DJ Snake & Lil Jon feat. Juicy J| 2 Chainz| and French Montana
42214,DJ Snake| Don Diablo
42215,DJ Snake| Justin Bieber
42216,DJ Snake| Marshmello
42217,DJ Snake| Sean Paul
42218,DJ Snake| Tiësto
42219,DJ Snake| Tropkillaz| MC Livinho| Justin Bieber
42220,DJ Snake| Yellow Claw
42221,DJ Snake| Zedd
42223,DJ Sneak
42233,DJ Somel
42242,DJ Sozo
42247,DJ Spanga Feat. Gio
42249,DJ Speedsta| Moozlie
42259,DJ Spoke
42266,DJ Starboy| Cyberfactory
42279,DJ Storm and Lil Wayne
42280,DJ Striden
42286,DJ Suede The Remix God
42301,DJ Sutra
42312,DJ T.
42317,DJ TAKUMA
42319,DJ TEMPA
42323,DJ TY
42347,DJ The Crow
42357,DJ Tissue feat. Googirl
42370,DJ Tonka
42372,DJ Top Gun
42375,DJ Tornike
42377,DJ Toxic
42382,DJ Trap Queen
42391,DJ Trio
42395,DJ Tripple-O & Withard
42401,DJ Turanzo
42413,DJ Ulysses and DJ Yin
42418,DJ Unk
42430,DJ Valdi Feat. Mohombi
42440,DJ Vavva
42444,DJ Vibe Inc. & Max Barbaria
42464,DJ Watt
42466,DJ Wayne G
42476,DJ Whitestar
42487,DJ Wool
42493,DJ Wrekk
42523,DJ Zadok
42524,DJ Zappi
42531,DJ Zoli| Daviddance| Andy Pitch| Jane Klos| Francesco Prosia DJ| DSE Dream Syndacate Experiment| Giancarlo Zara| Aliens Dreams| Morena| Douglas Allen
42534,DJ Zorneus|Friends
42540,DJ bboy
42546,DJ 大衛 (David Jr.)
42553,DJ-Chart
42557,DJ-POLA BEAR
42558,DJ-POLA BEAR & MIKE PAUL
42577,DJDS
42591,DJRAP
42596,DJane HouseKat feat. Piñero
42598,DJane Mina
42610,DJ☆GO
42612,DJちえみ
42613,DJもっち～
42615,DJ玉霖/愛播聽書
42623,DK金大為
42625,DLD
42627,DLG Vs Erick Morillo
42629,DLOW
42633,DM Galaxy
42637,DMA's
42639,DMC
42648,DMX
42655,DMadd
42666,DNCE
42684,DOM KENNEDY
42689,DON
42693,DONExprs
42699,DOPE D.O.D.
42709,DOT
42714,DOUBLE
42717,DOWNTON ABBEY-The Essential Collection
42720,DOZAN11
42721,DP
42729,DQuadro feat. Fer Orea
42733,DR Big Band & Jeff 'Tain' Watts
42734,DR Big Band & Mike Stern
42736,DR Big Band/Szhirley
42746,DREAMS COME TRUE
42762,DRYM| Jennifer Rene
42765,DS455
42767,DSB
42774,DSPS
42781,DTCHPLNES
42788,DTSQ
42791,DUBB
42793,DUDEnGUY
42799,DV's Anthems Vol.1
42801,DVBBS
42802,DVBBS & Borgeous
42803,DVBBS & Dropgun
42804,DVBBS & Jay Hardway
42805,DVBBS & Joey Dale
42806,DVBBS & VINAI
42810,DVN feat. Duncan
42814,DWNTWN
42820,DYGL
42823,DYSN
42827,DZA
42842,Da Brat
42843,Da Buzz
42845,Da Capo
42850,Da Commission
42866,Da General
42887,Da Nu
42888,Da Nu P-Nut Gang
42912,Da Weasel
42915,Da Youngsta's
42925,Da-iCE
42965,Dabeull
42966,Dabin
42974,DaboyWay
42977,Dabs
42978,Dabu Fantastic
42990,Dada Life
43006,Daddy Got Cool
43018,Daddy Was a Milkman
43020,Daddy Yankee
43029,Daddy's Groove feat. Teammate
43041,Dae Dae
43044,Dae One
43062,Daft Punk
43063,Daft Punk feat. Pharrell Williams
43080,Dagny
43094,Dahong&Jin Min Ho(다홍& 진민호)
43096,Daiana Di Napoli
43098,Daichi Watanabe
43102,Daiki Okada (岡田大毅)
43109,Daily Range
43116,DailyNote
43121,Daimon/DaimonOrchestra
43122,DaimonOrchestra
43131,Dairo Suga & Baku Yumemakura (スガダイロー×夢枕獏)
43136,Daisuke Miyatani
43138,Daisuke Ono (小野大輔)
43141,Daisuke Tanabe
43145,Daisy Chapman
43147,Daisy James
43149,Daisy×Daisy
43152,DaizyStripper
43154,Dajae
43167,Dakota
43169,Dakota Bradley
43182,Dal : 2 da
43185,Dalacoustic
43190,Dalchong
43199,Dale Earnhardt Jr. Jr.
43205,Dale Miller
43211,Dale Watson
43213,Dalee
43216,Daler Mehndi
43217,Daler Mehndi| Mika Singh
43220,Daley
43224,Dalida
43232,Dalite
43250,Dallas Smith
43256,DallasK
43261,Daloa
43271,Dalton Love
43272,Dalton Rapattoni
43274,Daltonic
43276,Dal★shabet
43279,Dam-Funk
43286,Damage
43291,Damageplan
43311,Dame Janet Baker/Gerald Moore/Geoffrey Parsons
43317,Dame Joan Sutherland
43318,Dame Joan Sutherland| George Malcolm| The Choir of King's College| Cambridge| Sir David Willcocks| Handel Opera Society Chorus| Handel Opera Society Orchestra| Charles Farncombe| Academy of St. Martin  in  the Fields Chorus| Academy of St. Martin in the 
43327,Dame Moura Lympany
43334,Dami Im
43338,Damian 'Jr. Gong' Marley
43351,Damian Marley
43358,Damiano
43366,Damien Escobar
43372,Damien J. Carter & Damien Heck
43373,Damien Jurado
43377,Damien Leith
43380,Damien Pouvreau
43381,Damien Rice
43387,Damien Sargue|Julio Iglesias Jr|Nuno Resende
43392,Damiera
43411,Damn Yankees
43415,Damnkidz
43425,Damon & Naomi
43426,Damon Albarn
43429,Damon Little
43447,Damu The Fudgemunk
43453,Dan + Shay
43457,Dan Aran
43458,Dan Arborise
43471,Dan Bull
43482,Dan Croll
43488,Dan D
43495,Dan Dobson
43501,Dan Farber
43502,Dan Fogelberg
43503,Dan Fogleberg
43509,Dan Gibson's Solitudes
43516,Dan Henig
43519,Dan Hill
43521,Dan Hyde
43526,Dan Kelly & the Alpha Males
43529,Dan Lang
43540,Dan Madison
43542,Dan Mangan
43574,Dan Pound
43580,Dan Reed
43581,Dan Reed Network
43583,Dan Ripley
43597,Dan Smith
43603,Dan Stone
43604,Dan Stone feat. Victoria Shersick
43606,Dan Sutton
43607,Dan Talevski
43608,Dan The Automator
43621,Dan Winter
43625,Dan's Nature
43632,Dana Berger| Itay Pearl
43658,Dana Winner
43680,Dance Bible
43681,Dance Bomb
43687,Dance Charts Summer 2011 – incl. Danza Kuduro  Party Rock Anthem California King Bed On the Floor and many more
43693,Dance Class
43700,Dance DJ
43701,Dance DJ & Company
43707,Dance DJ|Dance Hits 2014|Dance Hits 2015
43709,Dance Dance Dance!
43722,Dance Gavin Dance
43724,Dance Heaven
43727,Dance Hit Workout 2015| Dance Workout| Ibiza Fitness Music Workout
43728,Dance Hits 2009
43729,Dance Hits 2014
43730,Dance Hits 2014 & Dance Hits 2015
43735,Dance Hits 2014 & Dance Hits 2015| EDM Dance Music| Mallorca Dance House Music Party Club
43736,Dance Hits 2014| Christmas Hits Collective
43738,Dance Hits 2014| Deep House Music| House Party
43745,Dance Hits 2014|Running Music|Workout Buddy
43746,Dance Hits 2015
43758,Dance Mix USA
43765,Dance Music Junkies
43766,Dance Music King
43767,Dance Music Masters
43768,Dance Music| Ibiza Dance Party
43769,Dance Nation
43771,Dance Party
43772,Dance Party DJ
43778,Dance Party X'mas
43780,Dance Remix Factory
43781,Dance Remix Inc.
43783,Dance Skool
43791,Dance Tornado
43795,Dance With Me Music From The Motion Picture
43823,Danceland
43825,Dancensingalong
43836,Dancing Fantasy
43837,Dancing Good Good
43840,Dancing Stars
43844,Dancing in London
43849,Dandin Ranillo
43869,Dane Terry
43873,Danelle
43874,Danetra Moore
43887,Danger Danger
43890,Danger Mouse & Daniele Luppi
43892,Danger Mouse & Sparklehorse
43895,Danger Silent
43901,Dangerkids
43902,Dangermaker
43909,Dangerous Toys
43913,Dangers
43919,Dani & Debora Gurgel Quarteto
43926,Dani Gurgel
43932,Dani Martin
43939,Dani Russo
43948,Dani-Lynn
43950,DaniElle DeLaite
43971,Daniel Ash
43977,Daniel Balavoine
43979,Daniel Barenboim
43980,Daniel Barenboim & Chicago Symphony Orchestra
43981,Daniel Barenboim and Berliner Philharmoniker
43985,Daniel Barenboim and Radu Lupu
43987,Daniel Barenboim/English Chamber Orchestra
43990,Daniel Barenboim/Wiener Philharmoniker
43996,Daniel Barenboim|Orchestre de Paris
43997,Daniel Barenboim|Orchestre de Paris|Chicago Symphony Orchestra
44006,Daniel Bedingfield
44014,Daniel Boaventura
44018,Daniel Boone
44027,Daniel Caesar
44030,Daniel Capellaro
44037,Daniel Colin
44039,Daniel Crawford
44043,Daniel De Bourg
44053,Daniel Diges
44091,Daniel Ho
44115,Daniel Knott
44119,Daniel Lanois
44125,Daniel Levi
44132,Daniel Masuch
44134,Daniel May
44138,Daniel Merlot| Adam Aukai Le Blanc & Jason Edward Gallo-Gaffner
44139,Daniel Merriweather
44165,Daniel Owen
44172,Daniel Passino
44174,Daniel Peixoto
44183,Daniel Powter
44199,Daniel Rowland| Natacha Kudritskaya
44204,Daniel Santacruz
44217,Daniel Shake
44218,Daniel Skye
44221,Daniel Sous
44223,Daniel Sprouse
44267,Daniel's Window
44275,Daniela Andrade
44287,Daniela Koch| Oliver Triendl
44289,Daniela La Luz
44291,Daniela Pedali
44311,Daniele Di Martino
44312,Daniele Di Martino| Max Joni
44335,Daniele Tignino| Da Lukas
44340,Daniella Mason
44342,Danielle Bradbery
44351,Danielle Laval
44375,Danika
44387,Danilo Perez
44401,Danism & Haze
44405,Danity Kane
44422,Danna Paola
44429,Dannic
44433,Dannic and Shermanology
44434,Dannic and Sick Individuals
44437,Dannic featuring Bright Lights
44440,Dannii Minogue
44444,Danny Adler
44449,Danny Avila
44450,Danny Avila & Merzo
44456,Danny Baranowsky
44458,Danny Becher
44470,Danny Brown
44474,Danny Ca$H
44476,Danny Chen
44496,Danny Diaz
44502,Danny Elfman
44506,Danny Fernandes
44513,Danny G Italy
44515,Danny Gatton
44526,Danny Howard & Futuristic Polar Bears
44529,Danny Johnson Band
44534,Danny Kasunga
44535,Danny Kaye
44540,Danny Koo
44541,Danny Krivit
44542,Danny Krivit & Kyle Smith Present Kim English
44544,Danny L Harle
44553,Danny Marquez & Ferry B
44557,Danny McCarthy
44562,Danny Merx Feat. Majuri
44574,Danny Padilla
44588,Danny Saucedo
44592,Danny Sinatra
44611,Danny Wall
44618,Danny Wright
44619,Danny and the Juniors
44629,Dano & Emelvi
44633,Danpyunsun and the Sailors
44635,Danrell X Småland| Ghost
44637,Dansc Baby
44639,Dansir
44648,Dante Klein
44659,Dantiez Saunderson & KPD
44661,Dantès
44670,Dany Brillant
44687,Danyella Vigus-Brown
44693,Danza Kuduro
44695,Danzel
44697,Danzig
44709,Dapa Deep
44712,Dapharao
44718,Daphne Khoo
44720,Daphne Willis
44737,Dara Sedaka
44738,Darae
44746,Darcey| Mo
44749,Daredaa
44752,Daree Rock
44760,Daria
44766,Daria Toffali
44768,Daria van den Bercken
44772,Darin
44773,Darin Epsilon featuring Ghost WARS
44781,Dario Assenzo
44801,Dario Manzo
44802,Dario Marianelli
44803,Dario Marianelli| Regina Spektor
44818,Darius & Finlay
44823,Darius Finlay feat. Nicco
44828,Darius Rucker
44829,Darius Shipp
44842,Dark Brown
44846,Dark Charybdis
44849,Dark Circle Knights
44860,Dark Funeral
44862,Dark Horse
44872,Dark Millennium
44874,Dark Moor
44878,Dark New Day
44898,Dark Tranquillity
44916,Darkecy
44920,Darkest Hour
44934,Darkness Remains
44944,Darkroom Familia
44951,Darkside
44966,Darlene Zschech
44967,Darlia
44973,Darling Parade
44990,Darom Dabro
44994,Daroo Star(다루별)
44995,Daroot
45007,Darrelle London
45012,Darren Day
45019,Darren Hayes
45031,Darren Morris| Jeff Grace| Philip Mossman
45033,Darren Porter
45035,Darren Styles
45058,Darryl Shanon Holt
45062,Darshan Ambient
45078,Darude
45092,Daryl Hall
45093,Daryl Hall & John Oates
45106,Daryus| Schiller| Aron Ch.| Andy Pitch| Daviddance| Ainur Davletov| High One| VanKey| Project 99| Bob Beat
45112,Das EFX
45123,Das Mörtal
45137,Dash Berlin
45138,Dash Berlin & 3LAU feat. Bright Lights
45140,Dash Berlin & DubVision feat. Jonny Rose
45141,Dash Berlin & Jay Cosmic feat. Collin McLoughlin
45142,Dash Berlin & Syzz
45143,Dash Berlin and Carita La Nina
45144,Dash Berlin feat. Christina Novelli
45145,Dash Berlin feat. Christon Rigby
45146,Dash Berlin feat. Emma Hewitt
45147,Dash Berlin feat. Jonathan Mendelsohn
45148,Dash Berlin feat. Roxanne Emery
45150,Dash Berlin vs Clément Bcx
45154,Dash Berlin| DBSTF| Waka Flocka Flame
45155,Dash Berlin| Luca Perra
45165,Dash and Preuss
45174,Dashboard Confessional
45180,Dasol Park
45181,Dasom
45182,Dasoul
45183,Dasoul / Keymass / Bonche
45186,Dasya
45187,Dasychira
45200,Datarock
45201,Datax & Bymski
45202,Datax Bymski
45204,Datdude
45205,Date Night Jazz
45228,Daughter
45234,Daughtry
45237,Dauwd
45241,Dave
45250,Dave Angel
45256,Dave Azu| JJ Mullor
45268,Dave Bennett
45277,Dave Brubeck
45285,Dave Brubeck Quartet| The Dave Brubeck Quartet
45305,Dave Cleveland
45316,Dave Davies
45317,Dave Days
45318,Dave Days & Future Sunsets
45322,Dave Dee
45326,Dave Dest
45333,Dave Douglas
45334,Dave Douglas & Frank Woeste Quartet
45339,Dave Edmunds
45343,Dave Eshelman's Jazz Garden Big Band
45346,Dave Floyd Pookie
45360,Dave Grusin
45368,Dave Holden
45370,Dave Holland
45373,Dave Hollister
45383,Dave Koz
45385,Dave Kull
45386,Dave Kurtis feat. Max C.
45397,Dave Mac
45400,Dave Mason
45402,Dave Matthews & Tim Reynolds
45403,Dave Matthews Band
45404,Dave Mayer| Husky
45408,Dave McKenna
45411,Dave Miller & L.A. Tom
45437,Dave Pike
45455,Dave Seaman
45460,Dave Sinclair
45481,Dave Van Ronk
45486,Dave Weckl
45487,Dave Weckl Band
45490,Dave Winnel
45508,Daveman
45511,Davenport
45523,Davichi(Min Kyung)
45525,David & Diane Arkenstone
45527,David & The High Spirit
45531,David Aaron Carpenter
45536,David Alexander
45538,David Allan Coe
45549,David Archuleta
45551,David Arkenstone
45556,David Arnold
45558,David Arnold| Michael Price
45565,David Banner
45574,David Beasley's Fabulous Ebonys
45580,David Benoit & Various Artists
45583,David Binney
45584,David Binney| Edward Simon
45585,David Bisbal
45588,David Bitton
45591,David Blanco
45594,David Bowie
45606,David Broza & Shawn Colvin
45626,David Campbell
45628,David Campoy
45629,David Carbonara
45634,David Carter
45637,David Cassidy & The Partridge Family
45645,David Chesky
45648,David Choi
45659,David Cook
45662,David Correy
45664,David Correy| Lunatic
45667,David Courtin
45671,David Crowder*Band
45678,David Dallas
45684,David Dann
45685,David Darling
45694,David Demaria
45701,David Dondero
45708,David Dunn
45710,David Dyer
45722,David Essex
45738,David Foster
45745,David Fray/Philharmonia Orchestra/Jaap van Zweden
45755,David Ganson
45761,David Garrett
45765,David Garrett|Israel Philharmonic Orchestra|Zubin Mehta
45769,David Gates
45771,David Geringas
45772,David Geringas & Tatjana Geringas
45776,David Gilmour
45786,David Gravell
45788,David Gray
45798,David Guetta
45800,David Guetta Cover Band
45801,David Guetta Dancestars
45804,David Guetta| Chris Willis| Cedric Gervais
45805,David Guetta| Glowinthedark
45806,David Guetta| Showtek
45818,David Hansen
45822,David Hasselhoff
45824,David Havala
45826,David Hazeltine
45828,David Heartbreak
45836,David Hernandez
45842,David Hill/Bournemouth Symphony Orchestra
45846,David Hobson
45851,David Holmes
45858,David Huntsinger
45863,David Ian
45881,David Jordan
45885,David K.
45898,David Kim
45899,David Kitt
45901,David Korevaar
45909,David Lang
45910,David Lanz
45917,David Lee Roth
45918,David Lei Brandt
45920,David Lemaitre
45927,David Linx
45928,David Linx and The Brussels Jazz Orchestra
45937,David Longoria
45945,David Lynch ft Karen O
45946,David Lyndon Huff
45963,David McCoul
45966,David McMurray
45971,David Michael Jackson
45980,David Morales
45999,David Nail
46006,David Newman
46017,David Oh
46019,David Oistrakh
46020,David Oistrakh String Quartet
46023,David Oistrakh/Lev Oborin/Sviatoslav Knushevitsky/Igor Oistrakh/Anton Ginsburg/Vladimir Yampolsky
46028,David Oistrakh/Pierre Fournier/Philharmonia Orchestra/Alceo Galliera/London Symphony Orchestra/Lovro von Matacic
46031,David Oistrakh| Leonid Kogan
46050,David Ortega| Jens Mueller| GIACOMO DE FALCO| Andy Pitch| Ttony| Unconscious| Zendoya| Dj Agola| Morena| Timo Veranta| Jak Michaels| Ramon R| Township| Ernesto Vitolo| Marco Viccaro| Cristian Orlandi| Piergiorgio D'arpino| LNO| Luca Bellini| Gigi Squilla
46052,David Osborne
46069,David Peel & the Apple Band
46072,David Penn
46088,David Pomeranz
46089,David Pop
46093,David Prez Romain Pilon Group
46097,David Pyatt
46099,David Quijada
46111,David Rees
46135,David Ruffin
46138,David Ryan Harris
46140,David S. Ware
46141,David Saludes
46143,David Sanborn
46144,David Sanchez
46147,David Sardinha
46148,David Sardy
46164,David Simmons
46165,David Sire
46170,David Smith Quintet
46172,David Soul
46175,David Starck
46181,David Sun
46186,David T Chastain
46190,David Teie
46197,David Thulin
46199,David Tolk
46201,David Torn
46207,David Usher
46212,David Vendetta
46215,David Virelles
46223,David Wall
46226,David Watson
46242,David Wilson
46243,David Wingo
46261,David Zowie
46281,Daviddance| Giangi Cappai| Bvaltik| Egal 3| Andy Pitch| Sulfur| Oxy Beat| TAKiN| Remo Espinoza| Imeon| NxDxcx| Carlo Brech| Alain Jimenez| Gianluca Monfrecola| GRUW FREQUENCY| STEFANO MTM| Ricky C| Miguel DJ| Giuseppe Favia| Niko(Italy)| Salvo Lo Greco| 
46283,Daviddance| Karen Key| Calogero Terranova| Ben-Zion| Satan John| Klaudia Kix| Schaller| Lorenzo Lellini| T360| DJ Bono| Miss 4Play| Sato Fujima| DJ Donny| Aki Drope
46288,Daviddance| Project 99| Andy Pitch| Ben Zohar| Dj Abeb| Francesco Piscosquito| Sarah| Sato Fujima| DJ Herby| Sushi Sun Break| Leo Giusti| Cristian Parisi| Kanzi| Dodiko| Dries Tessens| Dj Evgrand
46294,Davide Burani
46308,Davide Lavino
46316,Davide Shorty
46323,Davidian
46326,Davids
46351,Davis Redfield
46368,Davy Jones Locker
46373,Davyhulme Primary
46377,Dawes
46384,Dawin
46400,Dawn Of Destiny
46402,Dawn Penn
46406,Dawn Richard
46408,Dawn Smith Jordan
46415,Dawnbringer
46417,Dawn| Akku
46429,Dax Riders
46430,Dax Rockrider
46435,Day By Day
46436,Day Day
46438,Day Din
46440,Day Fly
46441,Day Green Players
46447,Day Spa Academy
46454,Day(데이)
46461,Daya
46465,Dayana
46470,Dayday
46474,Daye Jack
46477,Daylight
46489,Dayna Stephens
46490,Dayna Stephens Quintet
46491,Dayne S
46502,Dayseeker
46505,Dayton
46507,Daytona Rios
46514,Daywind
46519,Daz
46530,Daze
46534,Dazz Band
46540,Db tha General
46541,Dbaby the Beast
46549,Dbp Music
46555,Dcay
46558,Dcup
46573,De Dijk
46574,De Dødelige
46578,De Fam
46588,De Hofnar
46611,De La Soul
46612,De La Soul feat. Little Dragon
46613,De La Soul feat. Snoop Dogg
46626,De Magia Veterum
46640,De Phazz
46644,De Romeo's
46650,De Toppers
46672,De-Lovely Music From The Motion Picture
46674,De-Phazz
46680,DeBarge
46685,DeJ Loaf feat. Big Sean
46686,DeJ Loaf feat. Jeezy and T.I.
46687,DeJ Loaf feat. Lil Wayne
46704,DeWayn Dinkins
46713,Deacon Blue
46719,Dead At Eleven
46729,Dead By Sunrise
46732,Dead Can Dance
46734,Dead Cat Bounce
46742,Dead Dog Cafe
46772,Dead Man's Bones
46777,Dead Mellotron
46789,Dead Rabbits
46792,Dead Rising 3
46793,Dead Sara
46798,Dead Sirius 3000
46805,Dead To A Dying World
46806,Dead To Fall
46812,Dead Weight
46813,Dead When I Found Her
46817,Dead by April
46821,Dead or Alive
46838,Deadliest Catch
46840,Deadlock
46844,Deadly Nightshade
46849,Deadmau5
46863,Deafheaven
46869,Dealirium
46870,Deals Death
46873,Dean & Britta
46879,Dean Cohen| Eran Hersh & Darmon
46889,Dean Geyer
46899,Dean Martin
46912,Dean Newton & Huggy
46914,Dean Raskin
46916,Dean Ray
46930,Deana Carter
46931,Deana Martin
46942,Deap Vally
46946,Dear David
46958,Dear Jane
46960,Dear John
46977,Dears (Dewi+小安)
46981,Death And The Penguin
46992,Death Cab for Cutie
46995,Death Come Cover Me| DCCM
46999,Death Destruction
47000,Death Fetishist
47001,Death From Above 1979
47002,Death Grips
47005,Death In Vegas
47020,Death Vessel
47036,Deathspell Omega
47063,Debbie Gibson
47064,Debbie Gibson| Tiffany
47067,Debbie Huang
47069,Debbie Reynolds
47070,Debbie Reynolds| Original Broadway Cast
47075,Debby Boone
47078,Debelah Morgan
47080,Debi Makhsoospuri
47097,Deborah Cox
47105,Deborah Liani
47106,Deborah Lurie
47108,Deborah Martin
47119,Debra Killings
47136,Decade of the Dancefloor
47142,Decapitated
47156,December
47164,Deceptionist
47173,Decima Balder
47182,Deck Hannabel
47189,Declan Galbraith
47190,Declan McKenna
47202,Decoy!| The Royalties STHLM
47209,Decyfer Down
47220,Dedsec Crew
47230,Dee D. Jackson
47233,Dee Dee Bridgewater
47239,Dee Dee| Barry & The Movements
47256,Dee Monse
47259,Dee Ray| Tony Brown
47269,Dee eN
47270,Dee-1
47278,DeeLectro meets Brandox
47279,DeeWunn feat. Marcy Chin| DeeWunn
47282,Deebri Media
47289,Deeds Of Flesh
47291,Deee-Lite
47300,Deejay Jankes| DJ Stefi
47306,Deejay P-Mix
47322,Deelanation Of Love
47334,Deep & Soulful House Music
47340,Deep Character| Mad Boss
47341,Deep Chase
47353,Deep Creek Road
47356,Deep Dickollective
47357,Deep Dish
47360,Deep East Music
47368,Deep Forest
47372,Deep Hazex
47373,Deep House
47374,Deep House & Aerobic Music Workout & House Party
47381,Deep House Classics
47387,Deep House DJ's
47393,Deep House Music
47395,Deep House Music| Ibiza Dance Party| House Music
47400,Deep House Music|Deep House Club|House Music
47401,Deep House Party Hits
47427,Deep Purple
47428,Deep Relax Music World
47446,Deep Side
47448,Deep Sleep
47452,Deep Sleep Band
47469,Deep Sleep Music Club
47476,Deep Sleep Music Delta Binaural 432 Hz
47478,Deep Sleep Music Delta Binaural 432 Hz & Sounds of Nature White Noise for Mindfulness Meditation and Relaxation & Yoga Club
47492,Deep Sleep Relaxation
47502,Deep Sleep Systems & Spa Music Collective & Deep Sleep Music Delta Waves Binaural
47511,Deep Sleep|Deep Sleep Meditation|Deep Sleep Relaxation
47523,Deep Style DJ
47540,Deepak Chopra & Dave Stewart
47541,Deepak Chopra's Leela
47542,Deepak Dev
47549,Deepchord
47568,Deeplow
47569,Deepmaniak
47575,Deepside Deejays
47583,Deer Tick
47585,Deerhoof
47586,Deerhunter
47589,Deetah
47596,Deezuz
47607,Def Jam 25
47611,Def Leppard
47615,Def Tech
47617,Def Will
47621,Default
47623,Defeated Sanity
47624,Defeater
47635,Defected Radio
47641,Deffinite
47642,Defiance
47656,Defqwop
47657,Defqwop feat. Strix
47659,Deftones
47663,Defused Holocaust
47668,Degenerhate
47685,Deicide
47695,Deitrick Haddon
47698,Deivos
47701,Dej Loaf
47704,Deja Vu
47705,Deja-Move
47720,Deka
47721,Deka & Dave Rose
47726,Del Amitri
47738,Del Shannon
47742,Dela
47748,Delain
47771,Dele Bamgboye
47773,Delegation
47775,Delerium
47780,Delfeayo Marsalis and the Uptown Jazz Orchestra
47789,Delia Gonzalez & Gavin Russom
47794,Delicatessen
47798,Delights Of The Double Bed
47799,Delilah
47805,Deliri0us
47809,Delirious & Alex K
47812,Delirious?
47813,Delirium Soul
47825,Della Reese
47828,Della huan
47830,Della qi
47832,Della心靈換季音樂
47833,Della快適生活系列
47834,Della晴
47835,Della有聲EQ系列
47836,Della生活美學系列
47837,Della眠
47838,Della蛻
47839,Della陽光元氣系列
47847,Delora
47848,Delorean
47860,Delpin Hotels
47863,Delroy Edwards
47865,Delroy Wilson
47868,Delta
47874,Delta Goodrem
47875,Delta Heavy
47878,Delta Rae
47881,Delta Spirit
47889,Deltron 3030
47896,Delusion
47899,Deluxe
47911,Del| Orianis
47932,Demented Sound Mafia
47933,Demet Akalın
47941,Demi Lovato
47949,Demigod
47951,Demilich
47953,Demion
47955,Demis Roussos
47980,Demoniac
47985,Demons
47989,Demonslayer
48000,Demusmaker
48013,Dena
48022,Dencihinji
48028,Denga vs. Manus
48031,Dengbêj îbrahîmê Pîrikî
48035,Deni Hines
48039,Deniece Williams
48048,Denis Craw
48057,Denis Kenzo
48061,Denis Kenzo| Vika
48077,Denis Solee
48080,Denis Stelmakh
48081,Denis The Menace & Syke'n'Sugarstarr
48082,Denis Underground
48089,Denise La Salle
48098,Denison Witmer
48099,Denita Gibbs
48113,Denki Groove (電気グルーヴ)
48114,Denmark + Winter
48126,Dennis Blaze
48127,Dennis Bovell
48128,Dennis Bovell's Dub Band
48129,Dennis Bovell/The 4th Street Orchestra
48130,Dennis Brain
48140,Dennis Christopher
48147,Dennis De Young
48150,Dennis Dj| Nandinho (Featuring) & Nego Bam (Featuring)
48165,Dennis Kruissen
48177,Dennis Nie
48178,Dennis Pavao
48180,Dennis Ramoon
48197,Dennis Yost
48213,Denny Lanez
48216,Denny White
48221,Denpagumi.inc (でんぱ組.inc)
48227,Dent May
48229,Dente
48248,Denzal Park| M4SONIC| Dirt Cheap
48251,Denzel Curry
48253,Denzel Wilson
48263,Deon Cormier
48265,Deon Estus
48267,Deon Kipping
48271,Deorro
48273,Deorro & ZooFunktion
48274,Deorro and J-Trick
48277,Deorro feat. Dycy and Adrian Delgado
48278,Deorro vs. Adrian Delgado
48279,Deorro| Uberjak’d
48283,Department of Eagles
48284,Depeche Mode
48291,Depresso
48296,Depth Charge
48329,Derek & The Dominos
48349,Derek Johnson
48351,Derek King
48352,Derek Lara
48359,Derek Moore| Galia Shaked
48365,Derek Sherinian
48375,Derek Webb
48377,Derick Westerman Davies
48380,Derin Falana
48383,Dero
48386,Derrick Barry
48388,Derrick Flair
48390,Derrick Hodge
48400,Derrius Wilson
48405,Dertee
48413,Des Larson
48418,Des'ree
48424,Desaparecidos
48437,Desecravity
48447,Desert Noises
48451,Desert Sessions
48458,Deshody
48467,Design The Skyline
48477,Desiigner
48478,Desirae Bronson
48479,Desire
48484,Desiree Jordan
48486,Desireless
48491,Desmeon
48496,Desmond Dekker
48508,Desperado
48520,Dessert Dunes
48541,Destiny's Child
48543,Destorm Power
48548,Destress Relaxing Music School
48551,Destroy Me
48552,Destroy The Runner
48559,Destructo
48562,Destructo feat. Ty Dolla $ign & Ilovemakonnen
48565,Desusino Boys
48576,Detektivbyrån
48588,Detonation
48600,Detroit Muscle
48624,Deus Ex : Human Revolution
48626,Deuter
48633,Deutsche Kammerphilharmonie / Gidon Kremer / Vadim Sakharov
48636,Deutsche Musical Company| Kammeroper Köln & Esther Hilsberg
48657,Deva
48658,Deva Premal
48660,Deva Premal & Miten with Manose
48668,Devastations
48673,Devault| Stélouse
48674,Devdas - An Adaptation Of Sarat Chandra Chattopadhyay's Devdas
48679,Devendra Banhart
48687,Devi Sri Prasad
48691,Deviant Process
48695,Device
48703,Devil ANTHEM. (Devil ANTHEM.)
48705,Devil Dragon Tatoo
48707,Devil K
48708,Devil May Cry 4
48710,Devil Sold His Soul
48714,Devil_E_So_Marko
48715,Devildriver
48764,Devlin
48765,Devlin & David
48766,Devo
48771,Devon Baldwin
48783,Devon Williams
48787,Devotchka
48788,Devotion
48790,Devour The Day
48792,Devours
48794,Devvon Terrell
48798,Devylle
48806,Dewald Dippenaar
48807,Dewald Gouws
48828,Dexter
48832,Dexter Gordon
48835,Dexter Jones' Circus Orchestra
48842,Dexys
48843,Dexys Midnight Runners
48849,Dez Duron
48862,Dezperadoz
48863,Dezso Balogh
48866,Deztini Farinas
48878,Dh Music
48880,Dhafer Youssef
48883,Dhani Harrison| Paul Hicks
48884,Dhanraj Manickam
48916,Di Johnston
48924,Di-Rect
48934,DiRTY RADiO
48940,Dia
48942,Dia Frampton
48945,Dia Tree(다이아트리)
48950,Diablo
48954,Diabolic
48965,Diagram Of The Heart
48971,Diallo
48982,Diamond
48986,Diamond D
48990,Diamond District
49003,Diamond Jubilee 2012
49018,Diamond White
49019,Diamond White & AJ Rafael
49020,Diamond White & Mario Jose
49023,Diamonds
49026,Diamonds Love song
49036,Diana
49050,Diana Damrau|Yannick Nézet-Séguin|Joyce DiDonato|Mojca Erdmann|Mahler Chamber Orchestra|Ildebrando D'Arcangelo|Rolando Villazón|Luca Pisaroni
49057,Diana Espir
49058,Diana Garnet
49061,Diana Gordon
49064,Diana King
49065,Diana Krall
49070,Diana Princess of Wales| Tribute
49071,Diana Ross
49072,Diana Ross & The Supremes
49073,Diana Ross & The Supremes|The Temptations
49081,Diana Vickers
49087,Diana(다이아나)
49089,Diane
49093,Diane Armesto
49094,Diane Birch
49095,Diane Charlemagne
49106,Diane Schuur|B.B. King
49118,Dianne Reeves
49127,Diary of a Night Watchman Original Soundtrack
49144,Dice SoHo
49156,Dick Dale
49157,Dick Dale & His Del-Tones
49169,Dick Hyman
49197,Dickey Lee
49201,Dickie Valentine
49205,Dickpunks & Jeon Jiyoon
49219,Diddy - Dirty Money
49241,Didimek featuring Samuel Suleiman
49243,Dido
49246,Didrick
49250,Die 12 Cellisten Der Berliner Philharmoniker/Juliane Banse
49251,Die 12 Cellisten der Berliner Philharmoniker
49259,Die Another Day
49260,Die Antwoord
49268,Die Campbells
49282,Die Flippers
49289,Die Happy
49297,Die Liederkinder
49298,Die Liga der gewöhnlichen Gentlemen
49302,Die Mega Hits
49310,Die Optimale Härte
49315,Die Priester
49316,Die Prinzen
49330,Die Sexy Boys u.a.
49339,Die Toten Hosen
49342,Die Vogelperspektive
49367,Die schönsten Liebesduette
49370,Die! Die! Die!
49385,Diego Baldenweg with Nora Baldenweg & Lionel Baldenweg
49394,Diego Del Val
49405,Diego García
49424,Diego Miranda
49430,Diego Moura
49439,Diego Torres
49445,DiegoMolinams
49452,Diemonsterdie
49456,Dierks Bentley
49478,Dieter Goldmann
49489,Dietrich Fischer-Dieskau
49491,Dietrich Fischer-Dieskau/Gerald Moore
49505,Dieuwert
49513,Different Heaven
49514,Different Heaven & EH!DE
49515,Different Heaven feat. ReesaLunn
49516,Different Heaven| Sian Area
49519,Diffuser
49528,Dig the Kid
49529,Digable Planets
49535,Digging In The Crates: 2001 Vol. 1
49549,Digikid84
49558,Digital Daggers
49562,Digital Farm Animals| Cash Cash
49566,Digital Impulse| Good Fellas
49571,Digital Lizards Of Doom
49582,Digital Project| Neal Porter
49593,Digital Underground
49598,Digitales Endergebnis
49599,Digitalism
49601,Digitalo
49604,Digitule
49610,Digo Policiano
49615,Diiv
49620,Dik Lewis
49634,Dilated Peoples
49637,Dilby & FreedomB
49652,Dillinger Four
49656,Dillistone| Lili N
49657,Dillon
49659,Dillon Francis
49660,Dillon Francis & DJ Snake
49661,Dillon Francis & Martin Garrix
49662,Dillon Francis & Sultan & Ned Shepard feat. The Chain Gang of 1974
49663,Dillon Francis & Sultan + Ned Shepard feat. The Chain Gang of 1974
49664,Dillon Francis feat. Major Lazer & Stylo G
49665,Dillon Francis| Kygo
49666,Dillon Francis| Skrillex
49703,Dima Ostrovskiy
49717,Dimension
49728,Dimie Cat
49732,Dimitra Galani
49736,Dimitri From Paris| DJ Rocca
49737,Dimitri From Paris| Electra 80
49756,Dimitri Vegas & Like Mike
49757,Dimitri Vegas & Like Mike feat. MoDiDa
49758,Dimitri Vegas & Like Mike ft. Wolfpack & Katy B
49759,Dimitri Vegas & Like Mike vs DVBBS & Borgeous
49760,Dimitri Vegas & Like Mike vs. Sander van Doorn
49761,Dimitri Vegas & Like Mike vs. VINAI
49764,Dimitri Vegas / Like Mike vs. Ummet Ozcan
49765,Dimitri Vegas| Like Mike
49766,Dimitri Vegas| Like Mike| Coone
49767,Dimitri Vegas| MOGUAI & Like Mike
49768,Dimitri Vegas| Martin Garrix| Like Mike
49772,Dimitrios Bitzenis
49773,Dimitris Athanasiou
49795,Dimond Saints
49800,Dimple Minds
49801,Dimster & Tiggeri
49804,DinDin
49805,DinDin| Ash-B
49809,Dina Carroll
49821,Dinah Shore
49823,Dinah Washington
49839,Dinesh
49855,Dini White
49864,Dinner Jazz
49869,Dinner Music
49877,Dinner Party Music Guys
49883,Dino Brown| Tobix| Zeroone
49884,Dino Dizdarevic
49891,Dino Latino
49897,Dino Pacifici
49906,Dino Sor| Big & Fat| A.Su| Cream Sound| Blansh| Candy Shop| Abel Moreno| Asten| 2D Project| Royal Music Paris
49915,Dino Sor| Royal Music Paris| Candy Shop| Central Galactic| Nightloverz| Hugo Bass| I-BIZ| FICO
49917,Dinodeuts| Tripmann| BG BuyoGuerrero| Rishi K.| Daryus| Boy Funktastic| Ivan Guasch| Jonny Bee| Four Rooms| Timo Veranta| Daviddance| Schaller| Valentino Guerriero
49921,Dinosaur Jr.
49925,Dinu Lipatti
49928,Dio
49932,Diode
49933,Diogo Piçarra
49938,Dion
49941,Dion Condack
49962,Dionne Bromfield
49964,Dionne Warwick
49970,Dionysos
49971,Dionyza
49975,Dios/シグナルP
49976,Dios/シグナルP feat. 鏡音リン・鏡音レン・GUMI・初音ミク・巡音ルカ・KAITO
49983,Dipanwita Mitra
49985,Diplo
49986,Diplo & Autoerotique
49987,Diplo feat Lil Jon
49994,Diplo| DJ Fresh
49995,Diplo| Sleepy Tom
50000,Dir en grey
50003,Dire Omen
50004,Dire Straits
50008,Direct Hit! / The Priceduifkes
50009,Direct to Dreams
50014,Dirge
50016,Dirk Altmann (歐特曼)／豎笛 & Dniel Gauthier(高希爾)／薩克斯風 & Heinz Holliger (霍利格)／指揮 & 司圖加特廣播交響樂團
50018,Dirk Busch
50024,Dirk Leupolz
50030,Dirk Schaadt Organ Trio
50034,Diroma| Giacomo De Falco| Carlos Striscia| Sulfur| Jon Knob| Leenn'y| JMC| Andrew Mina| Probi| Zato| Andy Pitch| Gianluca Monfrecola| Tamer Fouda| OmarOmenos| Jakros R| Daniele Pascale| Andrea Dir| Davide Di Blasi| David Ortega| La Pin| Helen Brown| Mada
50040,Dirt Chili
50045,Dirt Nasty
50061,Dirty Audio
50078,Dirty Culture
50082,Dirty Dancing (Motion Picture Soundtrack)
50085,Dirty Dapz
50102,Dirty Heads
50105,Dirty Impact|Saintro P
50107,Dirty Kidd
50111,Dirty Loops
50121,Dirty Pretty Things
50122,Dirty Projectors
50135,Dirty South
50136,Dirty South & Alesso
50144,Dirty Three
50145,Dirty Vegas
50154,Dirtyphonics
50157,Dirtywork| Erick Kasell| MAD2MAD
50160,Disa
50165,Disasterpeace
50170,Discharge
50172,Disciples
50173,Disciples| David Guetta
50177,Disclosure
50178,Disclosure|Friend Within
50184,Disco Bee
50185,Disco Cell
50194,Disco Doubles
50198,Disco Fever
50207,Disco Fries
50208,Disco Fries feat. Command Sisters
50236,Disco's Hit
50238,Disco's Over feat. Jennifer Cooke
50244,DiscoRocks
50267,Discovery
50270,Discovery Of Romance
50280,Disentomb
50282,Disfigure
50285,Disfunktion
50288,Disfunktional DJs| MarkoBoko| Grasp The Erro| Tedd-Z| Telstar| DJ Roland D| C2U| T-Lektric| Dean Sutton| Tamteo| John Ming| Paul Pritchard| Luke PN| Dj Rez| DJ Roger J| Rachel Stone| Love Deuce| Paggos| DJ-Pipes| Sean Chains| Code_9| DJ Wilson| Dynamonst
50289,Disfunktion| Husman
50296,Dishwalla
50305,Diskord
50308,Disney / Pixar Buddy Songs
50309,Disney Channel Holiday Playlist
50311,Disney Kids Band
50314,Disney Princess Christmas Album
50315,Disney Princess: The Ultimate Song Collection
50318,Disney Tribute Band
50319,Disney Tribute Kings
50320,Disney's Circle of Stars
50321,Disney-Pixar All Time Favorites
50322,Disneymania 5
50323,Disneymania 6
50327,Dispit
50347,Distant Fragment
50363,District 21
50364,District 78
50369,Distrion & Electro-Light
50371,Distrion| Electro-Light| Ke'nekt
50374,Disturbed
50380,Ditto Mnml
50395,Diva(디바)
50400,Divas Of Old School Nervous House
50426,Divine
50431,Divine Council
50447,Diviners
50448,Diviners feat. Contacreast
50450,Diviners| Philly K
50452,Diving With Andy
50454,Divinity Roxx
50456,Divinyls
50468,Dixie & CTRL ALT DEL
50469,Dixie & Riviera Sound
50472,Dixie Chicks
50474,Dixie Flatline
50480,Dixieland Jass Band
50490,Dizkodude feat. Jenny Jones
50493,Dizparity
50501,Dizzee Rascal
50513,Dizzy Dizzo
50515,Dizzy Gillespie
50520,Dizzy Gillespie & Roy Eldridge & Harry
50536,Dizzy Reece
50538,Dizzy Wright
50553,Dj Alex F
50557,Dj Alvaro| DJ Lusiman
50574,Dj Assault
50577,Dj Axpe & Albert Kick
50592,Dj Burak Yeter
50600,Dj Casla
50605,Dj Christmas
50614,Dj Cut Killer
50617,Dj D
50618,Dj Dalebe
50619,Dj Dan
50629,Dj Dira
50647,Dj Esco
50650,Dj F
50656,Dj First Mike
50664,Dj Free & Purebeat
50683,Dj Handclap
50687,Dj HumTum
50713,Dj Kiky
50715,Dj Knot
50735,Dj LaserJet
50785,Dj Nano
50790,Dj Networx Vol. 42 Download Edition
50804,Dj Party Sessions
50815,Dj Pierre Presents Shock Wave
50823,Dj Quick
50831,Dj Remix Fellow
50838,Dj Rush
50840,Dj Rynno Feat. Sylvia
50846,Dj Samih
50848,Dj Sang
50849,Dj Sanny J & D@ Niele
50850,Dj Santa Claus
50852,Dj Satomi
50859,Dj Simran
50877,Dj Spy|Sergio T
50885,Dj Sunny Mega
50899,Dj Team
50904,Dj Tobe
50906,Dj Toner
50908,Dj Tools
50910,Dj Top| Vol. 2
50917,Dj VKT
50940,Dj in the Night
50948,Dj.Fresh
50953,DjMix
50962,Djaimin| Imblosion| Juicy Lotta & Mario Ferrini feat. Cathy
50975,Djane HouseKat
50978,Django Django
50982,Django Reinhardt
50993,Djavan
51001,Djedjotronic
51002,Djeep Rhythms
51028,Djivan Gasparyan
51032,Djmonzelle
51066,Dmitri Hvorostovsky
51073,Dmitri Saidi & No Hopes feat. Adriana Lucia
51080,Dmitriy Lukyanov
51095,Dmitry Sitkovetsky
51111,Dntel
51113,Do As Infinity
51121,Do Phu Qui
51139,Dob-Rock
51146,Dobie
51147,Dobie Gray
51158,Doc & Merle Watson
51161,Doc Daneeka feat. Seven Davis Jnr
51167,Doc Gee feat. Honey
51169,Doc Holiday
51185,Doc Watson
51192,Dochakumin (土着民)
51198,Doctor
51206,Doctor Django and his Nurses
51215,Doctor Gill
51230,Doctor P
51233,Doctor P| Flux Pavilion
51235,Doctor Rockit
51237,Doctor Vox
51240,Doctor Y
51241,Doctor's Band
51246,Documenta
51251,Dodecahedron
51252,Dodge & Fuski
51255,Dodge & Fuski| Virtual Riot
51257,Dodgy
51260,Dodi
51282,Dog Bite
51289,Dog Leg Preacher
51305,Dogg Master
51306,Dogg Master| Djë
51310,Dogg Pound
51313,Doggie Trio
51325,Dogs Gone Wrong
51331,Dogz
51333,Doing Time
51336,Doja Cat
51340,Dok2| Microdot
51342,Dokedo
51343,Dokkaebi| Drumma Boy| Trak Mark
51344,Dokken
51373,Dolla featuring T-Pain & Tay Dizm
51389,Dolly Parton
51396,Dolly Spartans
51410,Dolores O'Riordan
51419,Dom
51420,Dom & Roland
51429,Dom Dolla & Go Freek
51435,Dom McLennon
51450,Dombresky
51466,Domenico Scarlatti
51468,Domeno and Michael Sparks
51472,Domestic Cat JiAe
51481,Domine
51482,Doming& Milnes
51492,Domingo/Carreras/Pavarotti
51496,Dominic Balli
51504,Dominic Lewis
51507,Dominic Miller
51509,Dominic Perfetti
51511,Dominic Scott Kay
51516,Dominican Jay
51526,Dominik Hauser
51539,Dominique
51543,Dominique Bouvier
51565,Dominique Young Unique
51571,Dominowe
51578,Domo Genesis
51599,Don B.
51608,Don Broco
51616,Don Campbell
51629,Don Cornell
51632,Don Covay
51639,Don Diablo
51641,Don Diablo & Matt Nash
51643,Don Diablo feat. Alex Clare & Kelis
51645,Don Diablo feat. Maluca
51647,Don Diablo| Steve Aoki| Lush & Simon
51657,Don Felder
51661,Don Friedman Quartet
51662,Don Friedman Trio
51666,Don Gibson
51673,Don Henley
51677,Don Ho
51679,Don Italiano
51685,Don Jon
51699,Don Lore V.
51704,Don Marino Barreto Jr.
51710,Don Mclean
51720,Don Michael Jr
51729,Don Neely's Royal Society Six
51733,Don Omar
51750,Don Piece
51767,Don Ross
51802,Don Wilkerson
51803,Don Williams
51819,Don't Judge Me
51822,Don't Look Down
51832,Don't let me down (Don't let me down)
51835,DonCat
51842,Dona Edith Do Prato
51844,Dona Rosa
51845,Dona Rosa / OqueStrada
51846,Donae'o
51856,Donald Bucks
51858,Donald Byrd
51864,Donald Glaude
51866,Donald Hayes
51867,Donald Height
51882,Donatella
51886,Donati
51894,Donavon Frankenreiter
51901,Done Again
51902,Done N Dusted
51905,Donell Jones
51909,Donell Rush
51912,Dong Hyek Lim
51914,Dong Shan Shao Ye
51916,Dong young
51921,Donguk.s
51931,Donkey Rollers
51935,Donn T
51942,Donna De Lory
51946,Donna Fargo
51949,Donna Lewis
51958,Donna Stewart
51959,Donna Summer
51978,Donnie McClurkin
51980,Donnie Ray
51988,Donny Hathaway
51990,Donny McCaslin
51991,Donny Montell
51992,Donny Osmond
51993,Donny Osmond Marie Osmond
51998,Donovan
52004,Donovan Wolfington
52009,Dont Go
52011,Dont Wake Me Up
52031,Doo
52037,Doodle
52041,Doogal
52046,Dooley Wilson & The Warner Brothers Studio Orchestra
52048,Dooley-O
52062,Doop
52064,Dooqu
52065,Dooqu| Ashdown
52066,Dooqu| Luke Cusato
52073,Dope
52088,Dope Stars Inc.
52108,Dora The Explorer
52118,Dorena
52119,Dore| I Gusti Sudarsana
52123,Dori Caymmi
52128,Dorian Concept
52131,Dorian Gray
52143,Doris Day
52144,Doris Day And Howard Keel
52156,Dorisburg
52164,Doro
52171,Dorothea Röschmann| Mitsuko Uchida
52178,Dorothy
52184,Dorothy Dandridge| Harry Belafonte| Joe Adams| Olga James| Pearl Bailey
52186,Dorothy Donegan
52190,Dorothy Lamour
52191,Dorothy Little Happy
52210,Dort wo durchs Land die Elster fließt
52212,Doru Apreotesei
52213,Dorval
52216,Doré
52227,Dosseh
52231,Dot Dot Curve
52240,Dotan
52241,Dotarachi & Mike Notez
52250,Dottie West
52279,Double K
52286,Double Penetration
52293,Double Rainbow-小沼ようすけ＆宮本貴奈
52298,Double T
52322,Doudou N'diaye Rose
52368,DoughBoy & Jill Vidal 衛詩
52377,Dougie F
52379,Dougie Maclean
52391,Douglas Heart
52398,Douglas Pope
52414,Douwe Bob
52415,Dove Cameron
52422,Doves
52425,Down
52431,Down I Go
52445,Down With Love: Music From And Inspired By The Motion Picture
52446,Down With Webster
52448,Down the Lees
52460,Downhere
52473,Downthesun
52485,Doxamillion
52486,Doxxx
52489,Doyle Dykes
52492,Doyu
52495,Dozay
52504,Dpc LilChris
52533,Dr Phunk
52543,Dr Velasquez
52555,Dr. Bellido
52567,Dr. Cover Band
52571,Dr. Dancefloor
52577,Dr. Didg
52578,Dr. Dog
52582,Dr. Dre
52586,Dr. Duke Tumatoe
52588,Dr. Ed
52594,Dr. Gap
52603,Dr. Hook
52608,Dr. Jeffrey Thompson
52612,Dr. John
52616,Dr. K & Nii vs. Shiha featuring Jan Johnston
52658,Dr. Sound Effects
52670,Dr. TITAN
52685,Dr. 蘇盈之 (Soo Wincci)
52687,Dr.Angel feat. jae-man an
52689,Dr.J
52692,Dr.Kucho! & Gregor Salto
52697,Dr.Simpson
52710,Drab Majesty
52721,Draft King
52727,Dragged Into Sunlight
52728,Dragged Into Sunlight / Gnaw Their Tongues
52735,Dragon Ash
52737,Dragon Hoang
52744,Dragonbard
52747,Dragonette
52749,Dragonfly Diana| Ladybird Marie & Marienkäfer Marie
52750,Dragonforce
52753,Dragony
52761,Drake
52767,Drake White
52770,Drake| Future
52771,Drake| Meek Mill
52773,Drama
52781,Dramatic Moment
52788,Draper
52790,Drapht
52794,Drastic Measures
52798,Drauf & Dran
52799,Drauf & Dran feat. Kalletti Klub
52803,Drawn
52809,Dray Solis
52811,Drayton Farley
52828,Dre P.
52850,Dreadzone
52851,Dream
52852,Dream A Little Dream
52853,Dream Again ~ 最佳廣告歌曲典藏集
52854,Dream Ami
52862,Dream City Film Club
52866,Dream Deeply・・・
52869,Dream Evil
52871,Dream Girls
52873,Dream High OST
52874,Dream Koala
52885,Dream On Dreamer
52890,Dream Soundtracks
52897,Dream Theater
52906,Dream5
52907,Dream5+ブリー隊長
52919,Dreamers
52923,Dreamgirls (Motion Picture Soundtrack)
52925,Dreamgirls Music from the Motion Picture
52926,Dreamgirls: Original Broadway Cast Album
52928,Dreaming
52938,Dreamon
52939,Dreamphish
52946,Dreamshade
52950,Dreamtale
52966,Dreezy
52967,Dregas
52971,Dreicon
52975,Dreke
52990,Dresses
53007,Drew Deezy
53010,Drew Holcomb
53011,Drew Holcomb & the Neighbors
53020,Drew Partick
53035,Drewxhill
53037,Drexxl DeNiro
53040,Drezo
53044,Drianu
53053,Driftmoon
53069,Drive
53078,Drive-By Truckers
53084,Driver Friendly
53087,DrivetimeUOJ
53104,Drogao
53108,Drones Club
53117,Drop City Yacht Club
53140,Dropkick Murphys
53142,Droplead
53144,Dropout
53146,Dropouts
53152,Droptek
53157,Dror Biran
53164,Drowners
53167,Drowning Pool
53172,Dru Hill
53181,Drug Restaurant
53190,Drukverdeler
53192,Drum & Bass
53211,DrumTalk
53219,Drumkraft & D.Botero
53241,Drunken Masters & Tropkillaz
53246,Drunken Tiger
53250,Drvg Cvltvre
53254,Dry Martina
53255,Dry The River
53258,Dryjacket
53259,Dryra & EpicFail featuring Danielle Simeone
53274,Du Blonde
53277,Du Meng
53278,Du Preez Stoltz
53286,Dua Lipa
53299,Dual Sessions
53304,Dualesque
53305,Duality
53314,Duane Eddy
53322,Dub Ataque
53338,Dub Phizix
53358,DubVision
53361,DubVision ft Ruby Prophet
53364,Dubais
53370,Dubble Barrell
53372,Dubble Trubble
53393,Dublin Session Singers
53394,Dubloadz
53415,Dubstep
53418,Dubstep 2015
53427,Dubstep Hitz
53433,Dubstep Kings|Dubstep Mix Collection|Sound of Dubstep
53437,Dubstep Masters
53441,Dubstep Music Comedy Remixers
53442,Dubstep Ringtone Masters
53452,Dubstep| Dubstep Spook| Bass Music
53464,Duccio Ceccanti
53474,Duck House
53484,Ducktails
53486,Ducky
53502,Duecie Nickels
53504,Duell
53515,Duexo
53518,Duff McKagan's
53519,Duff Mckagan's Loaded
53523,Duffy
53531,Duijn & Douglas
53536,Duk Hwan 덕환
53542,Duke Dumont
53543,Duke Ellington
53551,Duke Ellington & His Orchestra
53555,Duke Ellington & John Coltrane
53573,Duke Jordan
53575,Duke Montana
53584,Duke de Lacy
53591,Dulce Maria
53592,Dulce Pontes
53606,Dum Dum Girls
53610,Dumaine
53616,Dumbfoundead
53639,Duncan James
53640,Duncan James and Keedie
53643,Duncan Mighty
53650,Duncan Sheik
53651,Duncan Sheik|Steven Sater
53655,Dune
53662,Dungen
53677,Duo Alhambra
53702,Duo Lied
53717,Duo Résonances
53721,Duo Tal & Groethuysen
53732,Duong Minh Tuan
53738,Durag Dynasty
53740,Duran Duran
53752,DurtE & Redneck Souljers
53754,Durty So Clean
53765,Dusk Till Dawn
53769,Duskus
53770,Dusky
53786,Dustin Kensrue
53788,Dustin Lynch
53792,Dustin O'Halloran
53793,Dustin O'Halloran| Hauschka
53797,Dustin Tebbutt
53799,Dusty Allen
53804,Dusty McFly
53808,Dusty Springfield
53812,Dustycloud
53816,Dutch Montana & DOGMA & Junkman
53822,Dutch Uncles
53843,Dvicio
53866,Dwele
53884,DyE
53888,Dyago
53897,Dydo
53914,Dylan Gardner
53916,Dylan Holland
53918,Dylan Hyde
53923,Dylan LeBlanc
53943,Dyland & Lenny
53944,Dyland & Lenny Feat. Pitbull & Beatriz Luengo
53947,Dyllan Murray
53948,Dylonious
53951,Dyme-A-Duzin
53954,Dynam
53958,Dynamic Duo
53959,Dynamic Duo| CHEN
53960,Dynamic Duo| Crush| PRIMARY| Boi B
53961,Dynamic Duo| DJ Premier| Dynamic Duo| DJ Premier
53970,Dynamite
53971,Dynamite Boy
53992,Dynohunter
53993,Dynomite Brothers
54001,Dyro
54003,Dyro & Bassjackers
54005,Dyro X Loopers
54006,Dyro and Conro featuring Envy Monroe
54007,Dyro and Dannic
54010,Dyro featuring Ryder
54016,Dystopia
54017,Dystopia Na
54020,Dyve| Paul Aiden
54023,Dzeko & Torres
54043,Déjà Vu
54046,Départe
54055,Dúné| Ericka Jane
54084,E Zzy
54089,E'spaniel
54092,E-40
54096,E-Bomber
54101,E-Dubble
54102,E-Force
54108,E-Partment
54119,E-Trax
54122,E-V| Machine Gun Kelly
54126,E-eye-E
54127,E-girls
54133,E. Lee's
54141,E.C.G
54143,E.D.E.N
54164,E.N
54173,E.S.Q.
54193,EA Games Soundtrack
54199,EARPHONES (イヤホンズ)
54200,EARTH PROJECT
54204,EBISU★MUSCATS (恵比寿★マスカッツ)
54208,EC Twins
54217,EDEN
54220,EDGE of LIFE
54223,EDM
54224,EDM 2015
54225,EDM Dance Music
54233,EDM Nation
54235,EDM Stars
54238,EDM Workout DJ Team
54240,EDO
54242,EDX
54245,EE
54247,EF
54248,EFF
54254,EGO-WRAPPIN'
54255,EGO1ST
54256,EGOIST
54259,EIA
54276,EL VY
54285,ELEKIBASS
54294,ELISA
54295,ELJAY
54301,ELO
54303,ELOHIM
54309,ELYSION
54310,EM Team 2012
54313,EMA
54315,EMATiON
54317,EMBRZ
54318,EMBRZ feat. Amy Rose
54319,EMBRZ feat. Eleni Drake
54325,EMF
54327,EMI MARIA
54329,EMIN
54330,EMI《WE》
54331,EMI《台》
54332,EMI《國》
54333,EMI《懷念歌曲》
54346,ENu
54351,EPG
54354,EPIK HIGH
54356,EPM Crew
54357,EPMD
54364,EQ群星金曲精選輯
54371,ERIC BELLINGER
54373,ERIC NORTH
54379,ERIKA
54387,ESBEE
54388,ESCALA
54389,ESG
54391,ESL REMIXED : THE 100th RELEASE OF ESL MUSIC
54400,ET Star
54402,ETC!ETC!
54407,ETCETERA
54410,EVA SHAW
54414,EVE
54417,EVER-NEW
54422,EVO+
54425,EVVY
54434,EXES
54435,EXGF
54436,EXID
54438,EXILE
54439,EXILE ATSUSHI
54440,EXILE ATSUSHI + AI
54441,EXILE ATSUSHI / RED DIAMOND DOGS
54443,EXILE SHOKICHI
54444,EXILE TAKAHIRO
54445,EXILE THE SECOND
54446,EXILE TRIBE
54448,EXILE 放浪兄弟 ATSUSHI & 辻井伸行
54451,EXO
54452,EXO CHANYEOL & PUNCH
54454,EXO-CBX
54455,EXO-K
54456,EXO-M
54458,EXOPHONIA| DAZ91| Andrea della Valle| Matan Arkin| John Rivera| Nicolas Buccafusca| Craig Boyd| Oziriz| Dura| ApM| Dustin Nantais| Anthony Poteat| Daviddance| Kai Schulz| Dj Zoli| Maria Tanase| Andy B Meyer| Andy Pitch| Carlos Pereira| Mike| Ercos Blanka
54473,EZA
54474,EZFG
54475,EZIS(이지스)
54477,EZTV
54483,EachONE & Mad.S
54493,Eagle-Eye Cherry
54496,Eagles
54499,Eagles Of Death Metal
54501,Eagulls
54502,Eamon
54509,Ear Pwr
54524,Earl Grant
54525,Earl Hines
54535,Earl Klugh
54540,Earl Reeves Quartet
54543,Earl Sixteen
54547,Earl Sweatshirt
54551,Earl Wild
54557,Early Day Miners
54560,Early Hours
54567,Early Winters
54568,EarlyRise
54576,Ears
54594,Earth Trax| Newborn Jr
54602,Eartha Kitt
54616,Earthride
54618,Earth| Wind & Fire
54623,East & Young
54625,East 17
54633,East India Youth
54636,East Of Eden
54638,East Side Beat
54647,East West
54652,East-West Ensemble
54653,EastNewSound
54686,Eastside Crackhead
54690,Eastwest
54691,Eastwest Connection
54700,Easy Karaoke Players
54703,Easy Life
54709,Easy Listening Café| Jazz Piano Lounge Ensemble| Lounge Music Café
54721,Easy Listening Music
54728,Easy Listening Piano
54729,Easy Listening Piano Music All Star
54734,Easy Listening| Jazz Instrumentals| Smooth Jazz Café
54739,Easy Music
54745,Easy Shen
54758,EasyFM
54759,EasyPop
54763,Eat Pray Love
54767,Eats Everything
54776,Eazy-E
54780,EbGb
54795,Ebenny
54799,Ebi
54833,Echo & The Bunnymen
54852,Echo Tail
54856,Echobelly
54880,Echosmith
54883,Echoteck
54884,Echotek
54895,Eckul feat. La Maree
54899,Eclipse
54900,Eclipse 6
54901,Eclipse Nkasiobi
54903,Eclipsedarkness
54913,Ecosound
54941,Ed Harcourt
54948,Ed Lez
54956,Ed Parrish
54966,Ed Sheeran
54967,Ed Sheeran & Rudimental
54982,Ed Tullett
54983,Ed Unger
55000,Edane
55008,Edda Magnason
55051,Eddie Cochran
55054,Eddie Constantine
55068,Eddie Fisher
55069,Eddie Floyd
55075,Eddie Harris
55084,Eddie Higgins Trio
55089,Eddie Holland
55093,Eddie Jefferson
55101,Eddie Kendricks
55112,Eddie Lovette| Laro| Eddie Lovette| Laro
55122,Eddie Money
55125,Eddie Murphy
55127,Eddie Palmieri
55132,Eddie Rabbitt
55134,Eddie Razaz
55148,Eddie Vedder
55153,Eddie palmieri & Friends Feat. Lalo Rodriguez
55162,Eddine Saïd
55165,Eddy Arnold
55166,Eddy Arnold| Carl Smith| Johnnie & Jack| Kitty Wells
55170,Eddy Christiani
55171,Eddy Cochran
55174,Eddy Duchin
55185,Eddy Kim
55186,Eddy Kim| Subin (Dal shabet)
55198,Eddy Mitchell| Les Chaussettes Noires
55208,Edeema| Jabaman
55224,Eden Mary
55225,Eden Prince
55228,Eden xo
55230,Eden's Bridge
55234,Edens Edge
55256,Edgar Meyer
55259,Edgar Moreau
55270,Edgar Winter
55282,Edge Of Thorns
55304,Edifon
55306,Edin Karamazov
55322,Edita
55323,Edita Gruberova
55328,Edith Lefel
55331,Edith Mathis|Julia Hamari|Wiener Philharmoniker|Konzertvereinigung Wiener Staatsopernchor|Karl Ridderbusch|Wieslaw Ochman|Karl Böhm
55334,Edith Piaf
55342,Editors
55344,Edm Fit Productions
55351,Edmund Rice Sinon Secondary School
55356,Edmundo Ros
55378,Edoardo Bennato | Gianna Nannini | Giorgio Moroder Project
55379,Edoardo Bennato|Gianna Nannini
55380,Edoardo Catemario
55385,Edoga-Sullivan (エドガー・サリヴァン)
55386,Edon
55402,Edson Pride| Michael Munhozz
55407,Edu Imbernon & Triumph
55420,Eduard Khil
55437,Eduardo Fernandez
55439,Eduardo Fernández| English Chamber Orchestra| Barry Wordsworth
55452,Edurne
55453,Edvard Grieg
55461,Edvin Marton
55473,Edward Elgar
55480,Edward Martin and Paul Berget
55481,Edward Maya
55482,Edward Maya & Vika Jigulina
55490,Edward Sharpe & The Magnetic Zeros
55493,Edward Simon
55494,Edward Simoni
55514,Edwin McCain
55518,Edwin Starr
55523,Edwina Hayes
55525,Edwyn Collins
55531,Edú Lobo
55537,Eef Barzelay & Chris Otepka
55545,Eelke Kleijn
55547,Eels
55560,Efe Tozan
55566,Efecto Pasillo
55592,Efrem Kurtz/Yehudi Menuhin/Philharmonia Orchestra
55595,Efterklang
55628,Ego Get Your Gun
55634,Egokind
55635,Egokind & Ozean
55641,Egorythmia| Roger Rabbit| Egorythmia| Roger Rabbit
55653,Egyptian Lover
55661,Ehnahre
55662,Ehnes Quartet
55665,Ehrie
55670,Eichenzauber
55672,Eichstaedt
55690,Eighteen Visions
55698,Eiji Kadota (門田英司)
55702,Eil An Kim
55719,Eilen Jewell
55731,Einher Zao
55733,Eini
55740,Einmusik
55744,Einstein
55745,Einstein Baby Lullaby Academy
55751,Eir Aoi (藍井エイル)
55757,Eisblume
55758,Eisbrecher
55802,Ekko
55804,Ekkohaus
55807,Eklo
55833,El Bago
55853,El Canijo de Jerez
55854,El Canto Del Loco
55858,El Chacal
55871,El Chojin
55879,El Condor Pasa
55919,El General
55946,El Jorge Y Su 911
55956,El Loco
55965,El Mariachi Vargas de Técalitlan
55985,El Nene la Amenaza
56005,El Payaso
56010,El Perro Del Mar
56012,El Pichilinguillo
56068,El Ten Eleven
56074,El Trafikante
56090,El matador
56100,El-P
56114,Eladio Scharron
56118,Elaine
56123,Elaine Paige
56130,Elams
56134,Elandh
56141,Elastica
56142,Elastinen
56147,Elayna Boynton
56157,Elbow
56176,Elderbrook
56192,Eleanor McEvoy
56193,Eleanor Rigby
56211,Electrelane
56213,Electric
56233,Electric Fence
56236,Electric Frankenstein
56237,Electric Guest
56241,Electric Kingdom
56242,Electric Lady Lab
56245,Electric Light Orchestra
56246,Electric Litany
56257,Electric Planet Five
56258,Electric President
56261,Electric Ribbon (エレクトリックリボン)
56267,Electric Six
56269,Electric Slide
56276,Electric Universe| S.U.N. Project
56277,Electric Violet
56279,Electric Wizard
56281,Electric Youth
56287,Electrik Red
56294,Electro Boyz & Brave Girls & Big star wars & Park Su Jin(일렉트로보이즈 & 브레이브걸스 & 빅스타 & 박수진)
56299,Electro Deluxe
56301,Electro Disco
56303,Electro Dub Tango
56314,Electro House DJ
56315,Electro House Hits
56317,Electro House Winter 2012
56319,Electro Light
56326,Electro Lounge All Stars| Luxury Lounge Café| Smooth Jazz Café
56328,Electro Lounge All Stars| Nu Jazz| Relaxing Jazz Music| Smooth Chill Dinner Background Instrumental Sounds
56332,Electro Quarterstaff
56333,Electro Sensitive Behaviour & Perry Blake
56337,Electro Swing Bistro 2
56342,Electro-Light
56346,Electro-Light| Tobu
56352,Electroboyz
56360,Electrolush
56365,Electronic
56385,Electrosexual
56387,Electroshock| Electro Suspects| Dino Sor| Royal Music Paris| Digital Grass| Dj - McDonald| DJ.Romana| DJ AleX Xandr| Dima Tumbler| Dj Kolya Rash| I - BIZ| DJ Mojito| Dj Vantigo| Dmitry Bereza| DUB NTN| El Aero| Cream Sound| Elefant Man| Mister P| Dj Slam
56398,Eleftheria Eleftheriou
56425,Elektro
56429,Elektro-Negative
56436,Elektronomia
56438,Elektryczny Orgazm
56444,Element 80
56453,Elen Nova
56454,Elena
56461,Elena Coats
56472,Elena Matytsina
56478,Elena Paparizou
56491,Elena Valente
56501,Eleni Karaindrou Ensemble
56518,Elephant Juice
56520,Elephant Man
56530,Elephante
56548,Elevation Worship
56567,Eleven Past One
56572,Eleventh Vibration
56574,Elf
56576,Elf Power
56580,Elfer
56585,Elgar Howarth|The Philip Jones Brass Ensemble
56589,Elhae
56590,Elhombreviento & Dani Cano feat. Miguel de tienda & Alberto García González
56593,Eli & Fur
56600,Eli Degibri
56606,Eli Lieb
56610,Eli Paperboy Reed
56617,Eli Young Band
56625,Elia y Elizabeth
56628,Eliades Ochoa
56629,Eliahu Inbal
56634,Eliane
56636,Eliane Elias
56639,Eliane Reyes| Ronald van Spaendonck
56648,Elias Sink
56671,Elijah Blake
56686,Elin
56687,Elin & the Sounds Within
56689,Elin Bergman
56691,Elin Gaustad
56693,Elin Lanto
56698,Elin Sigvardsson
56704,Elina Garanca|Filarmonica del Teatro Comunale di Bologna|Yves Abel
56711,Elinna
56717,Eliot Fisk
56724,Elis Regina
56726,Elisa
56727,Elisa Bisceglia
56748,Elisabeth Leonskaja
56755,Elisabeth Schwarzkopf
56762,Elisabeth Schwarzkopf/Victoria de los Angeles/Birgit Nilsson
56777,Elise Howard
56781,Elise Testone
56798,Elite Force
56800,Elite Star
56802,Elitsa Alexandrova
56809,Eliza And The Bear
56812,Eliza Doolittle
56813,Eliza G
56814,Eliza G feat. Lion D
56823,Elizabeth & the Catapult
56830,Elizabeth Cotten
56841,Elizabeth Issa
56852,Elizabeth Naccarato
56853,Elizabeth Naccarato．Michael Gettel
56855,Elizabeth Rose
56869,Elizaveta
56879,Eljuri
56880,Elk City
56894,Ella Baila Sola
56898,Ella Eyre
56900,Ella Fitzgerald
56905,Ella Fitzgerald and Louis Armstrong
56916,Ella Fitzgerald| Frank Sinatra| Nat 'King' Cole
56917,Ella Fitzgerald| Irving Berlin
56920,Ella Fitzgerald| Louis Armstrong
56929,Ella Fitzgerald|Louis Armstrong
56934,Ella Henderson
56939,Ella Mai
56945,Ella Vos
56947,Ella Zhang
56949,Ella ja Aleksi
56952,Elle Cato
56956,Elle King
56958,Elle May
56962,Elle Varner
56963,Elle Varner Featuring J. Cole
56964,Elle Varner feat. 50 Cent
56965,Elle Varner feat. A$AP Ferg
56971,Ellegarden
56972,Ellem
56975,Ellen Allien
56978,Ellen Benediktson
57004,Elley Duhé
57006,Elli Ingram
57009,Ellie And Michelle
57013,Ellie Drennan
57016,Ellie Goulding
57031,Ellinoora
57033,Elliot Berger
57034,Elliot Brown
57035,Elliot Goldenthal
57036,Elliot Grubb
57042,Elliot Moss
57054,Elliott Smith
57056,Elliott Yamin
57058,Elliphant
57063,Ellis Bailey
57070,Ellis feat. Anna Yvette
57078,Ellusive| TELYKast
57081,Elly Ameling
57082,Elly Ameling/Dame Janet Baker/Robert Tear/Dietrich Fischer-Dieskau/Choir Of King's College| Cambridge/Academy Of St Martin-In-The-Fields/Sir Philip Ledger
57085,Elly Ney
57087,Elly Oh
57090,Elmer Bernstein
57092,Elmer Bernstein & Orchestra
57111,Elmore James
57130,Eloy
57135,Elray Odunsi
57140,Els Amics De Les Arts
57143,Elsa
57147,Elsa Kopf
57158,Else
57168,Elton John
57169,Elton John & Leon Russell
57170,Elton John and Tim Rice's AIDA
57176,Elton Skyman
57178,Eluphant
57180,Eluveitie
57181,Eluvium
57184,Elvenking
57188,Elvin Bishop
57190,Elvin Jones
57193,Elvio Monti
57196,Elvira Nikolaisen
57197,Elvira T
57205,Elvis Costello
57211,Elvis Crespo
57215,Elvis Perkins
57216,Elvis Perkins In Dearland
57218,Elvis Presley
57221,Elvis Presley & Frank Sinatra
57236,Ely Bruna
57241,Elyar Fox
57244,Elysia Crampton
57245,Elysian Fields
57246,Elysien
57247,Elysium
57279,Emancipator
57282,Emanny
57316,Emanuele Inglese| Adoo| Alen Sforzina| M.A.D.A.| Plankton| Valent.| The Advent| Industrialyzer| Bvaltik| Egal 3| Scam.| DAVID ORTEGA| Mezmeric| Lorentz| Oxy Beat| Sergio Casas| Giangi Cappai| Andres Suarez| TAKiN| David Ortega| Imeon| NxDxcx| Tamer Fouda
57320,Emanuele Semino
57322,Emarosa
57331,Embee
57332,Ember Island
57340,Emblem3
57342,Embodiment
57343,Embody
57344,Embody feat. Barnaby
57345,Embrace
57367,Emeli Sande
57374,Emerald Productions
57378,Emerentia
57379,Emergency 911
57383,Emerging From The Cocoon
57387,Emerson Hart
57388,Emerson Parris
57390,Emerson String Quartet|David Shifrin
57392,Emerson| Lake & Palmer
57398,Emi Fujita (藤田恵美)
57411,Emika
57415,Emil Bulls
57416,Emil Gilels
57417,Emil Gilels/Cleveland Orchestra/George Szell
57421,Emil Heró
57428,Emil Tabakov|Elizabeth Joy Roe|London Symphony Orchestra
57438,Emile Haynie
57440,Emile Naoumoff
57446,Emilia
57449,Emilia Martensson
57450,Emilia Mitiku
57452,Emilia Sosa
57454,Emiliana Torrini
57459,Emilie Esther
57469,Emilie Simon
57470,Emilie-Claire Barlow
57482,Emilio Rojas
57487,Emilio Sparks
57488,Emilio Tuero
57489,Emille
57498,Emily Barker
57499,Emily Barker & The Red Clay Halo
57512,Emily Ford & The Checkmates
57514,Emily Hackett
57515,Emily Haines
57517,Emily Hearn
57520,Emily Jane White
57524,Emily King
57525,Emily Kinney
57528,Emily Lady
57533,Emily Mitchell
57536,Emily Osment
57551,Emily Vaughn
57555,Emily West
57563,Eminem
57564,Eminem & Dr. Dre & 50 Cent
57565,Eminem feat Dr. Dre Karaoke Band
57566,Eminem ft. - Dr. Dre Tribute Band
57568,Eminem| Rihanna
57569,Eminence
57572,Eminence| Supermans Feinde
57574,Emin| Ани Лорак
57576,Emir Kusturica & The No Smoking Orchestra
57579,Emirdağlı Bülent
57591,Emm Gryner
57594,Emma Bale
57595,Emma Blackery
57596,Emma Bunton
57608,Emma Heesters
57609,Emma Heesters & Mike Attinger
57610,Emma Hewitt
57619,Emma Johnson|Ivor Bolton|English Chamber Orchestra
57627,Emma Louise|Wankelmut
57631,Emma Nyra feat. Uti
57636,Emma Pollock
57639,Emma Roberts
57641,Emma Ruth Rundle
57647,Emma Shapplin
57648,Emma Stevens
57657,Emmalyn
57668,Emmanuel Moire
57672,Emmanuel Omuederiaye
57673,Emmanuel Pahud
57674,Emmanuel Pahud/Berliner Barock Solisten
57676,Emmanuel Pahud/Claudio Abbado
57680,Emmanuel Pahud/Trevor Pinnock
57683,Emmanuel Pahud| Eric Lesage
57692,Emmanuelle Bertrand| Pascal Amoyel| Luzerner Sinfonieorchester| James Gaffigan
57701,Emmelie de Forest
57706,Emmet Cohen
57709,Emmi
57715,Emmy Bachmann
57719,Emmy Rossum
57720,Emmy The Great
57721,Emmy The Great & Tim Wheeler
57722,Emmylou Harris
57723,Emmylou Harris & Rodney Crowell
57730,Emon
57734,Emotion
57754,Empire
57757,Empire Cast
57761,Empire Of The Sun
57769,Employee Of The Year
57775,Empress Ki Original Soundtrack
57776,Empress Of
57787,Empty Rooms
57789,Empty Space On a Chessboard
57794,Empyr
57795,Empyre One
57797,Empyre One feat. Scarlet
57805,Emrah Karakuyu
57814,Emsmia
57821,Emîn Arbanî
57822,En Avant La Musique
57827,En Vogue
57833,Enabl.ed
57835,Enaid
57845,Enchanted Original Soundtrack
57850,Encore
57863,End of the World
57875,Endellion String Quartet
57892,Endless Love
57894,Endo
57931,Energy
57935,Energy drink
57937,Enermatic
57955,Engelbert Humperdinck
57957,Engelbert Humperdink
57970,Engi| Bassfreq| StoKed
57971,England Dan & John Ford Coley
58006,Enigma
58011,Enigmatic Obsession
58022,Eniyyah
58028,EnkaGirls (演歌女子ルピナス組)
58038,Ennio Morricone
58039,Ennio Morricone|  Accademia Musicale Italiana-A.m.i.t.
58052,Eno Moebius Roedelius
58056,Enoch Light
58061,Enois Scroggins
58071,Enrich Your Spirit
58075,Enrico Caruso
58080,Enrico Fagone| Walter Zagato| Corrado Giuffredi| Orchestra della Svizzera italiana| Christoph-Mathias Mueller
58093,Enrico Pompili
58095,Enrico Ruggeri
58106,Enrique Gongora
58109,Enrique Iglesias
58113,Enrique Lema
58115,Enrique Morente
58122,Enrythm
58128,Ensemble Academia
58145,Ensemble Discantus
58151,Ensemble Gilles Binchois| Dominique Vellard
58178,Ensemble Orchestral de Paris/John Nelson
58189,Ensemble Signal| Brad Lubman
58196,Ensemble Turchese
58219,Ensiferum
58228,Enter Shikari
58247,Entropica
58254,Entspannungsmusik Klavier Akademie
58258,Enuff Z Nuff
58261,Enur feat. Nicki Minaj & Goonrock
58269,Envy
58272,Enya
58284,Enzo Cee
58288,Enzo Enzo
58301,Enzymes
58305,Eom Tae-Soo
58329,Epic Music VN
58330,Epic North
58331,Epic Party Band
58333,Epic Rap Battles of History
58334,Epic Records  A Season Of Soul And Sounds
58335,Epic Sax Guy
58340,Epic Trance Sensation
58343,Epica
58347,Epicker
58355,Epitaph
58357,Epitone Project
58373,Equalz
58383,Equipo
58387,Equipto & Otayo Dubb
58389,Era
58392,Era Istrefi
58393,Eragon : Music From The Motion Picture
58404,Erasole James
58406,Erasure
58416,Eren
58425,Eri Kitamura (喜多村英梨)
58438,Eric Anderson
58448,Eric B. & Rakim
58453,Eric Benet
58463,Eric Carmen
58469,Eric Chiryoku
58470,Eric Chung
58471,Eric Church
58472,Eric Clapton
58475,Eric Clapton/B.B. King
58480,Eric Costa
58483,Eric Darius
58489,Eric Dolphy
58490,Eric Dolphy & Booker Little
58491,Eric Donaldson
58493,Eric Ethridge
58507,Eric Hdez
58513,Eric Hutchinson
58515,Eric Idle
58521,Eric Johnson
58524,Eric Kupper
58526,Eric Lam
58527,Eric Lau
58538,Eric Levi
58546,Eric Marienthal
58549,Eric Martin
58556,Eric Nam
58557,Eric Nam X WENDY
58562,Eric Paslay
58566,Eric Prydz
58573,Eric Reed
58584,Eric Satie
58585,Eric Satie & 3rd Gymnopedie
58594,Eric Smax| Thomas Gold & Niels van Gogh presents City Sneakerz feat. Michael Marshall
58595,Eric Smith
58614,Eric Van Aro
58619,Eric Weber|Michael Pinsonneault
58624,Eric Wyse
58626,Eric 周興哲
58643,Erich Ensastigue & DJ Armand
58645,Erich Kleiber
58657,Erick Deshaun Dorris
58660,Erick Kristal
58663,Erick Morillo
58667,Erick Morillo (Various)
58669,Erick Morillo| Eddie Thoneick
58671,Erick Nathan
58672,Erick Sermon
58682,Erik
58683,Erik Arbores
58690,Erik Cooper
58692,Erik Ekholm
58697,Erik Grönwall
58698,Erik Hassle
58710,Erik Rapp
58714,Erik Satie
58733,Erik Segerstedt
58734,Erik Simins
58739,Erik Wøllo
58742,Erika
58746,Erika Haase
58754,Erika Y El Ruedo
58760,Erin Bell
58761,Erin Bode
58762,Erin Boheme
58774,Erin McCarley
58777,Erin O'Donnell
58800,Erland & The Carnival
58805,Erlend Øye
58826,Ernest Bour
58839,Ernestine Anderson
58845,Ernesto Cortazar
58860,Ernie Halter
58885,Erockalipse
58888,Erol Alkan
58893,Eros Ramazzotti
58910,Erotic Moods Music Club
58918,Erotica Chillout Players
58921,Erra
58930,Erroll Garner
58947,Eru
58949,Eruption
58960,Erwin Schrott
58965,Erykah Badu
58980,Esa-Pekka Salonen|Hilary Hahn|Swedish Radio Symphony Orchestra
58982,Esam Monk
58991,Escape The Fate
58992,Escape Wave
58994,Escape from Planet Earth
59001,Esclarecidos
59028,Esh & Arc
59030,Esham
59049,Eskimo Callboy
59053,Eskmo
59058,Esmee Denters
59072,Espana De Amor
59074,Espen Lind
59076,Esperanska
59080,Esperanza Spalding
59086,Espionnage
59095,Esquivel
59097,Esquizodelia
59099,Ess Vee
59101,Essaie Pas
59108,Essential - 80's
59110,Essential - The 90s
59124,Essential Jazz Lounge
59128,Essential Memories Of Love
59129,Essential Mozart
59136,Essential R&B; Massive Urban| Soul and RNB Collection
59137,Essential Relaxing Classics
59138,Essential Rock - Definitive Rock Classics And Power Ballads
59153,Estas Tonne
59154,Estas Tonne and La Familia Cosmica
59165,Esteban Carrasco featuring Perla Cruz
59177,Estell
59178,Estelle
59179,Estelle Brand
59184,Ester Dean
59188,Esterhazy Quartet
59189,Esterly
59190,Esterlyn
59207,Esther Ofarim
59211,Esther Phillips
59215,Esther Yoo| Philharmonia Orchestra| Vladimir Ashkenazy
59218,Esthero
59228,Estopa
59238,Estrella
59239,Estrella Morente
59261,Etana
59266,Eternal
59276,Eternal Sunshine Of The Spotless Mind
59281,Eternity
59294,Ethan Iverson| Ron Carter| Nasheet Waits
59320,Ethernity
59325,Ethna
59331,Ethran Chkhiro
59345,Etnik
59348,Etostone
59354,Etta Bond
59357,Etta James
59365,Etta Jones
59378,Euforia
59379,Euge Groove
59406,Eugene McDaniels
59408,Eugene Mirman
59409,Eugene Ormandy
59413,Eugene Ormandy| Philadelphia Orchestra
59421,Eugene Williams
59422,Eugene Yu
59425,Eugenia León
59433,Eugenio Zhmayev
59449,Eumlansonyeon
59450,Eun Cho
59452,Eun Ga Eun
59453,Eun Gaeun
59454,Eun Ji-won
59455,Eun Soo Kim
59457,EunA Lee
59459,Eungabi feat. BODA
59460,Eunha (GFRIEND)
59463,Eunice Love
59464,Eunice Png
59468,Euphonic Traveller
59470,Euphoria
59471,Euphoria Audio
59482,Eurika
59486,Euro Football Party Dance Hits
59494,Europa Galante/Fabio Biondi
59495,Europa Symphony
59498,Europe
59502,European Jazz Trio
59503,Europe| Karisma
59507,Eurotrip
59510,Eurythmics
59527,Eva Avila
59529,Eva Cassidy
59540,Eva Kaufmann
59541,Eva Keretic
59543,Eva Lind
59551,Eva Oertle
59554,Eva Simons
59555,Eva Simons| Sidney Samson
59563,Eva Walker
59569,Evalia
59584,Evan G
59590,Evan McHugh
59598,Evan Rogers
59609,Evander
59611,Evanescence
59618,Evangelist
59622,Evangelos Boudounis| Maro Razi
59636,Eve
59651,Evelyn 'Champagne' King
59652,Evelyn ''Champagne'' King
59674,Evening
59689,Ever
59690,Ever After High
59696,Everclear
59703,Everette Harp
59708,Evergreen Symphony Orchestra
59710,Evergrey
59713,Everlast
59718,Everlasting Love
59729,Every Avenue
59731,Every Hand Betrayed
59732,Every Last Chance
59733,Every Little Thing
59734,Every Living Soul
59737,Every Single Day
59744,Everybody Row
59758,Everyone Everywhere
59761,Everyone's Hero (Motion Picture Soundtrack)
59764,Everything At Once
59765,Everything But The Girl
59766,Everything But the Voice
59768,Everything Everything
59782,Evgeny Bardyuzha
59784,Evgeny Kissin
59786,Evgeny Kissin/Sir Colin Davis/London Symphony Orchestra
59789,Evgeny Mravinsky
59798,Evgueni Galperine| Sacha Galperine
59811,Evil Boy
59821,Evil Needle
59832,Evita: The Complete Motion Picture Music Soundtrack
59834,Evo Nine
59835,Evo(이보) [Ill Jeanz]
59845,Evolove
59848,Evolutionandvik
59850,Evosound Audiophile Film Music
59856,Ewa Farna
59858,Ewa Kupiec
59877,Ewig
59891,Ex-Breathers
59897,Exacta| Kate Elsworth
59905,Exam Study Classical Music Orchestra
59913,Exam Study Classical Music Orchestra| Studying Music Group| Studying Music and Study Music
59914,Exam Study Classical Music Orchestra| Studying Music| Studying Music and Study Music
59925,Exam Study New Age Piano Music Academy
59930,Exam Study Soft Jazz Music| Exam Study Soft Jazz Music Collective
59933,Example
59937,Excision
59938,Excision & Ajapai
59939,Excision & Datsik
59941,Excision & Pegboard Nerds
59955,Execute
59964,Exercise Program
59965,Exeter
59970,Exile
59975,Exilium
59977,Eximinds
59985,Exit Calm
59988,Exitmusic
59995,Exmortus
59996,Exo
60005,Exotica
60016,Experimentar el tango| Exitos del Tango
60018,Expert Beats
60022,Explicit Content
60025,Exploded View
60033,Explosions In The Sky
60034,Explosions In The Sky & Steve Jablonsky
60036,Explosions in the Sky & David Wingo
60043,Exposé
60054,External case
60056,Extortion
60058,Extra Latino
60072,Extreme
60078,Extreme Heat
60079,Extreme Music
60083,Extreme Party Animals
60097,Eyci and Cody
60106,Eye Pound
60109,Eye To Eye
60112,Eyedea & Abilities
60114,Eyedi
60115,Eyedress
60129,Eyes Set To Kill
60138,Eyo'Nlé Brass Band
60141,Eyup Celik
60161,Ezio Bosso
60175,Ezra Vine
60191,F'nes T.Y.G.
60196,F-Quake
60209,F.A.R.
60214,F.C. Band
60220,F.D.T.
60234,F.Inapt
60254,F.R. David
60271,F.cuz
60280,F4
60281,F4ST
60284,F4ST| Piko-Taro
60288,FACT
60290,FADED
60294,FAIS
60295,FAKE TYPE
60297,FAKY
60304,FAME-J
60307,FANTAGROUP
60308,FANTASY
60312,FASHION TRENDS AND MUSIC
60315,FATES WARNING
60317,FATTY飛踢胖
60318,FAULHEIT
60334,FDVM
60337,FEAD
60343,FEEDER
60349,FES☆TIVE
60350,FETISH the WORLD
60353,FEYNMAN
60363,FI69| Invisible Brothers| Sunn| Sunn| FI69| Invisible Brothers
60369,FIESTAR
60374,FILLMORE
60376,FILLORY
60377,FINAL FRASH
60380,FINE STATE (FINE STATE)
60386,FIRE
60387,FIRE DOG 69
60392,FIX
60398,FKA twigs
60399,FKA x inc.
60400,FKJ
60411,FLIGHT
60412,FLIPPER'S GUITAR
60421,FLOW
60423,FLOWER FLOWER
60425,FLUX
60426,FLY COAST feat. Ai Ninomiya
60429,FLiP
60432,FM Belfast
60437,FM Static
60466,FPM
60468,FRANKIE
60469,FRANKIE Doc
60475,FREE MUSIC
60477,FREE 蛇'M
60487,FROIDZ & SvenDeeKay
60500,FS (Fuying & Sam)
60504,FTISLAND
60507,FTampa
60508,FTampa and Goldfish & Blink
60515,FUCK ART| LET'S DANCE!
60524,FUN4 樂團
60528,FUNKY MONKEY BABYS
60529,FUNNYGUYS (FUNNYGUYS)
60531,FUSION
60532,FUTURE BOYZ
60540,FYA
60561,Fababy
60567,Faber Drive
60574,Fabian Argomedo
60581,Fabian Mazur
60584,Fabian Müller
60595,Fabich| Ferdinand Weber| SAINT WKND
60596,Fabien Wallerand| Stéphane Labeyrie| Michel Godard
60616,Fabio Biondi/Europa Galante
60617,Fabio Biondi/Europa Galante/Roberta Invernizzi/Véronique Gens/Vivica Genaux/Paul Agnew/Roberto Abbondanza
60623,Fabio Carnelli feat. Sertari
60631,Fabio Di Casola
60637,Fabio Hager Sexteto
60654,Fabio Rovazzi
60672,Fabiënne Bergmans ft. Brahim Fouradi
60673,Fable
60674,Fabolous
60679,Fabrice
60693,Fabric| Daviddance| Bob Beat| Alfrenk| Frank Brown| Bainzu| Vincent Pisany| Fonzie Ciaco| DJ Ciaco| Boy Funktastic| Mauro Cannone| Mark Fall| Andy Pitch| Daryus
60705,Fabrizio De Andrè
60713,Fabrizio Mammarella
60717,Fabrizio Moro
60720,Fabrizio Paterlini
60756,FaceTime
60760,Faces
60764,Facing New York
60765,Facing West
60768,Factor
60775,Factory
60776,Factory Floor
60777,Factory G.
60797,Faded Paper Figures
60801,Faded.
60820,Fado de Lisboa
60825,Fady Maalouf
60839,Fahrelle Devine
60840,Fahrenhaidt
60856,Fainal
60858,Faint Response
60860,Faint★Star
60864,Fair Warning
60868,Fairies
60876,Fairuz
60877,Fairy Scapes
60889,Fais| Afrojack
60891,Faith
60896,Faith Evans
60901,Faith Hill
60903,Faith No More
60907,Faithful Breath
60909,Faithless
60937,Fakear
60948,Falco
60953,Falcom Sound Team jdk
60954,Falcom Sound Team jdk| Kanako Kotera (Falcom Sound Team jdk| 小寺可南子)
60970,Falko Niestolik
60973,Fall Electric
60974,Fall Love With Piano
60978,Fall Of Minerva
60981,Fall Out Boy
60998,Falling In Love With Canon
60999,Falling In Love With Francais
61000,Falling In Reverse
61020,Fallulah
61022,Falqo
61023,False
61038,FaltyDL
61049,Fame D
61053,Fame Musical School Parte 1 (MP3 EP)
61055,Fame Original Motion Picture Soundtrack
61080,Family Fun
61083,Family Holiday Favourites
61090,Family and Friends
61092,Family of the Year
61095,Faminehill
61097,Famous
61098,Famous Arias and Overtures
61099,Famous Beats
61102,Famous Famous
61105,Famous Last Words
61117,Fan Bing Bing
61130,Fancy Cars| Svrcina
61139,Fandom
61146,Fanfarlo
61153,Fangoria
61155,Fania All Stars
61165,Fanny Lumsden
61168,Fannypack
61173,Fanta-C
61176,Fantasia
61183,Fantastic Glover
61190,Fantasy Karaoke Quartet
61199,Fantcha
61218,Far East Movement
61219,Far East Movement & Marshmello
61226,Far Too Loud
61227,Far Too Young
61240,Farbmusik
61242,Farbwall
61244,Farbwall with Runing Workout Band
61248,Fareoh
61250,Farewell
61259,Fargo
61265,Fariborz Lachini
61275,Farley
61277,Farley 'Jackmaster' Funk
61278,Farm
61280,Farmdale
61293,Farruko
61300,Faruk Sabanci
61311,Fashawn
61312,Fashion 70s
61316,Fashion Show Music Club
61317,Fashion Show Music Dj
61327,Fast & Furious
61337,Fast Free Frogs Under the Rain
61345,Fastball
61347,Faster Pussycat
61350,Fastway
61358,Fat Cat Jam
61362,Fat Freddy's Drop
61363,Fat Joe
61365,Fat Joe featuring R. Kelly| T.I.| Lil Wayne| Baby| Rick Ross and Ace Mac
61366,Fat Joe| Remy Ma
61367,Fat Joe| Remy Ma| David Guetta| GLOWINTHEDARK
61368,Fat Joe| Remy Ma| French Montana
61386,Fat Trel
61387,Fat White Family
61398,Fatal & Rico
61400,Fatal Bazooka Feat Yelle et Christelle
61413,Fatboy Slim
61415,Fatboy Slim| Riva Starr
61416,Fatboy Slim|Dimitri Vegas & Like Mike|Diplo
61431,Father
61435,Father Dude
61439,Father John Misty
61440,Father MC
61455,Fatima Al Qadiri
61456,Fatima Rainey
61459,Fatin
61466,Fatman Scoop
61469,Fatoni & Dexter
61475,Fats Domino
61479,Fats Navarro
61481,Fats Navarro | Tadd Dameron
61482,Fats Waller
61508,Faul & Wad Ad vs. Pnau
61511,FauloCity
61523,Faustix
61528,Fausto Papetti
61535,Fauxliage
61544,Favored Nations
61548,Favorite Guitar Songs
61549,Favorite Movie Songs
61552,Favorite Song
61563,Fawl
61564,Fawni
61581,Faydee
61585,Faylan
61586,Fayray (フェイレイ)
61592,Faze Action
61593,Faze Action Feat Zeke Manyika
61609,Fcode| GremWiser| Dino Sor| Big & Fat| Dj Kolya Rash| Candy Shop| Royal Music Paris| Electro Suspects| Deep Control| Alex Bent
61612,Fdel
61625,Fear Factory
61633,Fear The Priest
61636,Fear of Men
61639,Feared
61673,Fedde Le Grand and Nicky Romero featuring Matthew Koma
61674,Fedde Le Grand feat. Denny White
61675,Fedde Le Grand featuring Kepler
61676,Fedde Le Grand| Ida Corr
61679,Fedde le Grand
61681,Fedde le Grand ft. Niels Geusebroek
61692,Feder
61700,Federica Morrone
61711,Federico Durand
61721,Federico Jusid
61729,Federico Scavo
61732,Federico Vaona
61746,Fee
61749,Feed Me
61750,Feed Me & Crystal Fighters
61755,Feedbacks
61759,Feel
61769,Feel The Sound Of The 60s
61770,Feel The Vibe
61777,Feeling Better
61782,Feenix Bipolar
61787,Feenixpawl| APEK
61792,Fefe Dobson
61793,Fegarx
61797,Fei
61805,Feinripp
61806,Feint
61807,Feint Scars
61809,Feist
61813,Fekky
61815,Fela Kuti
61820,Felguk
61830,Felicia Atkinson & Jefre Cantu-Ledesma
61831,Felicia Barton
61841,Felicity Lott
61867,Felipe Kaval
61887,Felix Cartal
61892,Felix Cavaliere|Steve Cropper
61894,Felix Da Housecat
61897,Felix Erskine| Lukas Burton
61900,Felix Hell
61902,Felix Jaehn
61903,Felix Jaehn feat. Lost Frequencies & Linying
61912,Felix Leiter
61913,Felix Leiter featuring Amanda Wilson
61917,Felix Mendelssohn
61924,Felix Roach
61927,Felix Slatkin
61928,Felix Snow
61932,Felix Zaltaio/Lindh Van Berg
61938,Feliz Navidad
61946,Fellas
61947,Feller Quentin
61953,Felly
61954,Felmax
61959,Felt
61966,Fem Belling
61970,Femi Kuti
61974,Femke Meines| Sander Hanna| Shalisa| Ridder
61978,Femme Fatale iGenerator
61981,Fences
61982,Fendaheads
61989,Feng Shui
61996,Fenne Lily
61997,Fennec & Wolf
61998,Fennec & Wolf| HiTop
62027,Ferenc Fricsay
62033,Ferenc Hegedus
62040,Fergie
62042,Fergus Chow #UNLSH
62057,Fermin Muguruza
62061,Fernan Birdy
62088,Fernando Garrido
62095,Fernando Lima
62101,Fernando Mauricio
62106,Fernando Ortega
62121,Fernando Velázquez
62138,Ferras
62155,Ferry Corsten
62157,Ferry Corsten featuring Betsie Larkin
62159,Ferry Corsten featuring Jenny Wahlstrom
62161,Ferry Corsten presents Full On: Ibiza
62165,Ferry Ultra feat. Roy Ayers
62174,Fes Taylor
62196,Fetty Wap
62210,Fever Ray
62238,Fhin
62250,Fickle Friends
62254,Fiction Factory
62257,Fiction in Motion
62260,Fiddler On The Roof - Soundtrack
62261,Fiddler On The Roof Orchestra
62281,Field Music
62284,Field Study
62287,Fields Of The Nephilim
62293,Fierce Collective
62306,Fifi Rong
62311,Fifth Harmony
62316,Figa 8
62319,Figgy
62322,Fight Club
62329,Fight The Fade
62334,Fighting Daddy
62337,Fighting Daddy 화이팅대디
62340,Fighting Temptations - Motion Picture Soundtrack
62342,Fightstar
62359,Fikriye Karaca| Eser Ulun
62375,Filiae
62392,Filippa Giordano
62394,Filippo Beck Peccoz
62404,Film & TV Masters
62405,Film Classic Orchestra Oscars Studio
62409,Film Orchestra
62410,Film School
62417,Films Movie
62423,Filo and Peri feat. Aruna
62429,Filter
62443,Fim de Tarde
62448,Final Days Society
62452,Final State
62462,Finch
62464,Finding Favour
62477,Fine Tuners
62478,Fine Young Cannibals
62488,Finest Lounge Tunes
62489,Finest Lounge Tunes (Sylt-PopLounge)
62493,Fingazz
62494,Fingazz| Jae E
62495,Finger & Kadel
62496,Finger Eleven
62510,Fink
62514,Finley
62516,Finley Quaye
62519,Finn
62539,Fiodor Dream Dog
62541,Fiona Apple
62551,Fiona Lloyd
62555,Fionn Regan
62562,Fiorella Mannoia
62567,Fir
62570,Firas Tarhini
62572,Fire Ball
62576,Fire Gun
62579,Fire Island
62589,Fire from the Gods
62596,Firebeatz
62597,Firebeatz & DubVision
62598,Firebeatz & KSHMR
62599,Firebeatz & Schella
62605,Firefall
62608,Fireflies In The Garden
62609,Fireflight
62610,Firefox AK
62614,Firehouse
62617,Fireisland
62618,Firelight
62627,Firestone
62629,Firewater
62633,Firewoodisland
62634,Firework Masters
62639,First Aid Kit
62640,First Baby Classical Collection
62642,First Baby Classical Collection| Piano Lullabies| Relaxing Piano
62655,First Fragment
62658,First Ladies of Trance
62666,First State
62667,First State & Eric Lumiere
62670,First State| Digital X
62680,Firtz Eckenga
62681,Firzo
62693,Fisher
62697,Fisher-Price
62712,Fit For Rivals
62719,FitFam
62726,Fitness
62728,Fitness 2015
62729,Fitness Beats Playlist
62730,Fitness Beats Playlist| CardioMixes Fitness| WORKOUT
62741,Fitness Heroes
62745,Fitness Music
62747,Fitness Music Workout
62752,FitnessGlo
62753,Fitnessbeat
62754,Fito Blanko
62764,Fitz and The Tantrums
62771,Five
62776,Five Element Energy SPA Music Series
62777,Five Finger Death Punch
62778,Five For Fighting
62781,Five Guys Named Moe: Original Broadway Cast Recording
62795,Five Star
62801,Five Steez| Mordecai
62804,Five-Hunnet
62810,Fiwu
62830,Fki 1st
62845,Flags of Our Fathers
62850,Flako
62853,Flame On
62854,Flamenco
62855,Flamenco Guitar Masters
62859,Flamenco es...
62869,Flamie Speeddraw (CV: Yuki Aoi)
62872,FlamingHeart
62874,Flamingo Pier
62877,Flamman & Abraxas
62878,Flamme Kapaya
62894,Flash 5
62895,Flash And The Pan
62903,Flash Ki
62905,Flash Like Fire
62911,Flashback
62913,Flashdance the Musical Studio Cast
62919,Flashmob
62929,Flatbush Zombies
62932,Flatfoot Jones feat. Sebastian Schoon
62935,Flatline
62940,Flatt & Scruggs
62945,Flausen
62950,Flave
62951,Flavel & Neto
62961,Flavio Rodríguez
62968,Flaw
62981,Fleece
62982,Fleet Foxes
62984,Fleetwood Mac
62994,Fler
63001,Fleshgod Apocalypse
63004,Fletcher
63005,Fletcher Henderson
63013,Fletcher Sheridan
63018,Fleur East
63020,Fleurie
63039,FlicFlac
63045,Flies on the Square Egg
63046,Flight 6
63049,Flight Facilities
63051,Flight Of The Conchords
63056,Flights
63061,Fling
63065,Flip
63066,Flip Capella
63072,Flip My Beatz
63076,FlipN'gawd
63086,Flipsyde
63090,Flitz&Suppe
63095,Flo Mega
63096,Flo Morrissey
63097,Flo Morrissey and Matthew E. White
63098,Flo Rence
63099,Flo Rida
63103,FloFilz
63111,Floating Points
63113,Flobots
63114,Flock Of Dimes
63116,Floetry
63127,Floorfilla
63132,Flor
63139,Flora Purim
63145,Floran Bianco
63146,Floratone
63151,Florence + The Machine
63152,Florence Coste et Julien Dassin
63153,Florence Foster Jenkins
63154,Florence Foster Jenkins O.S.T
63156,Florence Henderson
63158,Florence Joy Buttner
63167,Florent
63171,Florent Mothe
63174,Florent Pagny
63182,Flori Mumajesi
63184,Florian
63189,Florian Felsch
63201,Florian Paetzold
63205,Florian Picasso
63213,Florian Weber
63215,Florian de Gelmini
63226,Florida Cruise
63228,Florida Georgia Line
63235,Florieme
63248,Florrie
63251,Flosstradamus
63252,Flosstradamus & NGHTMRE
63253,Flosstradamus & TroyBoi
63254,Flosstradamus & Yellow Claw feat. Green Velvet
63255,Flosstradamus feat. Casino
63256,Flosstradamus feat. Elkka
63257,Flosstradamus feat. Waka Flocka Flame
63258,Flosynoa (Flosynoa)
63263,Flourishing
63271,Flow Rid A
63272,Flow Yoga Workout Music
63276,Flower
63278,Flower And The Bee
63279,Flower Companyz
63281,Flower Notes
63283,Flower Soo
63293,Flowjob
63317,Fluke
63319,Flume
63320,Flume| Chet Faker
63325,Flushed Away - Music From The Motion Picture
63329,Flute Music Ensemble
63336,Flux
63339,Flux Pavilion
63351,Fly Away Hero
63353,Fly By
63355,Fly Geezy
63364,Fly Project
63369,Fly To The Sky
63371,Fly Union
63375,Flybear
63378,Flyboy Stewie
63379,Flyboy| The Onyx Twins
63382,Flyght
63397,Flying Lotus
63400,Flying Saucer Attack
63405,Flyleaf
63419,FoZZtone (フォズトーン|フォズ)
63421,Foals
63433,Focus Study Music Academy
63439,Foesum
63447,Foghat
63451,Foja
63452,Foka
63454,Fol Chen
63465,Folk Melodies of Taiwan
63469,Folk Studio A
63484,Follow Your Instinct feat. Alexandra Stan
63491,Foncho
63503,Fong Sai U
63506,Fonkynson
63508,Fono
63512,Fonseca
63515,Fontana De Janeiro
63521,Fonzie Ciaco
63524,Foo Fighters
63528,Foodman
63534,Fool's Garden
63542,Fools Garden
63545,Foose
63552,Football World Hits 2010 - The Cup Of Soccer Life
63560,Footing Jogging Workout| Running Music Academy| Running Songs Workout Music Dance Party
63562,Footlong
63563,Footloose
63578,For All Those Sleeping
63584,For Found Future
63594,For The Fallen Dreams
63597,For The Living
63598,For The Love Of House Volume 2
63603,For Today
63604,For Tracy Hyde
63608,For Your Eyes Only (The Themes of James Bond)
63611,For the Little One
63616,ForTune
63624,Force M.D.'s
63636,ForeCast featuring J. S. Floyd
63641,Foreign Beggars
63643,Foreign Family
63653,Foreigner
63655,Forerunner Music
63664,Forest Of Breath
63668,Forest Sounds Relaxing Spa Music Singing Birds
63673,Forest of Piano
63676,Forests
63678,Foreva Young J.P
63680,Forever 80
63688,Forever Love Vol.4
63691,Forever The Sickest Kids
63692,Forever Young
63695,Forever in Your Mind
63703,Forget the G
63713,Forgotten Tales
63715,Foria
63728,Format:B
63729,Formation
63738,Formosa Romance
63741,Formula 6t6
63748,Forrest Gump - The Soundtrack
63752,Forró Beijo Doce
63764,Fort Knox Five
63766,Fort Minor
63768,Fort Romeau
63785,Fortunecatz
63787,Fortunes.
63807,Fossil Collective
63813,Foster The People
63822,Fou Music
63834,Fountain of Joy
63836,Fountains Of Wayne
63842,Four Christmases
63843,Four Esquires
63853,Four Lions
63864,Four Star Riot
63865,Four Tet
63866,Four Tops
63877,Fourcolor
63883,Fourplay
63892,Fourway
63893,Foushee
63900,Fox Stevenson
63908,Foxes
63909,Foxes In Fiction
63911,Foxes!
63921,Foxtrott
63922,Foxworth Hall
63926,Foxy
63927,Foxy Brown
63935,Foxygen
63937,Foy Vance
63942,Fozia Williams
63971,Frainstrumentos
63973,Frally Hynes
63981,Framewerk
63984,Framing Hanley
63988,Fran Healy
63998,France D'Amour
64003,France Lounge Music
64007,Frances
64011,Frances Black
64015,Frances Cone
64024,Francesca Battistelli
64025,Francesca Belmonte
64030,Francesca Maria
64033,Francesca Michielin
64054,Francesco Caramia
64064,Francesco Ciniglio
64073,Francesco De Luca| Alessandro Forti
64078,Francesco Digilio
64087,Francesco Geminiani
64088,Francesco Giovannangelo
64112,Francesco Rampichini
64114,Francesco Renga
64117,Francesco Rossi
64122,Francesco Spagnolo
64132,Francesco Yates
64133,Francesco Zampaglione| Andrea Moscianese
64164,Francis Cabrel
64176,Francis Goya
64177,Francis Hillier
64181,Francis Lai
64199,Francis Scott & His Orchestra
64203,Francis and the Lights
64208,Francisca Valenzuela
64220,Francisco Javier
64247,Franck Pourcel
64254,Franck Roger
64287,Franco Lorca
64299,Franco Sattamini
64303,Franco de Mulero| Alex Laviano
64307,Francois & The Atlas Mountains
64308,Francois Couture| Denis Veilleux
64316,Francois-Rene Duchable
64318,Francois-Xavier Roth
64321,Francoise-Green Piano Duo
64343,Frank Black
64349,Frank Caro| Alemany
64350,Frank Carter & The Rattlesnakes
64352,Frank Chacksfield
64356,Frank Chacksfield Orchestra
64357,Frank Chaira
64365,Frank DeVol & His Orchestra
64366,Frank Defino Jr
64371,Frank Dueffel
64372,Frank Edwards
64376,Frank Ferrari
64380,Frank Foster
64404,Frank Leguen
64405,Frank Leppard
64420,Frank McComb
64421,Frank McConnell
64427,Frank Morelli
64436,Frank Ocean
64440,Frank Peter Zimmermann
64446,Frank Pole
64457,Frank Rosolino
64463,Frank Serafine & Lawrence Alan Hopkins
64467,Frank Sinatra
64469,Frank Sinatra & Dean Martin
64479,Frank Sinatra Jr.
64481,Frank Sinatra and Antonio Carlos Jobim
64492,Frank Sinatra| Nat King Cole| Dean Martin
64499,Frank Steiner Jr.
64505,Frank Theuns
64509,Frank Turner
64516,Frank Vignola
64519,Frank Wesemann
64521,Frank Weysos
64527,Frank Zappa
64539,Frankee
64553,Frankie Avalon
64557,Frankie Ballard
64559,Frankie Beverly Feat. Maze
64563,Frankie Chan| Roel A. Gracia
64567,Frankie Cosmos
64574,Frankie Feliciano
64577,Frankie Goes To Hollywood
64580,Frankie J
64583,Frankie Knuckles
64584,Frankie Knuckles & The Shapeshifters
64585,Frankie Knuckles Presents Director's Cut
64588,Frankie Laine
64616,Frankie Valli
64617,Frankie Valli & The Four Seasons
64633,Franklin James
64638,Frankmusik
64643,Franky
64654,Franky Rizardo
64666,Frans
64668,Frans Bak| Jeppe Kaas
64671,Frans Bruggen
64672,Frans Bruggen Edition Vol. 10 - Telemann
64674,Frans Bruggen| Anner Bylsma & Gustav Leonhardt
64677,Frans Brüggen| Orchestra Of The 18th Century
64682,Fransis Derelle| Parker Polhill
64687,Frantic Flattops
64690,Frantisek Posta
64697,Franx| Lypocodium| Helen Brown| Joseph Mancino| Dave Pedrini| Stefano Panzera| Mirko Worz| Joseph Matera| Frenk DJ| Marco Magrini| Max Sabatini| Nacim Ladj| Luca Cariglia| Laurent Grant
64702,Franz  Schubert
64706,Franz Ferdinand
64710,Franz Josef Degenhardt
64711,Franz Joseph Haydn
64719,Franz Liszt
64725,Franz Schubert
64736,Franz Welser-Möst & Vienna Philharmonic
64750,Französische Musik Academy
64768,François Rousselot
64776,Françoise Hardy
64778,Frase
64804,Freak Family
64809,Freak Squad
64810,Freak on a Leash
64811,FreakAttack
64813,Freakangel
64817,Freaks
64837,Fred Astaire
64844,Fred B.
64846,Fred Baker pres.: Enterprise
64849,Fred Bexx
64852,Fred Colombo
64860,Fred Everything
64862,Fred Falke
64874,Fred Hyas| Emiol| Fungus| Funky Sidechain| Radar Detector| Anna Miracles| Garpleira| Geminair| Gemini Tri| Georgy Om| Golopapas| Gray Piligrim| Green Sun| Guillaume Beaud| Hokkaido| Debbie Digital| Ilya Beetfealder| Ilya Rubin| Inerflaya| InSiGo
64875,Fred Issue
64887,Fred Mollin
64899,Fred Steiner| Shelly Manne| Shorty Rogers and His Giants
64909,Fred Woods
64927,Freddie
64929,Freddie Aguilar
64939,Freddie Gibbs
64940,Freddie Gibbs & Madlib
64941,Freddie Gz
64942,Freddie Hubbard
64944,Freddie Jackson
64946,Freddie Keppard
64947,Freddie King
64970,Freddy Fender
64976,Freddy Kalas
64980,Freddy Mack
64983,Freddy Mayers
64988,Freddy Rodriguez
64994,Frederic (フレデリック)
64995,Frederic Borey
64996,Frederic Chopin
65000,Frederic Daniel
65012,Frederick Loewe
65027,Fredi Nest
65034,Fredrick March
65039,Fredrik Furu
65043,Fredrika Stahl
65044,Fredwave
65047,Free
65074,Free Weed
65083,Free*
65092,Freedom Bossa
65094,Freedom Dub
65095,Freedom Fry
65101,Freeez
65113,Freelow
65114,Freelow feat. DEADP
65133,Freestylers
65137,Freeway
65147,Freeze Mob
65149,Freezepop
65156,Freiburger Barockorchester
65162,Freischwimmer
65167,Freja Kirk
65174,French Café
65177,French Café Jazz
65178,French Chanson
65179,French Connection
65180,French Dinner Music Collective
65183,French Electro Connection
65184,French Exit
65186,French For Rabbits
65189,French Fry
65190,French Horn Rebellion
65193,French Kiss
65194,French Kiss (フレンチ・キス)
65195,French Kiss Jazz
65196,French Latino
65199,French Montana
65200,French Montana| Juicy J & Project Pat
65203,French On Friday
65216,French cool jazz
65217,French gypsy jazz
65220,Frenchbraids Presents
65234,Frenmad
65237,Frenship
65238,Frenship| Emily Warren
65240,Frente!
65245,Freqax
65247,Frequencerz
65251,Frero Delavega
65261,Fresh 4
65266,Fresh Boyz
65271,Fresh Dope
65272,Fresh EDM
65273,Fresh Forte
65287,Fresh New Kicks
65306,Freshberry
65314,Freshman 15
65337,Frida Amundsen
65341,Frida Johansson| Henrik Oja
65344,Frida Sundemo
65345,Frida Von Schewen
65346,Fridai Nite
65349,Friday Night At The Movies
65356,Fried
65365,Friedrich Gulda| Nikolaus Harnoncourt & Royal Concertgebouw Orchestra
65377,Friendly Fires
65381,Friends (フレンズ)
65403,Frightened Rabbit
65404,Frightmare
65413,Friscia & Lamboy
65415,Frisco Disco vs Boney M. feat. Ski
65417,Frisky K
65427,Fritz Kalkbrenner
65429,Fritz Kreisler/Franz Rupp/Michael Raucheisen/Kreisler String Quartet
65464,Frogcodile
65478,From Autumn To Ashes
65481,From First To Last
65482,From Head To Toe
65484,From Indian Lakes
65486,From Kid
65487,From Monument To Masses
65493,From The Airport
65505,Fromm
65507,Fron Male Voice Choir
65516,Front d' Âne
65524,Frontliner and Radical Redemption
65529,Frost
65534,Frost*
65536,Frostie Brezzo
65539,Frosty The Snowman
65541,Frou Frou
65542,Frowin Von Boyen
65543,Froya
65544,Frozen
65549,Frozen Karaoke
65581,Frédéric Leroux
65593,Fu Chi Pi
65595,Fu Xing Er 福星儿
65598,Fuad
65610,Fuck Off
65616,Fucked Up
65624,Fuego de Rumba
65625,Fuel
65636,Fufanu
65641,Fugees (Refugee Camp)
65645,Fugu
65649,Fujifabric
65650,Fujifabric (フジファブリック)
65651,Fujiko Hemming
65657,Fujiya & Miyagi
65688,Full Force
65692,Full Intention
65694,Full Metal Jacket Soundtrack
65695,Full Mix
65730,Fun Factory
65732,Fun Guns
65735,Fun Lovin' Criminals
65739,Fun Ringtones
65756,Fundacion Tony Manero
65764,Funeral For A Friend
65765,Funeral Mist
65773,Funeral Suits
65783,Funk
65785,Funk 2016
65795,Funk Manifesto
65797,Funk Music
65799,Funk Pioneers
65802,Funk Revelation
65811,Funkadelic
65818,Funkdoobiest
65834,Funkmaster Ozone
65846,Funky Company
65847,Funky Craig
65848,Funky DL
65857,Funky Fat
65872,Funky Little Christmas Band
65873,Funky Mama
65880,Funky Team
65895,Funkytronik
65899,Funny Banni
65929,Furious Trauma
65937,Furns
65948,Fury
65952,Fuse ODG
65969,Future
65976,Future Breeze
65999,Future Hip Hop Hitmakers
66000,Future Hitmakers
66011,Future Of Forestry
66012,Future Of The Left
66018,Future Pop Stars
66028,Future Sunsets
66030,Future Sunsets| Eppic
66032,Future Sunsets| Kirsten Collins| Shayla Souliere
66033,Future Sunsets| Pontea
66038,Future World Music
66044,Futurecop!
66045,FutureffeKts
66049,Futuristic
66054,Futuristic Polar Bears| Steve Edwards
66057,Fuyumi Sakamoto (坂本冬美)
66082,Fye
66083,Fyfe
66088,Fylthy Underground
66092,Fynn
66097,Fyrnask
66100,Fytch| Captain Crunch & Carmen Forbes
66118,Félix Sánchez
66125,Füchse
66146,G Herbo
66198,G-DRAGON
66199,G-Day
66202,G-Eazy
66204,G-Eazy feat. Rick Ross & Remo
66205,G-Eazy| Bebe Rexha
66217,G-Nice
66224,G-Slow
66230,G-Styles
66233,G-Twenty
66235,G-Unit
66247,G. Dep
66255,G. Love & Special Sauce
66261,G. Point Allstars
66262,G. Puccini
66271,G. V. Prakash Kumar
66282,G.Bert
66284,G.D.
66286,G.E.M.
66287,G.E.M.鄧紫棋
66298,G.H.O.S.T
66306,G.NA
66316,G.R.L.
66318,G.Soul
66323,G.V. Prakash Kumar
66329,G1ftedmusic
66330,G1ftedmusic & ExXplicit
66331,G2
66334,G3
66335,G4
66336,G4 Boyz
66338,G5
66340,G5 Project
66342,G5| G5 Datfly Guy| Yo Gotti| Zaytoven
66345,G6
66355,GABBY & LOPEZ
66356,GACKT
66359,GAF
66360,GAGE
66361,GAGLE
66363,GAIN
66364,GAIN| MINSEO
66369,GALA
66370,GALANTIS & Hook n Sling
66371,GALA樂隊
66372,GALNERYUS
66377,GANGLION
66390,GARNiDELiA
66393,GARY
66404,GAYEON 가연
66405,GAZ COOMBES
66409,GB9
66411,GBMUSIC Various Artists
66416,GD Luxxe
66417,GD X TAEYANG
66419,GD&T.O.P
66427,GEMINIDS
66429,GENE CLARK
66430,GENER8ION
66431,GENERATIONS from EXILE TRIBE
66433,GENIUS| T-Wayne & Billard
66436,GEORGE CLINTON & THE P-FUNK ALLSTARS
66447,GFF
66449,GFRIEND
66450,GFRIEND SinB| Green Cacao
66451,GG
66456,GGot Jam Project(꽃잠 프로젝트)
66458,GHM Sound Team
66459,GI
66460,GIA
66467,GILLE
66474,GIPPER
66476,GIRLFRIEND
66479,GITCHII
66485,GLABINGO
66487,GLADES
66490,GLAY
66494,GLIM SPANKY
66497,GLOBAL DEEJAYS
66498,GLOBAL JUSTICE MOVEMENT
66502,GLOWINTHEDARK & Deorro
66508,GMPresents
66509,GMPresents & Jocelyn Scofield
66516,GO
66517,GO CHIC
66520,GO! Fitness
66521,GO-YO
66527,GOGOBOYS
66529,GOLD FM-KKBOX-K歌真情推薦
66530,GOLD OF MY OWN
66534,GOMCHI
66539,GOOD NIGHT
66541,GOODWARP
66543,GORDO BREGA
66544,GORDON CHAMBERS
66547,GOT7
66555,GProject Blues Band
66561,GRANRODEO
66563,GRAYE
66567,GREEN EYED MONSTER (GREEN EYED MONSTER)
66573,GRMM
66582,GReeeeN
66585,GRiZ
66587,GRiZ| Big Gigantic| GRiZ| Big Gigantic
66592,GSD
66601,GT Garza| Lucky Luciano| GT Garza| Lucky Luciano
66604,GTA
66607,GTA| Wax Motif
66608,GTA| What So Not
66610,GTM
66619,GUMI
66631,GUYZ
66636,GYPSY VAGABONZ
66638,GYURI+
66640,GZA the Genius
66670,Gabe Lapano
66682,Gabi Wilson
66692,Gabor Szabo
66698,Gabriel & Dresden
66712,Gabriel Diniz
66726,Gabriel Gush| UncleB| Lolu Menayed| JG Bros| Simone Girau| Yudi Watanabe| Haus&Hof| Sebastian King| Dassie| Mariano Mellino
66731,Gabriel Marian
66735,Gabriel Moreno
66740,Gabriel Rios
66741,Gabriel Rocha
66752,Gabriel Tacchino
66756,Gabriel Valim
66760,Gabriel Yared
66761,Gabriel Yared| Stephane Moucha
66773,Gabriela Guncikova
66799,Gabriella
66801,Gabriella Cilmi
66804,Gabrielle
66805,Gabrielle Aplin
66809,Gabrielle Chiararo| Brazilian Jumble| Giacomo Bondi| Brass| Ipanema Sunset
66816,Gabry Casarano
66834,Gacharic Spin
66846,Gadjo| Alexandra Prince
66853,Gaelic Storm
66868,Gafa Gamy
66876,Gagooman
66877,Gaho
66880,Gaia
66884,Gaidz
66888,Gail Blanco| Ito Rapadas| Judith Alegarbes
66890,Gail Blanco| Suy Descalsota
66898,Gain on Top
66902,Gaither Vocal Band
66910,Gakuron (ガクロン)
66911,Gal Costa
66915,Galactic
66919,Galactic Marvl
66929,Galantis
66930,Galantis| East & Young
66933,Galavant
66937,Galaxie
66941,Galaxy Express
66945,Galaxyano
66957,Galileo Galilei
66960,Galimatias & Alina Baraz
66973,Gallant
66974,Gallant x Tablo x Eric Nam
67000,Galya
67006,Gamaliel Audrey Cantika
67010,Gambafreaks
67030,Game of Thrones Orchestra
67033,Gameface
67034,Gamelan Bamboo & Flute
67035,Gamelan Degung
67037,Gamelan Orchestra of the Yogyakarta Royal Palace
67042,Gamer's Delight
67050,Gamja
67054,Gamma Ray
67065,Gancher & Ruin
67066,Gandalf
67068,Gandalf Bosch| Daniel Moss
67086,Gang Of Four
67088,Gang Starr
67089,Gang of Tolstoy
67099,Gangjiyoung (KARA)/BoRa (SISTAR)/HanSeonHwa (Secret)/GaYun (4Minute)/Lizzy (AFTERSCHOOL)
67103,Gangnam Style
67118,Gangsta's Paradise
67122,Gangster Squad
67125,Gangstyle Hayllu
67126,Gangthelabel
67129,Ganja White Night
67140,Gantcho
67143,Gants
67147,Ganzfeld Effect
67160,Garbage
67172,Garden Eith Great Vaices
67174,Garden Gang
67179,Garden Songs
67180,Garden State - Music From The Motion Picture
67185,Gardens & Villa
67190,Gare Du Nord
67192,Gareth B
67197,Gareth Emery
67198,Gareth Emery & Alastor feat. London Thor
67199,Gareth Emery feat. Bo Bruce
67201,Gareth Emery feat. Krewella
67204,Gareth Emery| Ben Gold
67205,Gareth Emery| Standerwick
67206,Gareth Gates
67229,Garmiani
67231,Garnet Crow
67241,Garou
67248,Garrett Garfield
67253,Garrett Wheeler
67256,Garrick Ohlsson/Paolo Bordoni
67276,Garth Hudson
67281,Gary
67284,Gary Allan
67285,Gary Anderson
67287,Gary Barlow
67294,Gary Burton
67295,Gary Burton & Chick Corea & Roy Haynes & Dave Holland & Pat Metheny
67305,Gary Clark Jr.
67322,Gary Glitter
67323,Gary Go
67333,Gary Horsley
67334,Gary Husband
67343,Gary Lewis & the Playboys
67359,Gary Moore
67370,Gary Numan
67371,Gary Numan / Tubeway Army
67378,Gary Puckett & The Union Gap
67391,Gary Strauss
67405,Gary Wright
67407,Gary Yershon
67411,Gary's Gang
67422,Gasolina Reggaeton
67453,Gate to Classics
67454,Gatecreeper
67458,Gateway Choir
67460,Gateway Devotions
67461,Gateway Drugs
67463,Gateway Worship
67464,Gateway Worship Voices
67469,Gathier
67474,Gato Barbieri
67480,Gattuso
67482,Gaty Lopez
67486,Gaudium
67488,Gauntlet Hair
67491,Gaute Storaas
67500,Gautier Capuçon| Frank Braley
67502,Gavea
67509,Gavin Clark
67510,Gavin Cullen| Will McGillivray| Ali Nourbakhsh
67511,Gavin DeGraw
67513,Gavin Friday
67516,Gavin Greenaway|The Lyndhurst Orchestra
67521,Gavin James
67525,Gavin Mikhail
67527,Gavin Rossdale
67531,Gavin Turek| TOKiMONSTA
67536,Gavlyn
67541,Gavy NJ
67542,Gavy NJ - Hee Young with Jang Hye Jin
67547,Gay Anthems
67549,Gay Dad
67556,Gay Party People
67574,Gayle Nerva
67580,Gaza Slim feat. Vybz Kartel| Gaza Slim
67582,Gazebo
67584,Gazelle
67591,Gazzineu
67592,Gazzo
67594,Gazzo| Kap Slap
67623,Geckohunter
67627,Gee
67634,Geebees
67637,Geegooin
67642,Geeks
67644,Geeno Fabulous
67645,Geeno Fabulous feat. Young Sixx
67646,Geert Chatrou
67650,Geezel
67687,Gem Club
67712,Gemma Louisianna
67733,Gene Ammons
67737,Gene Autry
67741,Gene Dunlap
67747,Gene Harris & Jack McDuff
67750,Gene Kelly
67752,Gene Krupa
67753,Gene Krupa & His Orchestra
67767,Gene Pitney
67775,Gene The Werewolf
67780,Gene Vincent
67784,Gene Watson
67797,General Fuzz
67804,General Lee
67808,General Luna
67815,General Rodriguez
67827,Generation Boys
67830,Generation Disco
67842,Generation R&B
67844,Generation Unleashed
67855,Genesis
67881,Geneviève Paré
67897,Genix
67898,Genix| Sue McLaren
67902,Genki Sudo
67903,Genn Miller
67924,Geno Washington & The Ram Jam Band
67933,Gente De Zona
67935,Gente de Zona feat. Marc Anthony
67940,Gentle Bones
67943,Gentle Love
67951,Gentleman
67956,Gentlemen Hall
67973,Geo Da Silva
67975,Geo Da Silva & Jack Mazzoni
68005,Geoffrey Andrews
68026,Georg Gabler
68027,Georg Gabler& Die Wiener Spielharmoniker
68036,George
68038,George 'Kid Sheik' Cola
68041,George - Martyn
68042,George A. Johnson Jr
68043,George Acosta
68044,George Acosta & Bassfinder featuring Danielle Simeone
68045,George Acosta feat. Emma Lock
68051,George Baker Selection
68054,George Benson
68055,George Benson Al Jarreau
68075,George Clinton
68095,George Duke
68100,George Ezra
68104,George Fenton
68112,George Frideric Handel
68129,George Harrison
68130,George Hernandez
68133,George Howard
68140,George Johnson and His Orchestra
68141,George Jones
68149,George Kochbeck| Lucas Kochbeck
68155,George LaMond
68156,George Lewis
68170,George Maple
68172,George McCrae
68178,George Michael
68185,George Murphy
68204,George Robinson
68207,George Russell III
68214,George Shearing
68225,George Strait
68232,George Tandy| Jr.
68233,George The Poet
68254,George Winston
68268,Georges Bizet
68269,Georges Brassens
68271,Georges Cauld
68289,Georges Pludermacher
68301,Georgi Cherkin
68305,Georgia
68325,Georgie Fame
68334,Georgine Resick
68345,Geowulf
68354,Geraint Jones Orchestra and Singers| With| Kirsten Flagstad| Raoul Jobin| Gerant Jones
68358,Gerald Albright
68361,Gerald Clayton
68367,Gerald Harris
68372,Gerald Levert
68375,Gerald Moore|Dietrich Fischer-Dieskau
68378,Gerald Wilson
68401,Gerard Darmon
68402,Gerard George Kettel
68407,Gerard Joling
68420,Gerard Way
68429,Gerardo Nunez
68456,Gerhard Schöne
68459,Gerhard Taschner| Walter Gieseking
68462,Geri Halliwell
68463,Geri Karlstrom
68474,Germaine Thyssens-Valentin
68508,Gerrit Zitterbart
68510,Gerry & The Pacemakers
68530,Gerry Mulligan
68531,Gerry Mulligan & His Tentette
68533,Gerry Mulligan Quartet
68534,Gerry Mulligan| Chet Baker
68535,Gerry Mulligan| Johnny Hodges
68554,Gershon Jackson
68572,Gerónimo Rauch
68573,Gesaffelstein
68574,Gesaffelstein| The Hacker
68587,Get Back Guinozzi
68588,Get Back Up
68593,Get Closer
68611,Get Scared
68613,Get Set Go
68620,Get Your Stereo Deluxed
68631,Getter
68633,Getter| Ghastly
68645,Gewandhausorchester Leipzig|Kurt Masur|Hermann Baumann
68654,Geyser
68662,Ggomagyun
68672,Ghasper
68679,Ghee
68682,Ghena Dimitrova/Philharmonia Orchestra/Münchner Rundfunkorchester/Lamberto Gardelli/Anton Guadagno
68685,Gheorghe Zamfir
68697,Ghetto Superstar
68703,Ghetty
68710,Ghita| Mickey Valen
68711,Ghizela Rowe
68719,Ghost
68723,Ghost Beach
68737,Ghost Loft
68751,Ghost Town
68753,Ghost Town DJs
68755,Ghost U Like It I Love It
68761,Ghost'n'ghost
68767,Ghostemane
68770,Ghostface Killah
68781,Ghosts Of Blackout
68782,Ghosts and Vodka
68794,Gia Bonello
68800,Giabiconi
68806,Giacomo Copiello| Michele Tedesco| Giacomo Susani
68810,Giacomo Puccini
68817,Giallo
68840,Giana Factory
68847,Giancarlo Locatelli| Banda musicale Città di Orzinuovi
68879,Gianluca Ricciardi
68883,Gianluigi Trovesi
68887,Gianna Ferazi
68906,Gianni Gebbia
68908,Gianni Kosta
68909,Gianni Marino
68911,Gianni Morandi
68915,Gianni Ruocco
68920,Gianni Vancini
68942,Giant Panda Guerilla Dub Squad
68945,Giant Squid
68970,Gideon Conn
68974,Gidge
68975,Gidon Kremer
68984,Gidon Kremer| Peter Guth| Kim Kashkashian| Georg Maximilian Hörtnagel
68989,Gidon Kremer|Mischa Maisky|Martha Argerich
68994,Gielen| Michael
68997,Gift My Project
69007,Giftshop
69013,Gigamesh
69014,Gigan
69020,Giggs
69022,Gigi & Hogi and James
69027,Gigi D'Alessio
69039,Gigi d'Agostino
69045,Gigo'n'Migo| Fluever
69056,Gil Evans
69059,Gil Glaze
69065,Gil Min Jee
69068,Gil Scott-Heron
69069,Gil Scott-Heron and Jamie xx
69076,Gil Shaham|Jonathan Feldman
69078,Gil Shaham|Orpheus Chamber Orchestra
69079,Gil Shaham|Philharmonia Orchestra|Giuseppe Sinopoli
69082,Gilad Hekselman
69097,Gilbert O'Sullivan
69106,Gilberto Gil
69110,Gilberto Santa Rosa
69115,Gildas & Jerry Kitsune Soleil Mix
69122,Gilfema | Lionel Loueke| Ferenc Nemeth| Massimo Biolcati
69124,Gill Chang
69131,Gilles Muylle
69136,Gillette
69144,Gillian Margot Trio
69146,Gillian Welch
69149,Gilme
69150,Gilme 길미
69154,Gim Jeong Woong
69156,Gimbal & Sinan
69164,Gin Blossoms
69166,Gin Wigmore
69191,Gina-Lisa & Florian Wess
69195,Ginette Claudette
69212,Ginger Rogers| Fred Astaire
69232,Ginny and the Losers
69237,Gino Fioravanti| John Toso
69256,Gintonic
69257,Ginuwine
69273,Giolì
69280,Giorgia
69282,Giorgia Angiuli
69286,Giorgia Fumanti
69287,Giorgia Mollo
69301,Giorgio Moroder
69304,Giorgio Moroder feat. Kylie Minogue
69334,Giovanni
69336,Giovanni Allevi
69342,Giovanni Battista Pergolesi
69351,Giovanni Cera
69357,Giovanni Giorgi
69372,Giovanni Scapecchi
69390,Gipsy Kings
69394,Giraffage
69396,Giraffage| Viceroy
69404,Giriboy
69405,Girish
69421,Girl On Fire
69422,Girl Pop Divas
69428,Girl's Day
69429,Girl's Melodies (乙女のメロディーズ)
69432,Girlpower
69433,Girls
69434,Girls Aloud
69437,Girls Club
69439,Girls In Hawaii
69446,Girls Only
69447,Girls Party Project
69449,Girls Soundtrack
69454,Girls' Generation (少女時代)
69456,Girlschool
69462,Girugamësh (ギルガメッシュ)
69464,Gisela
69466,Gisela Lunar feat. José Luís Peixinho
69467,Gisele & Bob Sinclar
69468,Gisele Bündchen
69473,Giselle4
69475,Gisle Krogseth
69480,Git Fresh
69502,Giulia
69510,Giulia Galimberti
69512,Giulia Miccoli
69519,Giulia Y Los Tellarini
69521,Giuliana Rancic & Dee Snider
69533,Giuliano Rascan
69546,Giulio Franceschelli
69569,Giuseppe Di Stefano
69587,Giuseppe Mistrali
69589,Giuseppe Ottaviani
69593,Giuseppe Ottaviani featuring Vitamin B
69619,Giuseppe Veneziano
69620,Giuseppe Verdi
69626,Giusy Ferreri
69632,Give Me Love: Songs Of The Brokenhearted - Baghdad| 1925-1929
69635,Give Me You
69644,Giza
69650,Gjan
69670,Gladys Knight
69671,Gladys Knight & The Pips
69689,Glamour Pu$$
69690,Glamour To Kill
69702,Glasperlenspiel
69704,Glass Animals
69713,Glass Pear
69716,Glass Tiger
69723,Glasser
69732,Glasvegas
69736,Glaucio Cristelo
69750,Glee Club Ensemble
69754,Glee: The Music
69761,Glen Campbell
69764,Glen Check
69771,Glen Hansard
69776,Glen Miller and His Orchestra
69793,Glenn Campbell
69794,Glenn Claes
69801,Glenn Fredly
69804,Glenn Frey
69805,Glenn Gould
69808,Glenn Gould| Columbia Symphony Orchestra| Leonard Bernstein
69815,Glenn Letsch & Friends
69816,Glenn Lewis
69823,Glenn Medeiros
69825,Glenn Miller
69826,Glenn Miller & His Orchestra
69865,Glide & Swerve
69867,Glimmer of Blooms
69871,Glis
69877,Glitteratti Inc.
69882,Gliz
69886,Global Cut
69888,Global Deejays & EnVegas
69906,Global Stage Orchestra
69911,Global Winter Meditation
69918,Globus
69921,Glockwize
69925,Gloomy
69928,Gloria
69929,Gloria Ann Taylor
69938,Gloria Estefan
69940,Gloria Estefan And Miami Sound Machine
69941,Gloria Estefan|B.B. King|José Molina|Orchestra Sinfonica Italiana|Guatemala Choir|Lionel Richie|Leone Magiera|Luciano Pavarotti|Ars Canto G. Verdi|Boyzone
69945,Gloria Gaynor
69952,Gloria Jones
69957,Gloria Rosa
69959,Gloria Trevi
69960,Gloriana
69991,Glude
69999,Gm Productions
70007,Gnarls Barkley
70011,Gnarwolves
70012,Gnaw Their Tongues
70032,Go Crazy Woo
70041,Go Freek
70055,Go Radio
70061,Go West
70064,Go Yayo
70070,Go-qualia
70074,GoGo Penguin
70083,Goa Trance
70088,Goanna Gang
70089,Goapele
70094,Goatsblood
70098,Goblin
70111,God Bless America
70114,God Damn
70119,God Help The Girl
70120,God Is A DJ
70121,God Is An Astronaut
70122,God Is Love
70130,God's Little Joke
70142,Godflesh
70149,Godless Wicked Creeps
70161,Godsmack
70163,Godspeed You! Black Emperor
70167,Godwolf
70170,God´s Angels
70189,Going Deeper
70191,Going Down For Real
70196,Gojira
70200,Gokulacandra
70206,Gold Belle
70212,Gold Decade Singers
70220,Gold Member
70221,Gold Panda
70227,Gold Rush Studio Orchestra
70236,GoldLink
70253,Golden Bloom
70254,Golden Bomber (ゴールデンボンバー)
70259,Golden Car AD Music
70262,Golden Coast
70263,Golden Compass / OST
70274,Golden Goose
70282,Golden Kasanda G.K
70292,Golden Slumbers
70303,Golden Vessel
70310,Goldfish
70311,Goldfish & Blink
70313,Goldfrapp
70317,Goldhouse| Lostboycrow
70318,Goldie
70320,Goldie Lookin Chain
70325,Goldmund
70326,Goldmund Quartet
70331,Goldroom
70338,Golf & Mike
70349,Gomalan Brass Quintet
70352,Gomer Edwin Evans
70355,Gomez
70359,Gon
70365,Gone
70370,Gone Is Gone
70379,Gong Qiu Xia+Chen Qi+Zhang Fan+Chen Juan Juan
70382,Gonin-Ish
70383,Gonjasufi
70384,Gonna Fly Now
70392,Gonzalo Rubalcaba
70400,Gonzo48k
70406,Goo aka le gooster
70411,Good Boy
70412,Good Boy Jab (Good Boy Jab)
70414,Good Charlotte
70415,Good Coming
70419,Good English
70425,Good Graeff
70444,Good Old War
70467,Good for Cows
70479,Goodbye Tomorrow
70481,Goodbye holiday
70484,Goodfellas
70485,Goodie Mob
70488,Goodkill Muisc
70500,Goodnight Patrasche
70501,Goodnight Radio
70510,Goofy
70519,Goombay Dance Band
70529,Goose house
70539,GorDoN 國蛋
70542,Goran Bregovic
70546,Goran Sollscher
70561,Gordon Goodwin's Big Phat Band
70567,Gordon Lightfoot
70568,Gordon Lorenz Orchestra
70591,Gorgon City
70592,Gorguts
70602,Gorillaz
70608,Gorky's Zygotic Mynci
70609,Gormathon
70617,Gory Blister
70631,Gospel Gangstaz
70637,Gospel Light Jubilee Singers
70651,Gossip
70653,Gossip Girl
70655,Gossos
70658,Gostan
70666,Gotan Project
70689,Gotthard
70695,Gotttod
70696,Gotye
70698,Gotō Maki (後藤真希)
70703,Gov't Mule
70704,Govales
70715,Govt Mule
70716,Gowan
70717,Gowe
70726,Go！Go！7188
70734,Gqdafreshest
70737,Grabbitz
70738,Grace
70747,Grace Eve
70751,Grace Grundy
70752,Grace Jones
70755,Grace McGee
70756,Grace Mitchell
70759,Grace Nakimera
70765,Grace Potter
70766,Grace Potter and the Nocturnals
70773,Grace Valerie
70774,Grace VanderWaal
70778,Grace feat. G-Eazy
70782,Gracenote
70785,Graci Byeol
70793,Gracie Lou
70803,Grades
70806,Graduation Party DJ's
70808,Gradur
70819,Graeme Revell
70825,Grafton Street Jules
70830,Graham Brown Band
70833,Graham Central Station
70836,Graham Colton
70844,Graham Gouldman
70855,Graham Reynolds
70869,Gram Parsons
70874,Gramatik
70885,Grammy Awards Nominees
70886,Grammy Nominees
70891,Gramophonedzie
70902,Gran Orquesta de Tango
70912,Grand Blanc
70915,Grand Daddy I.U.
70920,Grand Funk Railroad
70923,Grand Hustle Presents In Da Streetz Volume 4
70937,Grand Supreme Blood Court
70950,Grandaddy
70957,Grandes Canciones - Versiones Acústicas
70966,Grandmastaz
70971,Grandmaster Flash| The Furious Five
70983,Grandtheft
70985,Granger Smith
70996,Grant Bowtie
71002,Grant Green
71011,Grant McLennan
71015,Grant Raymond Barrett
71018,Grant Scott
71022,Grant Stewart
71033,Granville
71039,Grapell
71043,GraphicMuzik
71048,Grasscut
71052,Grateful Dead
71064,Graves at Sea
71070,Gravity
71071,Gravity Alterstra
71072,Gravity Coast
71075,Gravity Noir
71084,Grayshot
71085,Grayskul
71105,Grease
71108,Greasy Cafe
71116,Great Balls Of Fire: The Jerry Lee Lewis Story [UK Cast]
71117,Great Big Sea
71122,Great Complosers 101
71123,Great Conductors Of The 20th Century: Bruno Walter
71124,Great Courage
71128,Great Expectations
71131,Great Good Fine OK
71138,Great Lake Swimmers
71140,Great Meditation Guru
71146,Great Opera Duets
71156,Great Tenor Arias
71161,Great White
71165,Great3
71171,Greatest Christmas Songs and #1 Favourite Christmas Music for Kids
71180,Greatest Hymns
71182,Greatest In 1
71184,Greatest Kids' Country Hits
71185,Greatest Love
71190,Greatest Soundtracks Ever
71198,Greckoe
71209,Greek Fire
71213,Greeley Estates
71220,Green Day
71221,Green Day Can You Rock Instructional
71232,Green Jade
71237,Green Lantern O.S.T.
71244,Green Nature SPA & Sleep Sounds of Nature & Hawaiian Spa Music Relaxation Meditation Ukulele Club
71255,Green Tea
71258,Green Velvet
71259,Green!Eyes
71266,Greenbay Jackers
71292,Greg Adams
71296,Greg Banks
71305,Greg Burroughs
71317,Greg Denbosa
71336,Greg Hall & the Barnhouse Band
71339,Greg Holden
71345,Greg Howlett
71350,Greg Kihn Band
71354,Greg Lake
71356,Greg Laswell
71360,Greg Mayo
71368,Greg Nicholson
71382,Greg Sletteland
71406,Gregg Nestor
71420,Gregor Salto
71424,Gregor Tresher
71430,Gregorian
71443,Gregory Abbott
71454,Gregory Isaacs
71466,Gregory Porter
71477,Grenade
71482,Greneberg
71495,Gretchen Parlato
71497,Gretchen Wilson
71498,Grete Paia
71505,Grey
71509,Grey Dog
71510,Grey Ghost
71513,Grey Hairs
71520,Grey's Anatomy
71521,Grey's Anatomy 2
71526,Greydon Square
71536,Greys Anatomy
71538,Greyson Chance
71546,Gridlok
71549,Grief
71550,Grief Hit
71552,Griefjoy
71557,Grieves
71561,Griffin & Flint
71577,Grigory Sokolov
71584,Grim Reaper
71591,Grimes
71592,Grimes x Bleachers
71611,Grinspoon
71625,Grits
71626,Gritty Kitty
71630,Grizzle Grind Crew
71631,Grizzly
71633,Grizzly Bear
71638,Grodash
71644,Gromee feat. Wurld
71655,Groove Armada
71665,Groove Coverage
71666,Groove Da Praia
71668,Groove Edition
71672,Groove Focus
71675,Groove Junkies
71691,Groove Theory
71692,Groove Trio
71694,Groove Vandalz
71711,Groovemaster K. & Daniel Garcia
71714,Grooverider
71717,Grooveterror
71725,GroovyRoom
71734,Grosses Wiener Rundfunkorchester| Max Schönherr| Kölner Runfunkorchester
71739,Groucho Marx
71740,Grouchy Ron
71751,Group 1 Crew
71774,Grouper
71775,Grouplove
71776,Grouplove & Manchester Orchestra
71779,Grover Washington Jr.
71782,GrovesM
71785,Grow Sound
71793,Grown Kids
71802,Gru:vi
71806,Gruff Rhys
71807,Grum
71809,Grumiaux Trio
71840,Grupo Bip
71861,Grupo Encanto
71865,Grupo Extra
71874,Grupo Gitano La Alhambra| Tomás Campuzano Y Su Grupo Flamenco
71991,Gry Kendel
71993,Gryffin
71994,Gryffin| Bipolar Sunshine
71999,Grynpyret
72001,Grzegorz Hyzy & TABB
72004,Grzegorz Kotow‧Pei-Shan Lee
72012,Grégoire
72014,Grégoire Hetzel
72025,Gtm
72031,Guadalupe Pineda
72035,Gualbert Teran
72041,Guano Apes
72073,Gucci Mane
72084,Gucci Mane| Figg Panamera
72090,Guckkasten
72102,Gudrun Likar
72105,Guem Et Zaka
72108,Guenta K & Andy Ztoned
72112,Guenta K.
72114,Guerilla Black
72132,Guess What
72135,Guessbeats| Kidmalone
72149,Gugu
72150,Guher & Suher Pekinel
72152,Gui Boratto
72158,Guided Meditation
72161,Guided by Voices
72184,Guido Voza
72187,GuildStars (ギルドスターズ)
72202,Guillaume Grand
72206,Guillem Callejón| Dimas Corbera| Alfons Bertran
72224,Guilty Simpson
72241,Guitar
72247,Guitar Corporation
72248,Guitar Dreamers
72251,Guitar Duo
72256,Guitar Gods Forever
72261,Guitar Instrumental Music
72264,Guitar Lullaby
72272,Guitar Music Songs
72281,Guitar Songs
72282,Guitar Songs Music
72286,Guitar Tracks| Guitare athmosphere| Guitare Flamenco
72288,Guitar Tribute Players
72306,Guitarra Del Mar
72340,Gumin
72345,Gummibar
72346,Gummy
72352,Gun
72366,Gunder Hägg & Nynningen & Contact & Nationalteatern & Hoola Bandoola Band
72369,Gundula Janowitz/Ray Still/Dmitry Sitkovetsky/Pavel Gililov/Academy Of London/Richard Stamp
72375,Gungor
72390,Gunnar Olsen
72396,Gunplay
72399,Guns N' Roses
72413,Gunther & the Sunshine Girls
72423,Guo Wen Wen (Summer Grace) 郭雯雯 (风采姐妹)
72443,Guru
72452,Guru Raj Kaur Khalsa
72456,GuruGanesha Band
72459,GuruGanesha Singh with Snatam Kaur
72467,Gurunam Singh
72478,Gus Gus
72503,Gustav Leonhardt
72505,Gustav Mahler
72519,Gustavo Dudamel| Wiener Philharmoniker
72529,Gustavo Lara
72531,Gustavo Montesano/Carlos Gomez/Royal Philharmonic Orchestra
72534,Gustavo Santaolalla
72535,Gustavo Santaolalla| Mogwai| Trent Reznor & Atticus Ross
72539,Guster
72543,Gusttavo Lima
72553,Guts
72562,Guttermouth
72565,Guttural Secrete
72569,Guus Meeuwis
72571,Guvna B
72573,Guy
72587,Guy Garvey
72593,Guy Lombardo & His Royal Canadians
72595,Guy Lukowski
72600,Guy Penrod
72606,Guy Sebastian
72611,Guy Sweens
72618,Guylain Deppe| Marc-Michel Le Bévillon| Stéphane Huchard
72630,Gwar
72635,Gwen McCrae
72636,Gwen Sebastian
72638,Gwen Stefani
72650,Gwon Eonjung
72651,Gwon Sun Hwon
72653,Gwuala
72654,Gwyneth Herbert
72658,Gxn Uve
72666,Gym Class Heroes
72669,Gym Music
72670,Gym Music DJ
72680,Gym Workout
72689,Gym and Swim
72691,Gymnopedie Erik Satie
72692,Gymnopedie No. 3 [ Erik Satie ]
72694,Gynmusic Studios
72704,Gypsy Flamenco Masters
72714,Gypsy and the Cat
72732,György Sebök|János Starker
72754,Génériques De Séries Télé / TV
72758,Géraldine Laurent
72776,Géza Anda|Camerata Academica des Mozarteums Salzburg
72814,Gülşen
72831,H & S Salvage
72839,H Magnum
72841,H ZETT M
72842,H ZETTRIO
72845,H'Atina
72848,H-A-Double-R
72852,H-MAN
72853,H-Town
72875,H.E.R.
72876,H.E.R.O.E.Z
72891,H.O.T.
72893,H.One
72895,H.T.J.樂團
72896,H.U.B
72899,H.V.Classical
72901,H.Y.R (Hina| Yuria| Ruri) (CV: M･A･O| Hiromi Igarashi| Yurika Endo)
72907,H2
72911,H2K
72915,H3
72919,H8
72922,HA-ASH
72926,HAHA
72927,HAHA| OH MY GIRL
72928,HAIM
72930,HAKASE-SUN
72936,HALO
72939,HAN BO RAM
72940,HAN SEUNG YEON
72941,HAN YO HAN
72942,HAND SIGN (HAND SIGN)
72943,HANGRY&ANGRY-f
72949,HANOI ROCKS
72950,HANS
72954,HAPPY BIRTHDAY
72956,HAPPY NEW YEAR
72957,HAPPY-SYNTHESIZER
72958,HARA+
72962,HARDCORE TANO*C
72964,HAREBARE
72971,HARUHI
72985,HAWAIIAN6
72992,HBK Gang
72996,HCC
72998,HD
73005,HEART FX
73008,HEARTSREVOLUTION
73013,HEIANZAKURA
73014,HEIBON JAZZ
73019,HELLOPUMPKIN
73020,HELLOVENUS
73022,HEM
73024,HENNIZI DA DON
73025,HENRY (Super Junior-M)
73027,HENRY X SOYOU
73029,HERBERT KARAJAN  VON
73033,HERO
73034,HERO TV Series Original Soundtrack
73035,HERO The Movie Original Soundtrack
73041,HEYNE
73042,HE★VENS
73043,HE有激人
73046,HHC (Heavy House Connection)
73049,HI SUHYUN (LEE HI & AKMU 樂童音樂家 李秀賢)
73050,HI-SO
73064,HIGH and MIGHTY COLOR
73065,HIGH4
73066,HIGH4 20
73068,HIGH5
73076,HIM
73079,HIP HOP ALL STARS
73080,HIP HOP Mainstream
73093,HISTORY
73094,HITS
73095,HITT
73109,HMB
73131,HOME MADE 家族
73132,HOMESHAKE
73134,HOMME
73136,HONNE| Izzy Bizu
73141,HOSA部落樂團
73143,HOT 100
73144,HOT ANIME SONGS BAND
73148,HOTTIES
73149,HOUSE NATION TAIPEI
73150,HOUSTON
73155,HP Riot
73173,HU (AFOS)
73178,HUGEL| Jasmine Thompson
73179,HUGH
73183,HUMBERT HUMBERT
73188,HUNTAR
73189,HUNTR
73191,HUSH
73195,HVOB
73197,HWANG Youngik 황영익
73198,HWION
73201,HXV
73202,HY
73203,HYDDE| MOONZz
73205,HYDE JEKYLL| ME Original Sound Track
73206,HYDJY
73208,HYMN
73215,Ha Dong Qn
73217,Ha Hyeon Woo
73218,Ha Neul Hae
73221,Ha Sang Wook feat. OKDAL
73222,Ha Susang
73224,Ha Won
73228,HaKU
73240,Habib Koité
73251,Habstrakt
73258,Hacienda
73262,Hackensaw Boys
73270,Hadar Noiberg
73276,Haddy Racks
73279,Hades
73281,Hadiqa Kiani
73292,Haemoth
73293,Haena
73297,Haerts
73314,Hagen Quartett
73319,Haggert Mctaggert
73322,Hagood Hardy
73326,Hai Le
73329,Haifa Wehbe
73339,Hailee Steinfeld
73341,Hailee Steinfeld| Grey| Zedd
73346,Hailey Rowe
73354,Haiou Zhang
73357,Hairspray
73383,Hakan Ludvigson
73385,Hakase Taro
73387,Hakim
73398,Hal
73412,Hal Schaefer (circa 1960)
73421,Halcyon & Starlyte
73422,Halcyon Days
73433,Halestorm
73434,Haley
73435,Haley & Michaels
73436,Haley Bonar
73440,Haley Georgia
73444,Haley Reinhart
73459,Half Moon Run
73466,Half time Old (Half time Old)
73469,HalfNoise
73483,Hali Hicks
73487,Halie Loren
73489,Halifa Kiz
73498,Hall & Oates
73502,Hallalujah-Live
73507,Hallelujah
73513,Hallie Rose
73517,Halloween
73533,Halloween Fright Night
73578,Halloween Trick or Treat
73579,Halloween Tricksters
73594,Hallway Swimmers
73597,Hallyu Wave
73610,Halo at 四畳半
73611,Halocene
73619,Halsey
73623,Halvorsen
73636,Hamburg Omelet (ハンバーグオムレツ)
73640,Hamburg Rundfunk-Sinfonieorchester
73647,Hamel
73662,Hamilton Leithauser + Rostam
73664,Hamilton de Holanda
73682,Hammock
73686,Hampenberg & Alexander Brown
73689,Hampton Hawes
73705,Han All
73707,Han Bo-RA| Noke
73710,Han Dong Geun
73711,Han Geng| Wiz Khalifa| Juicy J
73712,Han Hee Jung
73713,Han Heejun| Tiffany
73717,Han Quartet
73718,Han Seo Yoon
73719,Han Seong Min
73720,Han So Hyun
73724,Han Yeon Kyung
73725,Han Yeong
73726,Han-Na Chang
73727,Han-Na Chang/Orchestra dell' Accademia Nazionale di Santa Cecilia/Antonio Pappano
73728,Hana
73730,Hana Hegerová
73732,Hana Pestle
73739,Hanako Oku (奥 華子)
73743,Hanaregumi (ハナレグミ)
73745,Hanbyul
73748,Hand In Hand
73749,Hand Job Academy
73756,Handel
73760,Handel Edition
73766,Handel：Gold
73779,Hands Like Houses
73787,Hands Up Freaks
73794,Handsome Boy Modeling School
73806,Hang Drum
73808,Hang Massive
73822,Hanging Valleys
73827,Hangutazók
73829,Hangzoo
73830,Hanhae
73852,Hank Crawford with The Marty Paich Orchestra
73861,Hank Locklin
73863,Hank Mobley
73868,Hank Snow
73872,Hank Williams
73883,Hanmal Band
73887,Hanna & Andrea
73891,Hanna Hais
73902,Hanna Spielbüchler
73908,Hannah Claire
73917,Hannah Jane Lewis
73920,Hannah Kerr
73924,Hannah McFarland
73926,Hannah Montana
73927,Hannah Montana / 2  Meet Miley Cyrus
73928,Hannah Montana Forever
73929,Hannah Montana Soundtrack
73931,Hannah Peel
73939,Hannah Trigwell
73949,Hannah's Yard
73951,Hanne Boel
73960,Hannes Bruniic
73961,Hannes Grossmann
73967,Hanni El Khatib
73972,Hannibal| Joku Roti Mafia
73974,Hanno Dönneweg| Gregor Bühl| Radio-Sinfonieorchester Stuttgart des SWR
73982,Hanny Williams
74006,Hans Joachim Roedelius| Leon Muraglia
74037,Hans Werner Olm
74039,Hans Zimmer
74040,Hans Zimmer and Junkie XL
74042,Hans Zimmer| Geoff Zanelli And Blake Neely
74045,Hans Zimmer| Pharrell Williams| Benjamin Wallfisch
74058,Hansel Thorn
74068,Hanson
74079,Hany Kauam
74084,Hanz Rhodes
74088,Hanzo Reiza
74092,Happiness
74095,Happy
74097,Happy Baby
74098,Happy Baby Lullaby Band
74099,Happy Baby Lullaby Collection
74114,Happy Children's Ballad
74126,Happy Ending...The Story Of Chocolate Rain
74128,Happy Fangs
74129,Happy Farm Party
74130,Happy Feet Music From the Motion Picture
74141,Happy Kidz Sing-Along Chorus
74147,Happy Mondays
74156,Happy Polla
74160,Happy Songs Of Children
74182,Harajuku Nation| Anime Kei| Thematic Pianos| The Evolved
74183,Harakiri for the Sky
74188,Harald Genzmer: Werke fur Flote| Oboe| Fagott und Klavier
74198,Harassor
74221,Hard Gym Hits
74227,Hard Ons
74243,Hard-FI
74246,HardNox
74250,Hardball - Motion Picture Soundtrack
74264,Harddriver Project
74271,Hardhead
74278,Hardjaxx
74299,Hardstyle
74315,Hardwell
74316,Hardwell & Armin van Buuren
74317,Hardwell & Showtek
74318,Hardwell & W&W feat. Fatman Scoop
74320,Hardwell and Dannic
74321,Hardwell and Dannic featuring Haris
74322,Hardwell and Dyro featuring Bright Lights
74324,Hardwell and Joey Dale featuring Luciana
74326,Hardwell and MAKJ
74329,Hardwell and W&W
74330,Hardwell and W&W featuring Fatman Scoop
74331,Hardwell and Wiwek
74332,Hardwell featuring Amba Shepherd
74333,Hardwell featuring Chris Jones
74334,Hardwell featuring Jake Reese
74335,Hardwell featuring Matthew Koma
74336,Hardwell featuring Mitch Crown
74338,Hardwell| Jay Sean
74339,Hardwell| R3hab
74344,Hardy Rittner
74348,Hareem
74353,Hari
74365,Harikiri
74369,Haris
74370,Haris Alexiou
74380,Harlan Hatmaker
74390,Harlem
74394,Harlem Shake
74408,Harley&Muscle
74412,Harlots
74446,Harmony & Balance
74458,Harnam
74460,Harnoncourt
74469,Harold Budd
74470,Harold Budd & Hector Zazou
74471,Harold Budd And Brian Eno
74478,Harold Maxwell
74479,Harold Melvin & The Blue Notes
74489,Haroun
74490,Harp
74491,Harp Country Inspirations
74495,Harp Yoga Music Band
74496,Harp-Love Songs
74500,Harper (BC Jean)
74504,Harper and the Moths
74507,Harpies
74518,Harrianne
74520,Harriet
74526,Harris & Ford vs. Gordon & Doyle
74530,Harris Jayaraj
74534,Harrison
74540,Harrison Craig
74548,Harrison| Juicy M
74550,Harrow Fair
74557,Harry Belafonte
74568,Harry Chapin
74572,Harry Connick| Jr.
74579,Harry Escott
74584,Harry Gregson-Williams
74588,Harry Harris
74591,Harry James
74593,Harry James and His Orchestra
74599,Harry Liebling| Don Cybex
74603,Harry Nilsson
74608,Harry Potter
74609,Harry Potter And The Chamber Of Secrets
74610,Harry Potter And The Order Of The Phoenix
74614,Harry Potter and the Goblet of Fire
74620,Harry Romero| Joeski
74624,Harry Secombe
74634,Harry Wilson
74657,Hartmut Kiss
74667,Haruka Tojo (東城陽奏)
74668,Haruka Tomatsu (戸松　遥)
74669,Harukatomiyuki (ハルカトミユキ)
74672,Haruki Murakami's 1Q84 Classic Wonderland
74673,Haruki Murakami's Classic Portrait
74674,Haruko Amano (Kyoko Koizumi) (天野春子 (小泉今日子))
74680,HarunaYuzuki
74683,Haruyo
74685,Harve
74691,Harvey Lanes
74706,Has-Lo
74709,Hasan Cihat Orter
74717,Haschak Sisters
74721,Hash Swan| dKash
74722,HashFinger
74727,Hashiyan Project (Hashiyan Project)
74736,Hason Cue
74738,Hassan
74743,Hassan Hakmoun
74747,Hasse Andersson
74753,Hassio (COL)
74762,Hasty Page
74768,Hatcham Social
74774,Hatebreed
74786,Hathor & Sotus
74789,Hatiras
74796,Hatsune Miku (初音ミク)
74800,Hatters
74808,Hau Oli Hawaiian Wedding Music
74820,Hauptharmonie
74821,Hauschka
74828,Haux
74837,Havana Brown
74838,Havana Brown|Kronic
74846,Have I Got News For You
74850,Have a Nice Life
74851,Have a nice day (幅ナイスデイ)
74855,Haven
74868,Hawaii 5.0
74890,Hawk
74891,Hawk House
74892,Hawk Nelson
74898,Hawthorne Heights
74904,Hayao Miyazaki Best Music Box Collection
74909,Hayde Bluegrass Orchestra
74913,Hayden Francis
74914,Hayden James
74916,Haydn
74918,Haydn Edition
74936,Hayley Jensen
74937,Hayley Kiyoko
74941,Hayley Sales
74944,Hayley Warner
74945,Hayley Westenra
74958,Haze
74959,Haze Moon
74960,Hazeblue
74963,Hazel English
74964,Hazel Faith
74969,Hazel O'Connor
74970,Hazel Rose
74975,Hazey Eyes
74979,Hazuki
74984,Hazza
74986,Hazzie→ (ハジ→)
74996,He Best Hits Of Car & Cinema
74999,He Is Legend
75000,He Is We
75007,HeDLesS
75030,Headhunterz
75032,Headhunterz & Crystal Lake vs Reunify feat. KiFi
75033,Headhunterz feat. Krewella
75035,Headhunterz feat. Tatu
75036,Headhunterz| Abject
75037,Headhunterz| Audiofreq
75041,Headlights
75061,Healing Deeply・・・深い癒しの音楽
75081,Healing Rain Sounds
75090,Healing Therapy Music
75096,Healing Yoga Meditation Music Consort & Meditation Music Zone
75098,Health
75103,Hear It Now! The Sound Of The '60s
75106,Hear good sound
75107,Hear with Me
75108,HearIM
75115,Heart
75117,Heart & Soul
75119,Heart Attack
75120,Heart Beat Hip Hop
75121,Heart Beat POP Dance
75123,Heart Chakra Association
75127,Heart II Heart
75128,Heart In Hand
75131,Heart Of Gold
75132,Heart Of Worship
75147,HeartCry
75150,Heartbeat
75163,Heartless Bastards
75169,Hearts Hearts
75175,Heartsdales (ハーツデイルズ)
75181,Heatbeat
75183,Heatbeat| Eric Lumiere
75189,Heath Quartet
75191,Heathens
75205,Heather Headley
75207,Heather Johnson
75208,Heather LaRose
75217,Heather Nova
75219,Heather Russell
75222,Heather Small
75224,Heather Walker| Benny Dawson
75230,Heatwave
75231,Heaven
75237,Heaven 17
75248,Heaven's Cry
75255,Heavenly
75256,Heavenly Beat
75258,Heavenly Jreasure
75263,Heavenly Sounds
75267,Heavens Gate
75268,Heavenz
75274,Heavy D & The Boyz
75279,Heavy Heart
75297,Heavy Sky
75307,HeavyWeight
75322,Hecklah & Coch
75324,Heckz
75329,Hectix
75330,Hector
75332,Hector Berlioz
75349,Hedegaard
75350,Hedegaard|Brandon Beal
75353,Hedi Donia
75357,Hedj| Blokhe4d| Neonlight
75358,Hedley
75362,Hedwig And The Angry Inch
75376,Hef
75378,Heffron Drive
75384,Hei Hei Club presenting
75388,Heidi Berry
75394,Heidi Hauge
75401,Heidi Montag
75414,Heidi presents The Jackathon - Da Remixes
75415,Heidra
75416,Heidy Brown
75426,Heikki Kuula
75442,Heimerinoi Kolymvites
75444,Heimkind
75450,Heinali
75459,Heinrich Ignaz Franz von Biber
75460,Heinrich Schiff| Gerhard Oppitz| Berliner Philharmoniker| Bernard Haitink
75479,Heinz Rudolf Kunze
75486,Heinz Winckler
75493,Heistclick
75499,Heize
75501,Heize| Young Bae Go Of Soran
75502,Hej Matematik
75520,Helen Huang
75528,Helen Merrill
75531,Helen Park
75533,Helen Reddy
75535,Helen Schneider
75536,Helen Shapiro
75540,Helen Sung
75541,Helen Sung Trio
75551,Helena
75558,Helena Hettema
75561,Helena Kletch
75570,Helene Fischer
75576,Helene Segara
75592,Helicopter Helicopter
75594,Helin
75595,Helio-Lounge
75598,Helios
75602,Helisek Ringtones
75606,Helix
75615,Hell Rell
75623,Hella Donna
75626,Hellberg
75644,HellnbacK
75651,Hello Ga Young Feat. Park Won
75652,Hello Ga-Young
75659,Hello Nico
75662,Hello Saferide
75663,Hello Sailor
75664,Hello Sleepwalkers
75667,Hello piano 헬로피아노
75668,Hellogoodbye
75671,Helloween
75678,Hells Kitchen featuring Leusin
75682,Helly Luv
75683,Hellyeah
75685,Helmet
75686,Helmetheads
75688,Helms Alee
75690,Helmut Debus
75693,Helmut Eisel & JEM
75694,Helmut Eisel Quartett
75702,Helmut Zacharias
75704,Helmuth Rilling
75716,Helt Off
75717,Heltah Skeltah
75738,Hendersin
75754,Hennie Bekker
75757,Henning Lohner [Artist] & Hans Zimmer [Artist] & Various Artists [Artist] & Martin Tillman [Artist]
75780,Henri PFR
75784,Henri Salvador
75789,Henrik B
75808,Henrique & Juliano
75812,Henry
75830,Henry Dubois
75834,Henry Fong
75835,Henry Fong & D.O.D
75842,Henry Green
75850,Henry Jackman
75851,Henry Jackman & Matthew Margeson
75854,Henry Jamison
75860,Henry Krinkle
75865,Henry Mancini
75891,Henry Saiz
75911,Henryk Szeryng
75922,Heo
75923,Heo Junghyun
75925,Heo Young Saeng
75929,Her
75939,Her Space Holiday
75941,HerCheck
75946,Herb Alpert & The Tijuana Brass
75957,Herb Ohta|Jr
75959,Herb.S
75961,Herbert
75962,Herbert Blomstedt| San Francisco Symphony
75977,Herbert Von Karajan
75979,Herbert Von Karajan/Berliner Philharmoniker
75985,Herbert von Karajan/Karl Leister/Lothar Koch/Gunter Piesk
75986,Herbert von Karajan/Philharmonia Orchestra
75987,Herbert von Karajan/Various
75997,Herbert von Karajan|Berliner Philharmoniker|Wolfgang Meyer|Michel Schwalbé
76009,Herbie Hancock
76016,Herbie Mann
76020,Herbie Mann| Joao Gilberto & Antonio Carlos Jobim
76026,Hercules & Love Affair
76029,Here Beneath The Stars
76041,Here's My Number So Call Me Maybe
76051,Heri Friese
76058,Heritage X 鐘鉉(JONGHYUN)
76077,Herman's Hermits
76092,Hermann Prey
76114,Hermes House Band
76118,Hermeto Pascoal
76121,Hermitude
76123,Hernan Cattaneo
76127,Hernán Gamboa
76136,HeroInVain
76138,HeroPoint
76143,Heroes
76147,Heroes X Villains
76153,Herold Christophe
76156,Hero祖雄
76183,Hervé Duboys
76186,Herz Analog
76194,Hesperion Xx/Jordi Savall
76196,Hespèrion XXI| Jordi Savall
76198,Hessismore
76203,Hesus Attor
76204,Het Orca Orkest
76215,Heuse & Zeus X Crona feat. Emma Sameth
76231,Hey
76232,Hey Anna
76236,Hey Hey DJ
76237,Hey Hey My My
76244,Hey Monday
76245,Hey Ocean!
76251,Hey Today!
76253,Hey Violet
76254,Hey Way
76261,Heymoonshaker
76263,Heyo
76264,Heyward Woodward
76277,Hi NRG Fitness
76282,Hi'Spec
76285,Hi-D
76289,Hi-Five
76299,Hi-Rez
76302,Hi-STANDARD
76303,Hi-Tek
76305,Hi.ni
76308,HiJack
76310,HiNi
76312,Hiatus
76313,Hiatus Kaiyote
76322,Hibla Gerzmava
76326,Hibria
76333,Hidden Citizens
76347,Hideaki Tokunaga (德永英明)
76351,Hideki Togi (東儀秀樹)
76359,Hidetake Takayama
76370,Hier
76380,Hige DriVAN (ヒゲドライVAN)
76392,High Dimension
76393,High Dive Heart
76405,High Highs
76411,High Intensity Tracks
76413,High Maintenance
76415,High Math
76420,High On Hope
76423,High Purity
76425,High Rise Worship Band
76430,High School
76433,High School Music Band
76434,High School Musical : The Concert
76435,High School Musical Cast
76436,High School Musical Masters
76437,High School Musical Non Stop
76438,High School Musical Original Soundtrack
76454,High Treazon
76455,High Valley
76459,High on Heels
76462,High4| 아이유
76466,Highasakite
76469,Higher Brothers
76483,Highland Terrace Worship
76487,Highlight Tribe
76489,Highlights From Miss Saigon
76495,Highly Suspect
76509,Highway to Hell
76513,High翻天
76523,Hijirikawa masato（CV.Suzumura kenichi） & Sumeragi kira-（CV.Ono daisuke） (聖川真斗（CV.鈴村健一）＆皇 綺羅（CV.小野大輔）)
76528,Hikarishuyo (光収容)
76529,Hikaru Utada (宇多田ヒカル)
76532,Hil St. Soul
76537,Hilary Duff
76538,Hilary Hahn
76540,Hilary Hahn|Cory Smythe
76543,Hilary Kole
76546,Hilcrhyme (ヒルクライム)
76547,Hilda
76555,Hilde Louise
76566,Hilight Tribe
76573,Hill Valleys
76579,Hillary Scott & The Scott Family
76583,Hille & Marthe Perl
76584,Hille Perl
76593,Hillsong
76597,Hillsong Global
76598,Hillsong Kids
76600,Hillsong Live
76601,Hillsong London
76602,Hillsong United
76603,Hillsong Worship
76604,Hillsong Young & Free
76607,Hilltop Hoods
76620,Himalia
76624,Himekami
76625,Himesh Reshammiya
76634,Hinder
76637,Hindi Zahra
76648,Hinoter
76658,Hip Hop
76659,Hip Hop & R&B United
76667,Hip Hop Artists United
76672,Hip Hop Beats
76674,Hip Hop Classics
76675,Hip Hop Club Bangers
76680,Hip Hop DJs United
76681,Hip Hop Dance Workout
76682,Hip Hop Divas United
76684,Hip Hop Essentials
76686,Hip Hop Give Me A Hand 2
76689,Hip Hop Hitmakers
76691,Hip Hop Instrumental Kings
76693,Hip Hop Kingdom
76696,Hip Hop Luv
76697,Hip Hop Masters
76699,Hip Hop Nation
76700,Hip Hop Pantsula
76701,Hip Hop Party
76707,Hip Hop's Finest
76715,Hip&Cool
76719,Hip-Hop Party League
76728,Hiphop Tamizha
76729,Hiphop Tamizha| Kaushik Krish| Yadagiri
76751,Hirnspalt
76756,Hiro Shimono (下野 紘)
76768,Hiroko Shimabukuro (島袋寛子)
76784,Hironori
76790,Hiroshi Tamaki (玉木宏)
76793,Hiroshima
76797,Hiroumi
76799,Hiroyoshi Kato
76803,Hiroyuki Sawano (澤野弘之)
76816,His Name Is Alive
76821,His Statue Falls
76825,Hisako Kawamura
76840,History In The Making
76846,Hit 3
76851,Hit Co. Masters
76854,Hit Express
76859,Hit Maker Ringtones
76861,Hit Man David Foster Friends
76862,Hit Man Returns: David Foster & Friends
76865,Hit Mix - Return To Innocence
76867,Hit Number 1
76875,Hit Songs Kids Style
76879,Hit The Button Karaoke
76887,Hit and Run
76894,Hit-Boy
76896,HitKids
76899,Hitarda
76901,Hitch - Motion Picture Soundtrack
76903,Hitchhiker
76908,Hitimpulse
76911,Hitmakers Unlimited
76924,Hitomi Shimatani (島谷ひとみ)
76925,Hitomi Yaida (矢井田瞳)
76927,Hitoshizuku|Yama (ひとしずく×やま△)
76928,Hitoto Yo (一青窈)
76930,Hits 2008！
76935,Hits 80 - Love Songs
76936,Hits 90 - Love Songs
76941,Hits Etc.| Billboard Top 100 Hits| Dancefloor Hits 2015
76943,Hits For Kidz
76944,Hits Of A Generation
76946,Hits Of The Century
76948,Hits Squad
76950,Hits Variété Pop
76954,Hits von Kids
76968,Hiway
76971,Hizzleguy
76973,Hi☆sCoool! セハガール
76984,Hla - 5 - 2012
77000,Ho Sang Yoon
77037,Hocus Pocus
77040,Hodgy
77050,Hogia'r Wyddfa
77054,Hogu's Love OST Part2
77055,Hogu's Love OST Part3
77056,Hogu's Love OST Part4
77068,Hoksimolla
77069,Hoku
77081,Hold On To Me
77094,Hole
77102,Holiday
77130,Holiday Rockers
77148,Hollaphonic
77171,Hollow Point Heroes
77174,Hollow Tip
77183,Holly
77186,Holly Brook
77187,Holly Cole
77188,Holly Dolly
77192,Holly Golightly
77199,Holly Miranda
77200,Holly Near
77202,Holly Palmer
77203,Holly Petrie
77206,Holly Starr
77209,Holly Valance
77219,Hollyn
77222,Hollywood
77225,Hollywood Anderson
77232,Hollywood Chill Out
77235,Hollywood Ending
77249,Hollywood Pictures Orchestra
77256,Hollywood Session Band
77258,Hollywood Session Group
77259,Hollywood Session Singers
77260,Hollywood Sound Effects Library
77265,Hollywood Studio Orchestra
77266,Hollywood Studio Orchestra and Singers
77270,Hollywood TV Players
77272,Hollywood Undead
77274,Hollywood Wildlife
77275,Hollywood le grand orchestre
77276,Hollywood's Greatest Hits: Classic Music From The Movies
77280,Hollywoodz Superstarz Deejayz
77293,Hologram Musical 『School OZ』 OST
77294,Holy
77305,Holy Fuck
77306,Holy Ghost!
77328,Holy White Hounds
77330,Holychild
77338,Hombres G
77343,Home Free
77351,Home Of Samba
77365,Homeboy Sandman
77370,Homecomings
77374,Homegrown Syndrome
77394,Homme
77410,Honey Cocaine
77418,Honey G
77420,Honey L Days
77431,HoneyWorks
77432,HoneyWorks meets TrySail
77433,Honeyblood
77437,Honeycut
77445,Honeyz
77447,Hong Chang Woo
77448,Hong Dae Kwang
77451,Hong Kong Chinese Orchestra
77452,Hong Kong Express
77460,Hongwoon
77469,Honne
77476,Honor Society
77482,Hoobastank
77488,Hood Made
77491,HoodCelebrittyy
77493,HoodRich Pablo Juan| Migos
77498,Hoodie Allen
77508,Hoodrich Pablo Juan| Drugrixh Peso
77512,Hoody
77516,Hook N Sling
77531,Hoony Hoon
77533,HooplaKidz
77543,Hootie & The Blowfish
77546,Hooton 3 Car
77547,Hooton Tennis Club
77550,Hooverphonic
77557,Hope Drone
77558,Hope Floats
77561,Hope Of The States
77563,Hope Sandoval and the Warm Inventions
77574,Hopes Die Last
77575,Hopesong
77582,Hopsin
77594,Horace Parlan
77595,Horace Silver
77596,Horace Silver Quintet
77616,Horna
77621,Horror Movie Theme Orchestra
77649,Hortlax Cobra
77659,Hoshino Gen (星野源)
77662,Hoskey
77670,Hostage Calm
77673,Hot
77674,Hot Action Cop
77676,Hot All-Star Masters
77677,Hot Appendix
77681,Hot Beatz
77688,Hot Chelle Rae
77691,Hot Chip
77693,Hot Chocolate
77694,Hot Chocolate Party
77700,Hot Dad
77707,Hot Dollar
77714,Hot Hits! Remixed
77716,Hot Hot Hawk
77717,Hot Hot Heat
77731,Hot Potato
77741,Hot Shade
77742,Hot Since 82
77744,Hot Since 82 feat. Alex Mills
77751,Hot Station
77753,Hot Stylz
77759,Hot Tuna
77760,Hot Tunes
77761,Hot Water
77770,HotCha
77782,Hotel Buenavida
77785,Hotel California
77787,Hotel Eden
77804,Hothouse Flowers
77824,Hotwire
77825,Hou Jun Hui 侯俊辉
77826,HouSexy : 40 Deep| Funky| Sexy House Tunes
77832,Houdini
77834,Houghton Weavers
77838,Houndmouth
77841,Houndwolf
77845,House
77848,House Anthems
77850,House Classics
77851,House Connection
77853,House Dazzle
77858,House Generation
77860,House M.D.
77864,House Music
77866,House Music 2015
77867,House Music 2016
77869,House Music Hits
77870,House Music Lover
77871,House Music UK
77872,House Music| Beach House Club| Miami House Music
77881,House Of OM
77884,House Of Pain & Everlast
77891,House On The Beach 6 - 30 Sexy Chillout Tunes
77897,House Party Makers
77899,House Rockerz
77901,House Rulez
77902,House Session 2
77906,House Under The Moon
77910,House Works Wanted EP 4
77915,House of Cards Main Title Theme
77933,HouseMaxx Project
77934,HouseTwins
77937,Housefires
77941,Houseguard| Richi Brook
77951,Houses
77954,Housewell & Side-B
77959,Houston Featuring Chingy| Nate Dogg & I-20
77968,Hovelmann
77971,Hovi Star
77972,How Deep is Your Love
77974,How I Became The Bomb
77978,How Sweet The Sound
77979,How To Dress Well
77981,How to count one to ten
77984,HowL
77988,Howard Arman
77990,Howard Blake
78007,Howard Jones
78009,Howard Keel
78012,Howard Lanin
78022,Howard Shore
78030,Howie D
78031,Howie Day
78032,Howie Lee
78042,Howlin' Wolf
78044,Howling
78056,Hozier
78066,Hptm Max Schenk & Rekrutenspiele Schweizer Militärmusik
78067,Hr. Troels feat. Josh Lorenzen
78068,Hr.Sticko
78085,Https://Www.Youtube.Com/Watch?V=oZnZ6BxMItg
78090,HuPe
78093,Huang Xiao Jun
78096,HubbaBubbas
78110,Hubert Laws
78112,Hubert Ng
78130,Hudson Moore
78132,Hudson Taylor
78133,Hudson Thames
78134,Hudson and Troop
78138,Huegu & Docdoc
78142,Huey
78147,Huey Lewis And The News
78148,Huey Mack
78157,Huggy Bear
78169,Hugh Keice X Park Soyu
78171,Hugh Laurie
78173,Hugh Masekela
78178,Hugh Wolff
78184,Hugo
78205,Hugo Machine
78208,Hugo Montenegro
78217,Hugo Rignold
78219,Hugo Salazar
78235,Huh Gak
78236,Huh Gong
78237,HuhGak | Jeong EunJi
78238,HuhGak | Plan A Boys
78241,Hui-chun Hsu
78250,Hulaboy
78253,Hull
78262,Human
78275,Human Movement
78276,Human Nature
78290,Humanrace
78303,Humble Gods
78306,Humble Pie
78309,Humble Tip
78313,Humbled Kings Forever
78327,Humming Urban Stereo
78345,Hun Il Lim
78348,Hundaes
78353,Hundred Waters
78356,Hundredth
78358,Hungarian Cello Orchestra
78361,Hunger
78365,Hungry Ghosts
78383,Hunter Creed
78384,Hunter Hayes
78385,Hunter Hunted
78388,Hunter Siegel
78404,Hunx And His Punx
78416,Hurricane #1
78417,Hurricane Chris
78433,Hurt
78436,Hurts
78444,Hush
78451,Husky
78452,Husky Rescue
78454,Husman
78462,Hustle Man
78478,Hutten Hits 2008
78481,Huun-Huur-Tu
78488,Huwie Ishizaki
78490,Huxley
78500,Hwaii
78501,Hwang Chi Yeul
78504,Hwanhee
78505,Hwayobi
78513,Hybrid
78521,Hybrid| Tom Salta
78523,Hyde
78530,Hydra Coil
78531,Hydriss
78540,Hye Kyung Park
78541,Hyehwadong Boy
78544,Hyejung Ji
78550,Hyennie
78559,Hyland
78570,Hymns From Nineveh
78571,Hymns From The Heart
78577,Hyo Rin (SISTAR)/Jun Hyo Sung (Secret)/Hyun A (4Minute)/Nicole (KARA)/NaNa (AFTERSCHOOL)
78578,Hyolyn
78580,Hyoyeon
78581,Hyoyeon| Min| Jo Kwon
78590,Hypebeast
78593,Hyper Act
78594,Hyper Crush
78614,Hypersunday
78624,Hypnosemusik
78625,Hypnosia
78635,Hypomanie
78639,Hyrax
78643,Hysteria
78644,Hysteric Lolita
78645,Hysterica
78647,Hyun Ah Kim of Lalasweet
78651,HyunA
78654,Hyungdon & Daejune
78656,Hyunmi Shin
78657,Hyusfall
78661,HzEdge(crystal P) (HzEdge（クリスタルP）)
78666,Hämatom
78676,Håkan Hellström
78677,Hælos
78682,Hélène
78687,Hélène Grimaud|Die Deutsche Kammerphilharmonie Bremen
78692,Hélène Rollès
78702,Høst
78716,HΛL
78720,Hồ Quỳnh Hương
78722,H△G
78723,I  West West| Deez a Leez
78735,I Am Aisha
78736,I Am Alive
78739,I Am Classik
78745,I Am Ghost
78746,I Am Giant
78751,I Am Karate
78753,I Am King
78759,I Am Oak
78761,I Am Robot And Proud
78762,I Am Sam
78768,I Am Soyuz| Just Chillax
78770,I Am They
78773,I Am Waiting for You Last Summer
78784,I Blame Coco
78791,I Can Fly
78798,I Cube
78806,I Do I Do
78809,I Don't Fly
78820,I Got You On Tape
78826,I Hate You
78829,I Heart Huckabees
78830,I Heart Sharks
78834,I Just Wanna音樂新生活
78837,I Killed The Prom Queen
78838,I Knew You Were Trouble
78842,I Know What You Did Last Summer The Album
78844,I LOVE MAKONNEN
78850,I Love Francais
78851,I Love Game of Thrones
78854,I Love House
78856,I Love It
78863,I Love You
78866,I Love You You Love Me & Songs for Kids & Nursery Rhymes
78867,I Love You! Project
78883,I Musici
78900,I Prevail
78904,I Salonisti
78909,I Saw Mommy Kissing Santa Claus
78913,I See Fire
78914,I See Stars
78934,I Took Your Name
78935,I U 1 D C
78936,I VOICE
78956,I WiSH
78973,I$$A
78974,I'M
78975,I'S9 (I'S9)
78977,I'll Be Home
78978,I'll Be Home For Christmas
78979,I'll Cheat You Nash
78981,I'm Blue
78985,I'm Glad You Came
78988,I'm Not Afraid
78990,I'm Not There
78992,I'm Sejun
78993,I'm Sexy and I Know It
78994,I'm The Base Hitter
78997,I'm Wild
78998,I'm a Barbie Girl
78999,I'm a Little Drunk On You
79004,I've Got the Moves Like Jagger
79021,I-Noh
79027,I-Roy
79032,I-f
79035,I.B.I
79053,I.O.I
79058,I.Y.F.F.E
79065,IA
79066,IAM
79076,IA| NekomeP (IA| ねこめP)
79077,IA| ONE
79083,IBaby
79087,ICE MAN
79089,ICE-T
79094,ICHIRO ZIPANG
79096,ICONIQ (アイコニック)
79097,ICRT Artist Of The Week
79098,ICRT Total Impact
79102,IDIOTAPE
79104,IDR
79122,IIII
79128,IKEMEN ALL STARS| Sakuya Mitsurugi (CV:Kinkin)| Teruhiko Saionji (CV:Nekoroji)| Takuya Saotome (CV:Gakenouenoponiyo)| Renji Kagami (CV:Ijyuinyoshida)| Shingo Shiga (CV:Haurunougokushiro)| Yu (CV:10Re;)| Jiro (CV:Takaaki) (イケメンALL STARS| 美剣咲夜(CV:キンキン)| 西園
79129,IKO THE RAINMAN
79133,IL DIVO
79134,IL VOLO
79138,ILL Logic
79141,ILLA J
79145,ILLY J
79158,IMPERIAL TEEN
79161,IN HOUSE
79162,IN LOVE WITH CANON
79163,IN LOVE WITH ERHU FIDDLE
79169,INA
79172,INCredible Sound of Drum n Bass
79177,INFINITE
79178,INFINITE F
79186,INOJ
79187,INORAN
79193,INTERNET Co.|Ltd
79196,INVADER ACE
79203,IOSYS
79204,IP·Family
79213,ISH-ONE
79216,ISSA×SoulJa
79223,ISYSS
79224,IT'S YOUR PARTY…Party Collection
79226,ITAZURA NA KISS2　Original Sound Track (イタズラなKISS2　Original Sound Track)
79227,ITOWOKASHI
79228,IU
79239,IVY
79240,IWAO
79246,IZECOLD feat. Molly Ann
79250,IZZI & JFung
79263,Iam Mavy
79264,IamBillyDee
79272,Iamchino
79275,Iamg
79282,Iamx
79286,Ian Alone
79294,Ian Bostridge
79296,Ian Bostridge/Julius Drake
79301,Ian Brown
79307,Ian Carey & Rosette feat. Timbaland & Brasco
79329,Ian Hawgood
79333,Ian Hultquist
79354,Ian McCutcheon & The Astral Rangers
79361,Ian O'Brien
79367,Ian Pooley
79373,Ian Shaw
79376,Ian Thomas
79385,Ian Whitcomb
79391,Ian and Sylvia
79395,Iana
79406,Ibadi
79411,Iberia
79413,Ibeyi
79417,Ibiza 2008 : Famous Dj`s@work
79424,Ibiza Bass Music 2012
79426,Ibiza BassHeads
79429,Ibiza Chill & Groove Beats
79439,Ibiza Dance Party
79448,Ibiza Dance Party| Power Music Workout| Running Music Workout
79449,Ibiza Dance Party| Ultimate Dance Hits| Billboard Top 100 Hits
79453,Ibiza Deep House Lounge
79454,Ibiza Del Mar
79468,Ibiza House Anthems
79480,Ibiza Party 2016
79485,Ibiza Summerland - Lounge Edition
79487,Ibiza Trance Classics
79508,Icarus
79517,Ice Choir
79522,Ice Cube
79523,Ice Cube| Common
79541,Iceage
79547,Iced Earth
79548,Icefall
79556,Icewear Vezzo
79566,Ichi
79569,Ichinose tokiya（CV.Mamoru Miyano） & Otori eiji-（CV.Yuma Uchida）
79572,Ichiro Mizuki
79573,Ichliebelove
79578,Icon For Hire
79580,Icona Pop
79589,Icons Of American Pop Music
79594,Icy Ball 冰球樂團
79600,Id Obelus
79601,IdHuman
79608,Ida Engberg
79614,Ida LaFontaine
79616,Ida Landsberg| Simone Salvatore
79621,Ida Redig
79638,Ideals / I Remember Tapes
79644,Identity Krisis
79649,Idina Menzel
79653,Idiot Pop
79661,Idlewild
79667,Idol School
79669,Idolerna 2015
79678,Idris Elba
79684,Iestyn Davies
79686,Ieuan Jones
79695,If I Were You
79706,If You Leave Me Now
79709,If You're Happy And You Know It
79732,Iggy And The Stooges
79733,Iggy Azalea
79735,Iggy Pop
79743,Ignacio Berroa
79767,Igor Butman
79780,Igor Levit
79798,Igorek
79802,Ihsahn
79819,Ikah
79824,Ike & Tina Turner
79828,Ike Clanton
79829,Ike Quebec
79841,Ikewgawa Brothers
79845,Ikimonogakari (いきものがかり)
79849,Ikki Nishimura (西村一輝)
79852,Iko Chérie
79854,Ikon & Exodus
79862,Ikuko Kawai (川井郁子)
79872,Il Fondamento| Paul Dombrecht
79874,Il Giardino Armonico
79885,Ilaiyaraaja
79887,Ilan Bluestone
79888,Ilan Eshkeri
79904,Ildar Yzniy
79920,Iliana
79926,Ilid Kaolo
79938,Ill Bill
79939,Ill Blu
79941,Ill City
79950,Ill Nino
79955,Ill Sugi
79962,Illah Dayz
79969,Illenium
79971,Illesnoise| Juli Holz
79987,Illogicist
79989,Illslick
80000,Illuminati| MLG
80009,Illustrations Sonores
80010,Illy
80014,Illényi Katica
80018,Ilona
80029,Ilse DeLange
80034,Ilse| Ivonne y Mimi
80035,Ilta
80050,Im Bangul
80051,Im Dal Gyun
80054,Im Jong Im
80055,Im Se Jun
80056,Im Seon Ho(임선호)
80058,Im Sun Hae
80067,Imada
80087,Imagine
80088,Imagine Demons
80089,Imagine Dragons
80090,Imagine Music
80092,ImagineerTracks
80093,Imagining
80097,Imaji Megu (今路メグ)
80102,Imam Muda Hassan Adli|Ustaz Nordin Jaafar
80112,Imani Williams
80115,Imany
80119,Imblosion
80127,Imelda Papin
80132,Imitator Tots
80134,Immaculata
80135,Immanu El
80137,Immediate
80140,Immigrant's Bossa Band
80141,Imminence
80146,Immortal
80147,Immortal Bird
80152,Immortal Technique
80157,Imogen Cooper|Wolfgang Holzmair
80158,Imogen Heap
80166,Impala Ray
80178,Imperial Mammoth
80182,Imperial Triumphant
80188,Imperium Dekadenz
80191,Impetuous Ritual
80211,Impulsive
80229,In Camera
80244,In Fear And Faith
80246,In Flames
80252,In Her Own Words
80254,In Love With Hot Springs
80263,In Other Words
80266,In Sanity
80270,In Stereo
80271,In Strict Confidence
80275,In The Dark
80281,In The Valley Below
80283,In This Moment
80287,In Yoga Academy
80291,In the Hall of the Mountain King [ Grieg ]
80293,In the Mood
80301,In the endless zanhyang we are
80315,InGVoR
80318,InMune
80323,Ina
80331,Ina Wroldsen
80332,Ina Wroldsen| Broiler
80337,Inara George
80340,Inashiki Jhoshu (稲敷常州)
80341,InashikiJoshu
80342,Inasound
80346,Inc.
80347,Inca Kings
80354,Incantation
80357,Inception
80360,Incesaz
80367,Incognito
80380,Inctoxic
80382,Incubus
80389,Indea Nikole
80398,Independence Day
80407,India Club & Lounge
80412,India.Arie
80413,India.Arie| Joe Sample
80414,Indiajiva
80415,Indian
80417,Indian Calling
80419,Indian Fantasia
80424,Indian Ocean
80431,Indiana
80441,Indie 001
80442,Indie Anthems
80446,Indie Jazz
80448,Indie Music| DJ Hip Hop Masters| Hip Hop Hitmakers
80459,Indigenous
80465,Indigo Girls
80472,Indila
80488,Indochine
80489,Indonesia Music From The Nonesuch Explorer Series
80518,Inez
80533,Infant Sorrow
80537,Infected Mushroom
80545,Inferi
80551,Inferno
80561,Infinite
80563,Infinite Challenge
80565,Infinite H
80566,Infinite Hit Band
80583,Infinito: 2017
80585,Infinity Frequencies
80595,Infinix & Voices
80605,Information Society
80617,Ingenting
80623,Ingested
80631,Ingo Herrmann
80637,Ingolf Wunder| Warsaw Philharmonic Orchestra| Jacek Kaspszyk
80641,Ingrid
80644,Ingrid DuMosch
80646,Ingrid Fliter
80647,Ingrid Haebler
80656,Ingrid Michaelson
80667,Inhale Exhale
80669,Inherent Vice
80673,Inhye Lee
80675,Ini Kamoze
80698,Inka Mbing & Her Young Atayal Friends
80704,Inkheart
80717,Inlayer
80721,Inmay
80724,Inna
80726,Inna Modja
80733,Inner Circle
80736,Inner City
80761,Innerstate Ike| Trev Rich
80770,InnoVator
80774,Innocent Voice
80784,Inobe
80791,Inpetto
80796,Insan3lik3
80798,Insane Clown Posse
80806,Insert Coinz| Danarquitect| Chona
80810,Inside Llewyn Davis
80815,Insidecore
80822,Insinuators
80834,Insomnium
80836,Insooni
80837,Inspectah Deck
80839,Inspiral Carpets
80847,Inspirative
80857,InstaHit Crew
80858,InstaTrax
80861,Instant Funk
80863,Instant Karma: The Amnesty International Campaign To Save Darfur
80870,Instinct of Sight
80875,Instrum
80876,Instrumental
80879,Instrumental All Stars
80885,Instrumental Bossa Nova
80892,Instrumental Christian Songs| Christian Piano Music| Catholic Hymns| Christian Hymns
80916,Instrumental Core & Really Slow Motion
80936,Instrumental King
80939,Instrumental Love Songs| Piano Love Songs| Romantic Piano
80944,Instrumental Music Company
80945,Instrumental Music Ensemble
80946,Instrumental Music Factory
80947,Instrumental Music Group
80949,Instrumental Music Players
80968,Instrumental Piano Music| Piano| Romantic Piano
80996,Instrumental| We Wish You a Merry Christmas| Christmas Songs
81000,Instruments of India
81004,Insurgent Original Motion Picture Soundtrack
81017,Integrity Worship Singers
81019,Intelligent Hoodlum
81020,Intelligent Manners| Command Strange
81024,Intense
81030,Intenso Project
81033,Inter Arma
81060,International Piano Academy
81069,Internet Famous
81070,Internet Friends
81072,Interpol
81075,Interscope Presents: Club Bangers
81081,Interstellar Meditation Music Zone
81084,Intervals
81085,Intestine Baalism
81117,Intouchables  Piano
81120,Intrepids
81122,Intrigue
81129,Intronaut
81141,Inukshuk
81155,Inventions
81165,Investo
81171,Invisible Days
81172,Invisible Landscape
81176,Invisible Storm
81184,Inxec & Droog
81185,Inxs
81225,Ira Losco
81231,Irakere
81235,Iran Costa
81237,Iration
81252,Irene Cara
81254,Irene Conti
81258,Irene Grandi
81292,Irini Mando
81295,Iris
81298,Iris Litchfield
81315,Irish Love Songs
81316,Irish Love With Enya
81330,Irma
81331,Irma Cafe
81336,Irma Thomas
81340,Irmgard Kramer
81352,Iron & Wine
81366,Iron Maiden
81368,Iron Man
81375,Iron Reagan
81381,Ironik
81390,Irreversible Mechanism
81394,Irum Jam
81395,Irum Pan
81397,Irv Gotti
81402,Irvin Mayfield
81409,Is Tropical
81422,Isaac Black
81426,Isaac Flame
81427,Isaac Gracie
81429,Isaac Hayes
81442,Isaac Shepard
81443,Isaac Stern
81463,Isabel Gimenez
81476,Isabella Kemp
81484,Isabelle Antena
81486,Isabelle Boulay
81502,Isac Elliot
81506,Isahi
81507,Isaiah
81512,Isaiah Lightning
81514,Isaiah Rashad
81518,Isak Strand vs. TOE
81521,Isamu Shimoji (下地勇)
81523,Isao Mori
81526,Isaura Garcia
81531,Isbells
81547,Ishi
81562,Isis
81564,Isis Gee
81566,Iska Dhaaf
81569,Isla Grant
81573,Island Breeze
81576,Island Mood
81578,Island Nian Shao (Fang Jiong Bin) 年少之岛 (方炯镔)
81589,Isles Of Wonder: Music For The Opening Ceremony Of The London 2012 Olympic Games
81591,Isley| Jasper| Isley
81609,Ismael Serrano
81618,Isobel Campbell
81628,Isolée
81633,Israel & New Breed
81634,Israel & New Breed feat. Yolanda Adams
81640,Israel Houghton
81642,Israel Kamakawiwo'ole
81667,Issues
81691,Isyana Sarasvati
81693,It Boys!
81694,It Could Happen To You - Music From The Motion Picture
81696,It Hugs Back
81704,It Was The First Day Of Summer
81706,It's
81707,It's A Beautiful Day
81712,It's Always a Good Time
81713,It's Christmas Time
81724,It's a Cover Up
81737,Italian Bossa
81746,Italian Hits Of The 60's
81747,Italian Love Song Passione
81760,Italian Rockaz
81773,Italo Broadcast Guys
81780,ItaloBrothers
81784,Itamal
81806,Itro
81807,Itro feat. Kédo Rebelle
81808,Itro x Valcos
81809,Itro| Kontinuum
81820,Itsuki Hiroshi
81822,Ittoki otoya（CV.Terashima takuma） & Otori eiichi（CV.Midorikawa hikaru） (一十木音也（CV.寺島拓篤）＆鳳 瑛一（CV.緑川 光）)
81828,Itzhak Perlman
81831,Itzhak Perlman/Andre Previn/Shelly Manne/Jim Hall/Red Mitchell
81833,Itzhak Perlman/BBC Symphony Orchestra/Gennadi Rozhdestvensky/Pinchas Zukerman
81839,Itzhak Perlman/Lawrence Foster/Abbey Road Ensemble
81843,Itzhak Perlman/Philadelphia Orchestra/Eugene Ormandy/Philharmonia Orchestra/Chicago Symphony Orchestra/Carlo Maria Giulini/Concertgebouworkest/Bernard Haitink/Royal Philharmonic Orchestra/Lawrence Foster
81844,Itzhak Perlman/Pittsburgh Symphony Orchestra/André Previn
81848,Itzhak Perlman/Samuel Sanders
81851,Itzhak Perlman| Bruno Canino
81852,Itzhak Perlman| CSO / Carlo Maria Giulini
81853,Itzhak Perlman| Emanuel Ax
81857,Itzhak Perlman| NPO / Jesús López Cobos
81859,Itzhak Perlman| Philadelphia Orchestra / Eugene Ormandy
81861,Itzhak Perlman| Royal Concertgebouw Orchestra / Bernard Haitink
81865,Itzhak Perlman|Orchestre de Paris|Daniel Barenboim
81900,Ivan Craft| DJ Herby| Hakan Dundar| Thiago Bachet| Carl Francis| Edgar Robles| Daryus| Hakan Dündar| Dj Mix Night| Yume Sekai| Piffe| H4MM3RS| Jane Klos| Klaudia Kix| Demothi| Inwe| DDL Project| Edu Alvarez| Kotemusik| Alex Deejay| XOX| Sizigi-13| Mauro
81905,Ivan Del Burgo
81916,Ivan Gough & Feenixpawl
81918,Ivan Gough| Walden & Jebu
81936,Ivan Liao
81937,Ivan Lins
81945,Ivan Moravec
81958,Ivan Rebroff
81960,Ivan Segreto
81969,Ivan Torrent
81973,Ivan W. Taylor
81994,Ivanovna
81999,Ive Mendes
82004,Iveta Mukuchyan
82005,Ivete Sangalo
82007,Ivi Adamou
82016,Ivo Kolev
82017,Ivo Monroe Miller
82019,Ivo Papasov / Yuri Yunakov
82022,Ivo Pogorelich
82028,Ivon Curi
82039,Ivory Layne
82050,Ivory the Family Jewel
82059,Ivy
82062,Ivy Levan
82066,Ivy Quainoo
82083,Iwamura Ryuta
82091,Iwrestledabearonce
82099,Iyala
82100,Iyanya
82101,Iyaz
82102,Iyeoka
82118,Izah
82127,Izi
82128,Izia
82135,Izu
82145,Izzy
82146,Izzy Bizu
82155,Izzy Marie Hill
82166,J
82181,J B M Tumah
82187,J Bel
82191,J Billups
82192,J Boog
82193,J Boogie feat The Pimps of Joytime
82203,J Capri| Charly Black| Charly Black| J Capri
82212,J Dilla
82213,J Dilla aka Jay Dee
82225,J Hard
82245,J Mascis
82248,J Meast
82250,J Mellow(제이 멜로우)
82260,J Net
82261,J Nez
82265,J Park
82269,J Perry
82272,J Poetic
82278,J Rabbit
82282,J Ravage
82284,J Reddy
82287,J Rice
82296,J Sexton
82331,J'kyun
82339,J-AX| The Styles
82343,J-Bizz
82350,J-CHEESE
82351,J-Carraway
82352,J-Cera
82353,J-DAD
82363,J-Euro Non-Stop Best
82372,J-Harris
82375,J-Hype
82378,J-Kwon
82380,J-Live
82385,J-MAN
82389,J-Min
82390,J-Min X Sim| Eun Jee
82400,J-Pop Factory
82402,J-REXXX
82407,J-Roc
82411,J-Rox
82414,J-Shep
82423,J-Stars
82428,J-Suave
82431,J-Sunny
82436,J-US
82437,J-Walk
82439,J-Weez tha SqadKidd
82443,J-Wok
82447,J-symphony
82458,J. Balvin
82464,J. Blackfoot
82468,J. Buck
82474,J. Cole
82475,J. Cole feat. TLC
82478,J. Counter & Stringer
82499,J. Holiday
82500,J. J. Johnson
82508,J. Keys
82512,J. Lisk
82518,J. Martins
82533,J. Ralph
82541,J. S. Bach
82548,J. Stalin
82551,J. Strauss
82554,J. Tillman
82574,J.Addison
82586,J.C. Lodge
82594,J.D Method
82603,J.D. Souther
82611,J.Fla
82622,J.J. Cale
82628,J.J. Johnson
82632,J.J. Johnson| Kai Winding| Dave Brubeck
82638,J.Kendall
82644,J.M. Silk
82648,J.None
82665,J.Paul the DemiGod
82668,J.Quest
82675,J.R.Monterose
82686,J.S. Epperson
82691,J.T
82696,J.T.C
82713,J.Wu
82715,J.Y. Park
82719,J.ae
82720,J.ae(제이)
82725,J2
82727,J2M 제이투엠
82734,J57
82735,J8man| Savi Leon| D.F.K
82743,JABBERLOOP
82744,JACE
82749,JADE
82763,JAM Project
82764,JAMBINAI
82765,JAMES CARTER QUARTET
82771,JAMOSA
82776,JAN鋒
82781,JASMINE
82783,JASS
82785,JAVA COURT GAMELAN
82786,JAVA THE JASMINE ISLE: GAMELAN MUSIC
82788,JAWAID
82792,JAXX DA FISHWORKS
82793,JAY Z & Big Sean & Kanye West
82794,JAY'ED
82797,JAYLIEN| Sammy Adams
82801,JAZZ CAFÉ
82822,JC
82835,JC지은| HAAS
82837,JD (JERMAINE DUPRI)
82839,JD Samson & MEN
82843,JD. Reid
82847,JDG| Samual James
82855,JEDIII
82862,JEFFK ft. Jonny Rose
82863,JEHO
82870,JENYER
82872,JERRY VALE
82873,JES
82874,JESSI| TAE JIN A
82875,JESUS FASHION FAMILY
82877,JETFIRE
82878,JETFIRE & SpinRox
82882,JF Parish
82897,JIE (卓杰勝)
82899,JIGSAW
82902,JILLO
82903,JIM STEINMAN
82909,JIN(Shizen no teki) (じん(自然の敵P))
82910,JINNH
82912,JINUSEAN
82916,JJ DeVille
82919,JJ Grey & Mofro
82927,JJ Project
82938,JJCC
82940,JJD
82941,JJK
82945,JK (姚仁恭)
82951,JK김동욱
82960,JLMusic
82961,JLS
82964,JLaine
82969,JMADE
82973,JME
82980,JMSN
82981,JMSN & Slim K
82983,JN
82987,JNT
82996,JOEL MCNEELY
83003,JOHNNYSWIM
83007,JOKER
83008,JOLLY-TIP a.k.a DJ KEIZI
83013,JONAS L.A. OST
83014,JONGHYUN
83015,JONTE (ジョンテ)
83019,JORDAN PRUITT
83027,JOY(Red Velvet)| DOYOUNG(NCT)
83028,JOY.
83029,JOYCE JONATHAN
83031,JOYjin
83037,JP Cooper
83038,JP Elorriaga
83041,JP JUICE
83049,JP 김진표
83050,JPB
83051,JPB| Ashley Apollodor
83052,JPB| MYRNE
83055,JPCC Worship
83057,JPM
83067,JR 紀言愷
83068,JR 紀言愷 & 阿喜林育品
83070,JRND| VMK
83075,JS
83084,JSW
83085,JSaNZ| Edher Torres
83090,JT Hodges
83098,JTR
83102,JUCE!
83103,JUCY
83104,JUDE
83105,JUDY AND MARY
83108,JUJU
83109,JUMP - ARE YOU READY TO DANCE
83110,JUMP! Kids
83114,JUN. K
83116,JUNE OF 44
83117,JUNG JOON YOUNG BAND
83118,JUNG YONG HWA
83119,JUNHO (From 2PM)
83120,JUNIEL
83129,JUSTHIS
83130,JUSTICE
83143,JVST SAY YES| Brillz| Torro Torro
83148,JWB
83150,JWC| Brothers
83153,JY
83154,JY Lee
83158,JYOCHO
83159,JYONGRI
83161,JYRA
83164,J_ust
83165,J_ust| Yun ddan ddan
83170,Ja Rule
83174,Ja-ge George
83179,Jaa9 & OnklP
83181,Jaakko Eino Kalevi
83185,Jaap Reesema
83188,Jaared
83194,Jabbar Hakeem
83195,Jabbawockeez
83211,Jacco Gardner
83225,Jachungbi Project
83226,Jaci Velasquez
83229,Jacinda Jones
83232,Jacintha
83233,Jacinthe
83238,Jack & Ignant
83239,Jack & Jack
83249,Jack Back
83252,Jack Beats
83260,Jack Black|Cee-Lo Green
83279,Jack Conman
83285,Jack DeJohnette
83304,Jack Evans
83313,Jack Fred with Band
83315,Jack Frost
83320,Jack Garratt
83353,Jack Jefferson
83355,Jack Jezzro
83356,Jack Jezzro And Friends
83358,Jack Johnson
83359,Jack Johnson and Friends
83379,Jack McDuff
83396,Jack Nitzsche
83398,Jack Novak
83410,Jack Penate
83417,Jack River
83418,Jack Rogers
83423,Jack Ross
83428,Jack Savoretti
83444,Jack Teagarden
83454,Jack Tottle
83461,Jack Vidgen
83469,Jack White
83470,Jack White & Alicia Keys
83474,Jack Williment
83475,Jack Wilson
83478,Jack and White
83479,Jack and the Ripper Girl
83483,Jack Ü
83484,Jack Ü| Skrillex| Diplo
83487,Jack's Mannequin
83489,JackLNDN
83492,Jackal
83494,Jackal| Atliens| Quix
83508,Jackie Alyss
83517,Jackie Brown - Music From The Miramax Motion Picture
83523,Jackie Child
83526,Jackie DeShannon
83529,Jackie Evancho
83540,Jackie McLean
83555,Jackie Thomas
83558,Jackie Wilson
83559,Jackie Young
83568,Jacknife Sympathy
83576,Jackson
83577,Jackson 5
83578,Jackson Berkey
83580,Jackson Browne
83581,Jackson Browne David Lindley
83589,Jackson Guthy
83591,Jackson Harris
83593,Jackson Hunt
83615,Jacky Core
83626,Jacky Terrasson
83628,Jacky Tizon
83640,Jaclyn Rose
83642,Jacmov Jayt
83649,Jaco Pastorius
83650,Jaco Van Wyk
83654,Jacob Banks
83657,Jacob Bryant
83659,Jacob C. Alford Garcia
83660,Jacob Christopher Band
83664,Jacob Cooper
83667,Jacob Didas
83672,Jacob Forever
83674,Jacob Groth
83684,Jacob Jobe
83688,Jacob Koller
83691,Jacob Latimore
83692,Jacob Latimore feat. Issa
83693,Jacob Latimore feat. T-Pain
83695,Jacob Lee
83700,Jacob Montague
83702,Jacob Plant
83703,Jacob Powell
83711,Jacob Sartorius
83719,Jacob Tillberg
83721,Jacob Tillberg| Johnning
83723,Jacob Whitesides
83729,Jacob do Bandolim
83735,Jacoby Planet(쟈코비플래닛)
83747,Jacoustic
83750,Jacquees
83756,Jacqueline Du Pre
83761,Jacqueline François
83770,Jacqueline Teo 张美玲
83771,Jacqueline du Pre/Daniel Barenboim
83772,Jacqueline du Pre/London Philharmonic Orchestra/Daniel Barenboim
83775,Jacqueline du Pré/Dame Janet Baker/Sir John Barbirolli
83777,Jacqueline du Pré| Daniel Barenboim| The Philadelphia Orchestra
83784,Jacques Brel
83793,Jacques Dutronc
83811,Jacques Loussier
83816,Jacques Mauger| Laurent Petitgirard| Orchestre Symphonique Français
83817,Jacques Miroe
83818,Jacques Morelenbaum|Goro Ito
83819,Jacques Mueller
83839,Jacqui Naylor
83843,Jacquie Green
83844,Jacquie Lee
83859,Jada Facer
83862,Jada Facer feat. Tyler Ward
83863,Jadackk
83864,Jadagrace
83865,Jadakiss
83875,Jade Angela
83877,Jade Born
83878,Jade De LaFleur
83882,Jade Hurley
83900,Jaded
83901,Jaded Heart
83906,Jaden Chase
83907,Jaden Cornelious
83912,Jadiel
83915,Jadon Lavik
83919,Jadu Heart
83921,Jadyn Maria
83927,Jae E
83932,Jae Jin
83933,Jae Jin Lee
83936,Jae Mazor
83940,Jae Rich
83945,Jae'b
83948,Jae-hyung Ahn
83951,Jaeger
83953,Jaeger| Meric
83959,Jaeson Green
83978,Jagged Edge
83983,Jaggery
83998,Jagwar Ma
84004,Jah Cure
84013,Jah Khalib
84028,Jah Stitch
84031,Jah Thomas
84048,Jaheim
84053,Jahida Wehbé| Osama Abdulrasol Ensemble
84057,Jahkoy
84063,Jahman
84066,Jahméne Douglas
84075,Jahovah Jones
84089,Jai McDowall
84097,Jai Waetford
84098,Jai Wolf
84106,Jaicko
84110,Jaiden Collis
84113,Jaief & Asong
84122,Jaill
84140,Jaime Thietten
84147,Jaimee Paul
84150,Jaimy
84152,Jain
84153,Jaine Rogers
84157,Jairita Cassiana
84161,Jairod
84182,Jake Barker
84183,Jake Barker| Blended Babies
84191,Jake Bruene
84194,Jake Bugg
84195,Jake Coco
84199,Jake Davey
84207,Jake Gray
84210,Jake Gusto
84218,Jake Hooker
84222,Jake Isaac
84228,Jake La Furia
84234,Jake Manisto
84239,Jake Miller
84245,Jake Moskow
84247,Jake Owen
84252,Jake Quickenden
84260,Jake Shimabukuro
84274,Jake and the Leprechauns
84283,Jakes & Mensah
84286,Jaki Byard
84298,Jako Diaz feat. Veselina Popova
84309,Jakob Liedholm
84316,Jakoban| D!Avolo
84324,Jakubi
84334,Jaleel Shaw
84335,Jaleel Young
84338,Jalen Rance
84349,Jam & Spoon
84368,Jam York
84369,Jam da Silva
84377,Jamaal Meeks
84380,Jamaica
84383,Jamaica Reggae Stars
84389,Jamal
84397,Jamala
84403,Jamar Rogers
84404,Jamaster A
84412,Jame Moorfield
84416,Jamelia
84419,James
84422,James & Emma
84425,James 'D-Train' Williams
84430,James Arthur
84433,James Asher and Sandeep Raval
84434,James Avatar
84436,James Bay
84441,James Blackshaw
84442,James Blake
84446,James Blunt
84459,James Brown
84460,James Brown & The Famous Flames
84464,James Brown| James Brown & Bea Ford
84465,James Brown| The Commodores
84480,James Carter
84495,James Conlon and Orchestre National de France
84503,James Cottle
84506,James Cottriall
84518,James Darren
84534,James Dupre
84535,James Durbin
84538,James Dymond
84549,James Farm: Joshua Redman| Aaron Parks| Matt Penman| Eric Harland
84561,James Galway
84574,James Grant & Jody Wisternoff
84580,James Hall
84591,James Hersey
84595,James Hooker
84597,James Horner
84600,James Horner| Joshua Bell
84603,James Horner／The Amazing Spider-Man－Original Motion Picture Soundtrack
84606,James Iha
84609,James Ingram
84617,James Johnston
84620,James Joyce
84635,James Last
84637,James Last And His Orchestra & James Last
84654,James Levine|Ensemble Wien-Berlin
84666,James M. Wright
84674,James Maslow| Megan Nicole & Tiffany Alvord
84680,James McCartney
84688,James Meyers
84693,James Moody
84696,James Morrison
84697,James Morrison & Nelly Furtado
84707,James Newton Howard
84727,James P. Johnson
84747,James Reynolds
84777,James TW
84779,James Taylor
84781,James Taylor|Carole King
84784,James Tillman
84794,James Vincent McMorrow
84813,James Wright
84814,James Yammouni| In Stereo
84818,James Yuill
84831,Jamesthemormon
84834,Jamestown Revival
84837,Jametris
84842,Jamey Johnson
84845,Jami Jackson
84866,Jamie Cullum
84871,Jamie Foxx
84873,Jamie Foxx feat. Chris Brown
84881,Jamie Foxx featuring T.I.
84884,Jamie Grace
84903,Jamie Lawson
84907,Jamie Lidell
84909,Jamie Llewellyn
84913,Jamie Lynn Noon
84917,Jamie McAulay
84918,Jamie McDell
84920,Jamie N Commons
84921,Jamie N Commons|X Ambassadors
84929,Jamie Principle
84937,Jamie Scott
84938,Jamie Scott & The Town
84944,Jamie T
84956,Jamie Woodfin
84957,Jamie Woon
84958,Jamie xx
84959,Jamie xx + Four Tet (feat. Romy)
84961,Jamie's Elsewhere
84962,Jamie-Lee
84964,JamieBoy
84970,Jamillions
84973,Jamiroquai
84975,Jamison Chester Fox
84981,Jamka
84994,Jammy Jams
85005,Jamsha
85011,Jan & Dean
85013,Jan A.P. Kaczmarek
85018,Jan Blomqvist
85021,Jan Brunson
85026,Jan Cyrka| Guthrie Govan
85067,Jan Keun Suk TEAM H
85073,Jan Lenselink| Noortje van Middelkoop
85081,Jan Mulder
85084,Jan Oliver
85106,Jan Vogler
85110,Jan Wayne presents Marco Lovei DVZ
85114,Jan Willem de Vriend
85131,Jana Kramer
85135,Jana Tan
85147,Jandal Club
85148,Jandee
85159,Jane Birkin
85161,Jane Bolduc
85164,Jane Bunnett
85165,Jane Bunnett And The Spirits Of Havana
85169,Jane Child
85171,Jane Constance
85173,Jane Doe
85176,Jane Duboc
85184,Jane Eyre O.S.T.
85187,Jane French
85194,Jane Jang
85195,Jane Jensen
85197,Jane Kennaway
85205,Jane Monheit
85208,Jane Olivor
85223,Jane Weaver
85225,Jane Wiley
85226,Jane Winther
85227,Jane XØ
85230,Jane's Addiction
85235,Janella Salvador
85238,Janelle Monae
85239,Janelle Monáe and Jidenna
85249,Janet Devlin
85250,Janet Jackson
85268,Janette Slack
85274,Jang Eunho
85275,Jang Go Eun
85277,Jang Hee Young
85278,Jang Hee Young| Yoo Se Yun
85280,Jang Hye Jin
85281,Jang Hyun-Seung
85285,Jang Jung Eun
85286,Jang Keun Suk
85287,Jang Keun Suk| A.N.Jell
85290,Jang Na Ra (장나라)
85293,Jang Subin
85294,Jang Woo Young
85295,Jang Yoon Jeong
85299,Jangbow
85303,Janice
85305,Janice C
85318,Janice Lacy Project
85319,Janice Marie Johnson
85328,Janie Fricke
85331,Janie Lidey
85337,Janina
85338,Janina And The Deeds
85342,Janine And The Mixtape
85344,Janine Jansen| London Symphony Orchestra| Orchestra dell'Accademia Nazionale di Santa Cecilia| Antonio Pappano
85357,Janis Joplin
85359,Janis Martin
85368,Janji
85369,Janji feat. Johnning
85381,Jannabi
85396,Jannine Weigel
85424,Janusz Olejniczak| Christophe Coin| Ensemble Mosaïques
85434,Japa Dollar
85437,JapaRoLL| Funk Machine
85441,Japan Daisuki
85450,Japandroids
85452,Japanese Breakfast
85460,Japanese Relaxation and Meditation| Deep Focus| Sleep Sounds of Nature
85474,Japanese songbird (日本三鳴鳥)
85482,Japhy Davis
85486,Jaq Lion
85493,Jaques Le Noir
85499,Jarabe de Palo
85510,Jared Anderson
85517,Jared Dylan
85522,Jared Gelman
85529,Jared Lee
85543,Jarell Perry
85546,Jareth
85554,Jarina De Marco
85567,Jaromir Honzak Quintet
85568,Jaromir Nohavica
85570,Jaron And The Long Road To Love
85579,Jarreau Vandal
85583,Jarren Benton
85599,Jarryd James
85606,Jarvis Church
85607,Jarvis Cocker
85618,Jascha Heifetz
85619,Jascha Heifetz/Arpad Sandor
85620,Jascha Heifetz/London Philharmonic Orchestra
85621,Jascha Heifetz/Sir Thomas Beecham/Sir John Barbirolli/Royal Philharmonic Orchestra/London Philharmonic Orchestra
85630,Jascha Heifetz| Richard Ellsasser
85636,Jase Thirlwall
85649,Jasmine
85652,Jasmine Choi
85661,Jasmine Rae
85667,Jasmine Thompson
85673,Jasmine V
85687,Jason Aldean
85690,Jason Arcilla
85698,Jason Becker
85704,Jason Brown
85711,Jason Capital Jay DeVore
85713,Jason Castro
85719,Jason Chen
85720,Jason Chen & Alex G
85722,Jason Chen & Alyssa Bernal
85723,Jason Chen & Arden Cho
85724,Jason Chen & Ceresia
85725,Jason Chen & Heejun Han
85726,Jason Chen & J Rice
85727,Jason Chen & JRodTwins
85728,Jason Chen & Jannine Weigel
85729,Jason Chen & Joseph Vincent
85731,Jason Chen & Madilyn Bailey
85732,Jason Chen & Marie Digby
85733,Jason Chen & Megan Lee
85734,Jason Chen & Megan Nicole
85735,Jason Chen & Tiffany Alvord
85736,Jason Chen feat. Blogilates & KaliMuscle
85737,Jason Chen feat. Cathy Nguyen
85738,Jason Chen feat. David So
85739,Jason Chen feat. MariÃ© Digby
85740,Jason Cheng
85750,Jason De'rae
85752,Jason Derulo
85755,Jason Donovan
85757,Jason Dy
85762,Jason Farnham
85764,Jason Feathers
85770,Jason French
85777,Jason Goodman
85781,Jason Graves
85782,Jason Gray
85795,Jason Howland
85797,Jason Isbell
85815,Jason Lee Tribe
85845,Jason Moran
85846,Jason Morant
85848,Jason Mraz
85849,Jason Mraz Colbie Caillat
85851,Jason Mraz featuring Ximena
85856,Jason Nolan
85859,Jason Owen
85866,Jason Petrosyan
85867,Jason Piano
85874,Jason Reeves
85875,Jason Richardson
85889,Jason Rivas| Fashion Vampires From Louisiana
85893,Jason Rivas| Magzzeticz
85898,Jason Rivas| Yamato Daka
85904,Jason Ross feat. Lauren Ray
85914,Jason Singh
85922,Jason Stephenson
85927,Jason Taylor
85931,Jason Upton
85933,Jason Walker
85941,Jason Woods
85987,Jaurim(자우림)
85988,Jauz
85989,Jauz| Marshmello
85991,Jauz| Netsky
85992,Jauz| Pegboard Nerds
85993,Jauz| San Holo
86005,Javeon
86012,Javi Mula
86018,Javier
86029,Javier Colon
86034,Javier Limon
86036,Javier Martinez Maya
86039,Javier Navarrete
86055,Javier Van Velthoven
86066,Javine
86071,Javon Jackson
86073,Jaw
86085,Jax
86086,Jax Jones
86105,Jay Arner
86118,Jay Brannan
86127,Jay Cosmic
86128,Jay Cosmic & Husman
86132,Jay Dee
86143,Jay Electronica
86146,Jay Emcee
86148,Jay Family
86163,Jay Gives
86166,Jay Hardway
86167,Jay Hardway & Mike Hawkins
86179,Jay Hoelscher
86191,Jay J
86195,Jay Jay Johnson's Be-Boppers| Jay Jay Johnson's Bop Quintet| Jay Jay Johnson's Boppers| J. J. Johnson Be-Boppers
86198,Jay Jungjae Moon X Il Ji
86200,Jay Karama
86208,Jay Kim
86244,Jay Moon
86254,Jay Park
86256,Jay Pollmann
86258,Jay Prince
86259,Jay Producer
86263,Jay Pusha
86264,Jay Putty
86269,Jay Raw
86271,Jay Reatard
86274,Jay Robinson
86275,Jay Rock
86284,Jay Santos
86286,Jay Sean
86289,Jay Shepheard
86291,Jay Silva
86299,Jay Smith
86301,Jay SoLo
86328,Jay Vincent| Michael Kramer
86347,Jay-Alley
86350,Jay-F
86353,Jay-Jay Johanson
86354,Jay-J| Kings Of Groove
86366,Jay-Z
86367,Jay-Z & Kanye West
86368,Jay.Wop
86371,JayBree
86380,JayKode| Party Thieves| JayKode| Party Thieves
86381,JaySoLo
86383,JaySounds & G-Wizard
86389,Jaya Lakshmi| Ananda
86393,Jayadeva
86395,Jayal
86397,Jayanti Ayana Colors
86404,Jayblack
86407,Jayceeoh
86413,Jaydee
86430,Jayesslee
86432,Jaygee_ots
86440,Jayl Funk
86443,Jaylib
86447,Jaylon Ashaun
86450,Jaymay
86452,Jayme Dee
86456,Jaymes Young
86457,Jaymes Young and Phoebe Ryan
86463,Jayne County
86472,Jayself
86488,Jaytech
86489,Jaytech feat. Steve Smith
86493,Jaywon
86509,Jazmine Sullivan
86513,Jazz
86523,Jazz Around Midnight
86528,Jazz At The Movies Band
86530,Jazz Awards
86532,Jazz Ballads
86541,Jazz Cartier
86545,Jazz Cigano Quinteto| Eduardo Mercuri
86546,Jazz Cinema
86558,Jazz Duets：Divas & The Crooners
86563,Jazz For Romantic Moments
86564,Jazz For Seasons In Love
86568,Jazz Fragment
86590,Jazz Instrumental Songs Cafe| Musica Jazz Club| Smooth Jazz Café
86592,Jazz Instrumentals
86601,Jazz Legends Forever
86603,Jazz Liberatorz
86623,Jazz Morley
86625,Jazz Music Club in Paris
86632,Jazz Music Zone & Baby Sleep Lullaby Academy
86648,Jazz Piano Essential
86653,Jazz Piano Lounge Ensemble
86677,Jazz Spastiks
86693,Jazz Vocal Music
86708,Jazz in Murakami Haruki
86710,Jazz in The Lobby Bar
86712,Jazz in the Air
86714,Jazz to Soul
86725,Jazzamor
86726,Jazzanova
86736,Jazzin'park
86746,Jazztronik
86753,Jazzy Christmas
86758,Jazzy Moods| Coffee Shop Background Jazz| Easy Listening Restaurant Jazz
86764,Jazz‧獻給戀人們的世紀情歌
86782,Jc Chasez
86787,Jchino
86805,Je T'aime
86811,JeA
86820,Jean
86833,Jean Carn
86844,Jean Deep
86857,Jean Grae
86881,Jean Luc Marie
86892,Jean Martinon
86895,Jean Martinon|Sir Georg Solti|London Symphony Orchestra|Ernest Ansermet|L'Orchestre de la Suisse Romande
86903,Jean Paques
86923,Jean Roch
86924,Jean Roderes
86925,Jean Rondeau
86932,Jean Sourisse
86949,Jean-Bernard Pommier
86958,Jean-Claude Montac| Amaury du Closel| Sinfonietta de Chambord
86968,Jean-Francois Heisser
86970,Jean-Francois Paillard
86976,Jean-Guihen Queyras| Isabelle Faust| Alexander Melnikov| Freiburger Barockorchester| Pablo Heras-Casado
86978,Jean-Jacques Goldman
87018,Jean-Michel Blais
87020,Jean-Michel Jarre
87029,Jean-Philippe Collard/Augustin Dumay/Frederic Lodeon
87030,Jean-Philippe Collard/Lorin Maazel
87039,Jean-Pierre Danel
87047,Jean-Pierre Rampal
87053,Jean-Pierre Rampal| Claudio Scimone & I Solisti Veneti
87066,Jean-Robert Chappelet
87067,Jean-Roch
87071,Jean-Yves Thibaudet
87097,Jeanne Lamon| Tafelmusik Orchestra
87107,Jeanne Pruett| Donna Fargo| Sandy Posey
87112,Jeannette et ses petits Louveteaux
87118,Jeannpy
87125,Jeb Loy Nichols
87127,Jebediah
87133,Jed Kurzel
87151,Jedward
87152,Jeebag
87155,Jeen Bassa
87157,Jeena Marie
87167,Jeezy
87168,Jeez樂團
87169,Jef Miles
87171,Jef Neve & Jose James
87173,Jefe
87182,Jeff Arundel
87184,Jeff Austin Black
87188,Jeff Ballard
87190,Jeff Beal
87191,Jeff Beck
87192,Jeff Beck & The Big Town Playboys
87196,Jeff Bernat & Doplamingo 제프버넷 & 돕플라밍고
87197,Jeff Bernat & SCARY'P 제프 버넷 & 스케리피
87201,Jeff Broadbent
87202,Jeff Buckley
87207,Jeff Cardoni
87222,Jeff Diamond
87236,Jeff Golub
87247,Jeff Jackson
87260,Jeff LeBlanc
87262,Jeff Loomis
87263,Jeff Lorber
87266,Jeff Lynne's ELO
87269,Jeff Maximum
87274,Jeff Mills
87279,Jeff Ollerhead
87293,Jeff Rushin
87305,Jeff Steinberg
87318,Jeff Williams
87328,Jefferson Airplane
87329,Jefferson Airplane/Jefferson Starship/Starship
87330,Jefferson Starship
87331,Jeffery Austin
87335,Jeffree Star
87341,Jeffrey Biegel
87347,Jeffrey Hidalgo
87348,Jeffrey James
87353,Jeffrey Lewis
87355,Jeffrey Michael
87356,Jeffrey Miller
87357,Jeffrey Osborne
87365,Jeffrey Tate/English Chamber Orchestra
87369,Jeffy D
87376,Jehst
87382,Jeje
87385,Jekalyn Carr
87387,Jekyll & Hyde
87389,Jelani & the Secret Five
87402,Jelly For The Babies
87404,Jelly Rocket
87405,Jelly Roll
87406,Jelly Roll Morton
87411,JellyTooFly
87413,Jem
87443,Jen Rathburn
87465,Jenia Lubich
87478,Jenn Bostic
87482,Jenn Grant
87495,Jenna Reid
87499,Jennette McCurdy
87508,Jennie Kapadai
87514,Jennifer
87519,Jennifer Brown
87520,Jennifer Bullock|Sussan Kameron|Sonny Stuar
87531,Jennifer Harper
87533,Jennifer Henderson
87536,Jennifer Hudson
87540,Jennifer Knapp
87546,Jennifer Lawrence
87549,Jennifer Lopez
87552,Jennifer Lopez| Marc Anthony
87553,Jennifer Love Hewitt
87555,Jennifer Lynn Simpson
87560,Jennifer Nettles
87562,Jennifer O'Connor
87567,Jennifer Rush
87573,Jennifer Warnes
87576,Jennifer's Body Music From The Original Motion Picture Soundtrack
87577,Jenniffer Kae
87579,Jenny 'La Sexy Voz'
87593,Jenny J Nam
87598,Jenny Lewis
87599,Jenny Lewis with The Watson Twins
87601,Jenny Lin
87607,Jenny Ngiam 芊芸
87610,Jenny Owen Youngs
87623,Jennylyn Mercado
87629,Jens Buchert
87635,Jens Lekman
87638,Jens Mueller
87639,Jens O.
87640,Jens Ottosen
87641,Jens Peter Maintz
87642,Jens Riemann
87647,Jensation
87651,Jensen Sportag
87655,Jenya
87661,Jeon Cha In
87667,Jeon Woo Sung (NOEL)
87668,Jeon Woosung| Oh Jun Sung
87670,Jeon Yeongdo
87672,JeonSstar  feat. Yun ji a |RoamJ|Gjsoul
87677,Jeong Eun Ji
87679,Jeong Jin Un (2AM)/L Joe (TEENTOP)/Lee Joon (MBLAQ)/HoYa (INFINITE)/LeeGiGwang(2AM)/L Joe (TEENTOP)/Lee Joon (MBLAQ)/HoYa (INFINITE)/LeeGiGwang
87680,Jeong Jinwoon
87682,Jeong Min Kyung 정민경
87685,Jeong Yu Yeon(정유연)
87698,Jerad Finck
87707,Jeremiah Daly
87708,Jeremiah Jae
87714,Jeremih
87718,Jeremy Allen
87724,Jeremy Camp
87727,Jeremy Denk
87735,Jeremy Folderol
87747,Jeremy Jordan
87758,Jeremy Martinez| M.D.
87760,Jeremy McCoy
87763,Jeremy Monteiro
87770,Jeremy Polmear
87772,Jeremy Roberts
87785,Jeremy Sylvester
87787,Jeremy Thornton
87790,Jeremy Vancaulart
87793,Jeremy William Smith
87796,Jeremy Zucker
87799,Jeric Medina
87815,Jermaine Dupri
87816,Jermaine Dupri Presents Twelve Soulful Nights Of Christmas
87821,Jermaine Hardsoul
87822,Jermaine Jackson
87824,Jermaine Paul
87843,Jerome Brooks
87863,Jerome Sable| Eli Batalion
87871,Jeronimo
87880,Jerrod Niemann
87906,Jerry Folk| Eloq
87907,Jerry Foster
87912,Jerry Garcia
87915,Jerry Goldsmith
87946,Jerry Kegler
87950,Jerry L
87952,Jerry Lane
87953,Jerry Lee Lewis
87958,Jerry Maguire Music From The Motion Picture
87968,Jerry Reed
87982,JerryC
87987,Jersey Boys
87989,Jeru The Damaja
87992,Jerusalem Quartet
88003,Jes-B
88006,Jesper Jenset
88007,Jesper Juul Sorensen
88008,Jesper Kyd
88015,Jess & Matt
88021,Jess Connelly
88023,Jess Glynne
88028,Jess Kent
88033,Jess Moskaluke
88037,Jess Soccorsi
88043,Jess Williamson
88047,JessLee
88048,Jessa Anderson
88055,Jesse & Joy
88058,Jesse B Dawg
88059,Jesse Barrera
88060,Jesse Belvin
88066,Jesse Boykins III & MeLo-X
88069,Jesse Campbell
88071,Jesse Cook
88097,Jesse Labelle
88108,Jesse McCartney
88114,Jesse Perez
88123,Jesse Royal
88124,Jesse Ruben
88126,Jesse Saunders
88132,Jesse Stone
88136,Jesse Van Ruller
88137,Jesse Voorn
88142,Jessee Suarez
88144,Jessi
88147,Jessi Jone
88151,Jessi Malay
88153,Jessi Smiles
88155,Jessica
88157,Jessica Andersson
88159,Jessica Ashley
88160,Jessica Bailiff
88166,Jessica Clemmons
88180,Jessica Hernandez & the Deltas
88184,Jessica Jay
88193,Jessica Lesaca
88202,Jessica Mauboy
88205,Jessica Mauboy feat. Ludacris
88214,Jessica Sanchez
88216,Jessica Simpson
88218,Jessica Sutta
88222,Jessica Williams Trio
88227,Jessie Baylin
88230,Jessie Chris
88231,Jessie Chung
88232,Jessie Daniels
88239,Jessie J
88241,Jessie James
88242,Jessie James Decker
88255,Jessie Ware
88256,Jessie Ware & Sampha
88258,Jessi| Kim Young-Im| Crispi Crunch
88267,Jessy Lanza
88268,Jessy Matador
88283,Jessye Norman|Daniel Barenboim
88292,Jesu
88294,Jesu/Sun Kil Moon
88302,Jesus Christ Fashion Barbe
88310,Jesus Culture
88317,Jesus Jones
88326,Jesus Sanchez
88342,Jet
88353,Jet Boys
88355,Jet Jessie James
88360,Jet Set Unlimited
88361,Jet Swade
88363,JetTricks
88366,Jethro Tull
88371,Jetlag feat. Esther
88384,Jetta
88385,Jettblack
88398,JevanniP (ジェバンニP)
88399,Jevice 주비스
88406,Jewel
88407,Jewel 4 U
88409,Jewel Kid
88417,Jewelz & Sparks
88418,Jewelz and Scott Sparks
88433,Jez Dior
88442,Jezza
88450,Jg Hitman| Kae Jizzle
88463,Jhene Aiko
88474,Jhon el Smoking
88480,Jhonny Vergel
88484,Ji Nilsson
88491,Ji Sung
88493,Ji-hoon Kim
88496,JiKay & MNKN
88499,Jia Kai
88500,Jia Lih
88507,Jiang Yu Heng 姜育恒
88510,Jibbs
88517,Jidenna
88518,Jidenna feat. Kendrick Lamar
88519,Jidenna feat. Roman GianArthur
88521,Jie Chen
88522,JieYing Tha 赵洁莹
88531,Jiggy Dogg
88533,Jiggy Joint Feat. Dan Hogan
88536,Jigmastas
88544,Jigu Records Orchestra
88549,Jihun 지훈
88566,Jill Andrews
88568,Jill Barber
88583,Jill Phillips
88585,Jill Scott
88590,Jill-Decoy association
88593,Jillian Edwards
88594,Jillian Edwards| Zach Berkman
88595,Jillian Jacqueline
88603,Jillionaire & Salvatore Ganacci
88623,Jim Brickman
88639,Jim Croce
88646,Jim Ed Brown & The Browns
88660,Jim Guthrie| JJ Ipsen
88662,Jim Hall
88664,Jim Hall & Pat Metheny
88668,Jim Jackson
88669,Jim Jackson's Band
88671,Jim James
88672,Jim Jensen's Hawaiians
88673,Jim Johnston
88674,Jim Jones
88675,Jim Jones & Ron Browz featuring Juelz Santana
88682,Jim Martin| Paul Abrams
88693,Jim Nabors
88694,Jim Noir
88697,Jim O'Rourke
88700,Jim Perkins
88705,Jim Reeves
88706,Jim Reeves & Patsy Cline
88726,Jim Van Slyke
88735,Jim Wynn
88737,Jim Yosef
88738,Jim Yosef & Alex Skrindo
88739,Jim Yosef| Ivan Jamile| Kédo Rebelle
88747,Jimetta Rose
88757,Jimi Hendrix
88758,Jimi Hendrix Experience
88769,Jimin Park
88770,Jimin Park| D.ear
88788,Jimmie Vaughan
88814,Jimmy Bruno
88817,Jimmy Buffett
88824,Jimmy Carter：Man from Plains
88826,Jimmy Chan
88828,Jimmy Clanton
88830,Jimmy Cliff
88856,Jimmy Durante
88857,Jimmy Eat World
88859,Jimmy Edgar
88862,Jimmy Fallon
88864,Jimmy Fedd
88866,Jimmy Fontana
88872,Jimmy Giuffre
88875,Jimmy Greene
88880,Jimmy Hendrix
88891,Jimmy Jones
88900,Jimmy Lowe Band
88911,Jimmy McGriff
88923,Jimmy Page
88934,Jimmy Reed
88939,Jimmy Robins
88946,Jimmy Ruffin
88953,Jimmy SanDiego
88955,Jimmy Scott
88959,Jimmy Smith
88967,Jimmy Stanić
88968,Jimmy Stardust (ジミースターダスト)
88982,Jimmy Wise & Dj ExeeDer
88983,Jimmy Witherspoon
88999,Jin Akanishi (赤西仁)
89004,Jin Kim
89007,Jin Seung Tae
89010,Jin Won
89011,Jin Woon Jeong
89016,JinSun
89017,Jina U
89019,Jinco
89026,Jindoggae
89034,Jingle Bell Swing
89035,Jingle Bells
89043,Jingle Bells| Top Christmas Songs| Villancicos
89050,Jingo
89056,Jinjer
89060,Jinlin Wang
89065,Jinsang Lee
89068,Jinsol Kim
89073,Jinx Trax
89090,Jitka Hosprová
89092,Jitka Zelenková
89095,Jiva
89117,Jiří Ševčík & PIRATE SWING Band
89139,Jmeel
89140,Jmeemo
89147,Jns
89151,Jo Ann Campbell
89153,Jo Ann Greer
89160,Jo Cohen & BQ
89165,Jo De La Rosa
89167,Jo Eun Ae
89174,Jo Kwon
89182,Jo Mi Young| June Seung Jin
89189,Jo Stafford
89190,Jo Stafford & Gordon MacRae
89193,Jo Sung Mo
89199,Jo Young Hyun
89200,Jo hang jo
89204,Jo-Yu Chen
89205,Jo.Jayno
89207,JoHyunAh (Urban Zakapa)
89208,JoJo
89211,JoJo Effect
89213,JoJo Nichols
89214,JoJo Siwa
89223,Joa Band
89234,Joachim Held
89239,Joachim Wohlgemut| Caroline Busser & Christian Bischof
89244,Joakim Karud
89250,Joan Armatrading
89252,Joan As Police Woman| Benjamin Lazar Davis
89253,Joan Baez
89256,Joan Baez| Bob Dylan
89265,Joan Bibiloni
89282,Joan Jett
89283,Joan Jett & The Blackhearts
89292,Joan Of Arc
89293,Joan Osborne
89295,Joan Reyes
89301,Joan Shelley
89308,Joan Thiele
89310,Joan Valent
89321,Joana Duah
89328,Joana Zimmer
89337,Joanna
89345,Joanna Gruesome
89349,Joanna Kawalla
89351,Joanna Kurkowicz
89353,Joanna MacGregor
89355,Joanna Newsom
89360,Joanna Wallfisch
89370,Joanne Kasner
89375,Joanne Shaw Taylor
89384,Joao Luis Nabo
89400,Joara
89404,Job For A Cowboy
89416,Joc House
89421,Jocelyn Alice
89424,Jocelyn Brown
89428,Jocelyn Pook
89429,Jocelyn Scofield
89438,Jochen Miller
89443,Jochen Miller| Tom Fall
89446,Jochen Rueckert
89453,Jodeci
89474,Jody Breeze
89488,Jody Watley
89492,Jody Wisternoff & James Grant
89493,Jody Wisternoff & Jonathan Mendelsohn
89495,Joe
89496,Joe 'Guitar' Hughes
89503,Joe Achi
89504,Joe Albany
89530,Joe Bonamassa
89532,Joe Bongiorno
89536,Joe Brooks
89541,Joe Budden
89557,Joe Cocker
89564,Joe Dassin
89573,Joe Diffie
89593,Joe Flizzow
89606,Joe Gallardo
89609,Joe Gauthreaux
89618,Joe Goddard
89622,Joe Grushecky
89633,Joe Henderson
89634,Joe Henry
89635,Joe Hertler & The Rainbow Seekers
89636,Joe Hertz
89637,Joe Hertz feat. Amber-simone
89641,Joe Hisaishi (久石譲)
89642,Joe Hisaishi| Kim Hong-Je| New Japan Philharmonic
89648,Joe Inoue
89650,Joe Jackson
89652,Joe Jonas
89660,Joe Kraemer
89678,Joe Lovano
89698,Joe McElderry
89701,Joe Meek
89718,Joe Nichols
89727,Joe Pass
89732,Joe Pernice
89733,Joe Perry
89735,Joe Piza
89740,Joe Public
89753,Joe Robinson
89759,Joe Sample| NDR BigBand
89763,Joe Sanders
89764,Joe Satriani
89765,Joe Satriani Eric Johnson Steve Vai
89766,Joe Satriani| Eric Johnson| Steve Vai
89771,Joe Shyna
89775,Joe Simon
89778,Joe Smooth
89782,Joe Stone
89785,Joe Strummer & The Mescaleros
89793,Joe Thomas
89794,Joe Tiseo| Tr3buchet
89796,Joe Trufant
89797,Joe Turner
89806,Joe Veras
89809,Joe Walsh
89813,Joe Weller
89817,Joe Williams
89819,Joe Williams| Count Basie and his Orchestra
89825,Joe Yamada
89829,Joe Zawinul
89833,Joe and Jake
89836,Joe'l Leflore
89843,Joee the Poet
89850,Joel Adams
89859,Joel Compass
89863,Joel Diamond
89869,Joel Evans & Friends
89872,Joel Fletcher
89873,Joel Fletcher & J-Trick
89874,Joel Fletcher feat. Bianca
89879,Joel Frederiksen
89890,Joel Harrison| Anupam Shobhakar
89891,Joel Hirsch| Jennifer Rene
89899,Joel Mull
89901,Joel Nickel
89907,Joel Rafael
89917,Joel Vaughn
89928,Joelle
89937,Joey & Rory
89944,Joey Bada$$
89958,Joey Dale
89959,Joey Dale and Rico & Miella
89964,Joey Devries
89972,Joey Galliger
89980,Joey Kid
89983,Joey Mayhem
89987,Joey Moe
89989,Joey Montana
89991,Joey Negro & The Sunburst Band
89992,Joey Negro|Gramophonedzie
89993,Joey Newman
90001,Joey Ray
90006,Joey Stamper
90007,Joey Starr
90010,Joey Tempest
90028,Joggen DJ
90052,Johan Bredewout| Liselot Fennema| Mariska Pool
90059,Johan Heystek
90063,Johan Leijonhufvud
90068,Johan Soderqvist
90070,Johan Stengard
90079,Johann Friedrich Fasch
90081,Johann Pachelbel
90083,Johann Sebastian Bach
90088,Johann Stone
90091,Johann Strauss II
90092,Johann Strauss II| Josef Strauss| Johann Strauss
90094,Johann Strauss Orchestra|André Rieu
90099,Johanna Jane
90101,Johanna Klay
90117,Johannes Brahms
90132,Johannes Friedemann
90142,Johannes Moser (莫瑟)／大提琴 & Kolja Blacher (布拉赫)／小提琴 & Ewa Kupiec (庫琵克)／鋼琴
90145,Johannes Oerding
90150,Johannes Strate
90163,John & Mary
90167,John 5
90169,John Abercrombie
90186,John Anderson
90198,John Askew
90207,John Barrowman
90208,John Barry
90219,John Beasley
90237,John Boswell
90238,John Bouchet
90240,John Brack| Jeff Turner
90244,John Brown's Body
90254,John Butler Trio
90266,John Cale
90271,John Carpenter
90284,John Christian| Jacky Greco
90285,John Cipollina
90292,John Coltrane
90293,John Coltrane & Don Cherry
90297,John Coltrane Quartet
90298,John Coltrane and Johnny Hartman
90317,John Dahlbäck
90318,John Dahlbäck & Benny Benassi
90319,John Dahlbäck feat. Alexx Mack
90320,John Dahlbäck feat. Rebecca & Fiona
90326,John Daversa
90328,John Davidson
90333,John De Sohn
90335,John Debney
90341,John Delahoo
90342,John Denver
90343,John Denver | Kenny Rogers
90349,John Digweed
90350,John Digweed & Nick Muir| John Digweed| Nick Muir
90363,John Dreamer
90380,John Ellis
90381,John Ellis & Double-Wide
90385,John Escreet| David Binney| Eivind Opsvik| Nasheet Waits
90390,John Farnham
90391,John Farnham and Olivia Newton-John
90395,John Feierabend
90403,John Ford Coley
90415,John Garippa
90420,John Gibbons
90427,John Gold
90434,John Grant
90438,John Gregory
90441,John Guerrero
90456,John Harrison
90458,John Hart
90469,John Hiatt
90476,John Hollenbeck
90478,John Holloway/Davitt Moroney/Stephen Stubbs/Erin Headley/Andrew Lawrence-King
90479,John Holloway/Susan Sheppard/Davitt Moroney
90503,John Jonethis
90512,John Kane
90529,John Kirby and his Orchestra
90544,John Lanchbery/Philharmonia Orchestra
90554,John Lee Hooker
90560,John Legend
90561,John Legend & The Roots
90562,John Legend feat. Jennifer Nettles| arrangement by Hunter Hayes
90566,John Lennon
90572,John Lewis
90586,John Lucas
90589,John Luskey
90597,John Macraven & Dan Herderson
90602,John Mark McMillan| Sarah McMillan
90604,John Marshall
90605,John Martin
90608,John Martyn
90615,John Mayall
90616,John Mayall & The Bluesbreakers
90621,John Mayer
90623,John Mayer Trio
90628,John McCormack
90636,John McLaughlin
90637,John McLaughlin Trio
90641,John Medeski
90642,John Mellencamp
90647,John Michael Montgomery
90650,John Mills
90663,John Morgan Orquesta
90664,John Morley & Dixie
90665,John Morris
90667,John Moss
90670,John Mulaney
90674,John Nelson|English Chamber Orchestra
90677,John Neville
90678,John Newman
90679,John Nilsen
90680,John Norum
90684,John O'Callaghan
90689,John O'Callaghan featuring Erica Curran
90693,John Ogdon
90698,John Ottman
90699,John Ottman| David Buckley
90701,John Owen-Jones
90702,John O’Callaghan & Jennifer Rene
90705,John Paesano
90709,John Parr
90710,John Patitucci
90712,John Patton
90715,John Paul Jones
90719,John Paul White
90725,John Petrucci| Jordan Rudess
90729,John Phillip Sousa| Classical Jockey| The CJ Orchestra
90733,John Pizzarelli
90735,John Powell
90747,John Raymond
90754,John Renbourn
90762,John Robinson & PVD
90770,John Ruocco & Adrian Mears
90774,John Saga
90783,John Scofield
90786,John Scofield|Metropole Orchestra|Vince Mendoza
90788,John Sebastian
90797,John Silence
90801,John Smith
90809,John Southworth
90813,John Splithoff
90818,John Stevens' Doubleshot
90819,John Stewart
90820,John Stoddart
90823,John Stowell
90830,John T Keats
90843,John Taylor| Steve Swallow & Gabriele Mirabassi
90846,John Teo| 謝采妘
90848,John Thies
90859,John Travolta & Olivia Newton-John
90874,John Waite
90875,John Wallace
90892,John Williams
90895,John Williams| Australian Chamber Orchestra| Richard Tognetti
90896,John Williams| Joshua Bell| London Symphony Orchestra
90899,John Williams| Yo-Yo Ma
90901,John Williams|The Boston Pops Orchestra
90904,John Wilson Orchestra
90917,John Zeroness (じょん)
90918,John Zorn
90920,John and the Volta
90930,Johnathan Blake Quartet
90931,Johnathan Cochran
90944,Johnnie Ray
90960,Johnny Alf
90962,Johnny And The Hurricanes
90979,Johnny Bravo| Darya Sergiyenko
90981,Johnny Burnette
90991,Johnny Cash
90992,Johnny Cash & June Carter Cash
91009,Johnny Corporate
91012,Johnny Crawford
91037,Johnny Flynn
91042,Johnny Gill
91050,Johnny Griffin
91054,Johnny Hallyday
91059,Johnny Hartman
91063,Johnny Hates Jazz
91071,Johnny Horsepower
91072,Johnny Horton
91081,Johnny Kemp
91084,Johnny King
91090,Johnny Lee
91092,Johnny Logan
91095,Johnny Lytle
91099,Johnny Maestro
91100,Johnny Maestro & The Crests
91104,Johnny Marr
91106,Johnny Mathis
91120,Johnny Nash
91125,Johnny Orlando
91137,Johnny Paycheck
91140,Johnny Pearson His London Orchestra
91160,Johnny Rivers
91162,Johnny Rollins
91164,Johnny Roxx
91168,Johnny Ruffo
91183,Johnny Stimson
91192,Johnny Tillotson
91200,Johnny Wiggs| George Vital 'Papa Jack' Laine
91201,Johnny Winter
91205,Johnny Yono
91223,Johny Dave
91228,Joi Cardwell
91230,Joi Cardwell| Alex Pala
91234,Join Forces
91244,Jojee
91249,Jojo
91254,Jojo Mayer
91263,Joker
91278,Jolie Holland
91308,Jon Allen
91312,Jon B.
91316,Jon Bellion
91319,Jon Bibbs
91323,Jon Bon Jovi
91324,Jon Bon Jovi - Al
91326,Jon Brion
91337,Jon Cozart
91348,Jon Faddis
91352,Jon Foreman
91361,Jon Guerra
91363,Jon Hendricks
91366,Jon Henrik Fjällgren
91367,Jon Hopkins
91383,Jon Licht
91391,Jon McLaughlin
91399,Jon Nite
91403,Jon Pardi
91417,Jon Sarta
91420,Jon Secada
91428,Jon Stevens
91430,Jon Tarifa
91431,Jon Thomas
91432,Jon Thurlow
91443,Jon Young
91456,Jona Mayr
91457,Jonah
91475,Jonas Aden
91476,Jonas Alaska
91479,Jonas Blue
91480,Jonas Brothers
91493,Jonas Kvarnström
91497,Jonas Rathsman
91498,Jonas Saalbach
91499,Jonas Saalbach & Samuel Fach
91500,Jonas Sanche
91504,Jonas Woehl
91506,Jonas feat. Kamy
91517,Jonathan Antoine| London Studio Symphony
91544,Jonathan Edwards
91548,Jonathan Finlayson
91568,Jonathan Johansson
91571,Jonathan Kreisberg
91573,Jonathan Lee
91575,Jonathan McReynolds
91594,Jonathan Still [Piano] & Daniel Smith [Bassoon]
91599,Jonathan Thulin
91609,Jonathon Welch| Stephen Blackburn
91611,Jondi Productions
91614,Jonel Perlea| Wiener Staatsoper
91615,Jones
91630,Jongkwon Park
91632,Jongwha
91637,Joni James
91640,Joni Mitchell
91647,Jonn Hart
91650,Jonn Serrie
91658,Jonnie Rice
91662,Jonny Beretta
91670,Jonny Darko & Anarkist
91671,Jonny Diaz
91674,Jonny Greenwood
91675,Jonny Houlihan
91677,Jonny Lang
91681,Jonny Pan
91682,Jonny Rose
91697,Jono McCleery
91700,Jonsi & Alex
91704,Jonte'
91708,Jontte Valosaari
91709,Jonwayne
91715,Joo Chan| So Yoon
91716,Joo Hyo & HA:TFELT
91722,JooHeon
91723,JooYoung
91726,Joohyun Park
91729,Jools Holland & His Rhythm And Blues Orchestra
91731,Jools Holland| Ruby Turner
91733,Joonil Jung
91740,JoosTVD
91746,Joosu J
91747,Joosuc
91752,Jor'dan Armstrong
91764,Jordan Bratton feat. Chance The Rapper
91774,Jordan F
91775,Jordan Feliz
91776,Jordan Fisher
91777,Jordan Freewood
91780,Jordan Haller
91784,Jordan Hill
91788,Jordan Hush
91791,Jordan Jansen
91800,Jordan Lang
91802,Jordan Linton
91805,Jordan Marcotte
91818,Jordan Rakei
91825,Jordan Smith
91826,Jordan Suckley
91834,Jordan Xidas
91853,Jordi Savall
91854,Jordi Savall & Montserrat Figueras
91855,Jordi Savall/Ton Koopman
91857,Jordi Zindel
91858,Jordin Sparks
91859,Jordin Sparks featuring Chris Brown
91869,Jordyn Jones
91871,Jordyn Taylor
91878,Jorge & Mateus
91880,Jorge Alvarado
91883,Jorge Ben Jor
91895,Jorge Drexler
91908,Jorge Leon
91929,Jorge Quintero
91933,Jorge Rossy
91956,Joris Delacroix
91962,Jorja Smith
91964,Jorma Kaukonen
91967,Jorn van Deynhoven
91968,Jorshta
91980,Jose & Wally
91983,Jose AM| Jose Amor
91984,Jose Amnesia
91994,Jose Carreras| Hermann Prey| Claudio Scimone & Philharmonia Orchestra
91996,Jose Carreras| Placido Domingo| Luciano Pavarotti
92000,Jose Cura
92005,Jose De Rico| Danny Romero
92006,Jose De Rico| Nano William
92009,Jose Delgado & Kilian Dominguez
92014,Jose Fernandez Tomatito
92018,Jose Gonzalez
92023,Jose Kropp
92040,Jose Mari Chan
92050,Jose Nunez| Smarty J
92051,Jose Padilla
92060,Jose Serebrier
92063,Jose Van Dam/Kent Nagano/Orchestre de l'Opera National de Lyon
92077,Josef Bulva| Fritz Wunderlich| Rolf Reinhardt
92090,Josef Leimberg
92095,Josef Meloni| Tommyland
92098,Josef Salvat
92106,Josefin Öhrn + The Liberation
92127,Joseph Alchstein
92129,Joseph And The Amazing Technicolor Dreamcoat
92132,Joseph Arthur
92134,Joseph Ayoub
92138,Joseph Bishara
92142,Joseph Campbell
92151,Joseph Fonseca
92156,Joseph Haydn
92162,Joseph KANG 강요셉
92171,Joseph Leo Gruber & The Vienna State Opera Orchestra
92202,Joseph Robinson
92211,Joseph Suk
92214,Joseph Trapanese| Tove Lo
92220,Joseph Vincent
92233,Josephine Chee 徐玉珠
92234,Josephine Foster
92275,Josh Gabriel presents Winter Kills
92284,Josh Groban
92286,Josh Hart
92295,Josh Jenkins
92298,Josh Kaufman
92299,Josh Kelley
92302,Josh Kumra
92308,Josh Levi
92319,Josh Mills
92327,Josh Osho
92328,Josh Pan| Dumbfoundead
92330,Josh Philips
92333,Josh Pyke
92338,Josh Record
92339,Josh Ritter
92341,Josh Rouse
92343,Josh Sickles
92354,Josh Tillman
92356,Josh Turner
92357,Josh Vietti
92367,Josh Wilson
92368,Josh Wink
92376,Joshua
92377,Joshua A
92380,Joshua Bell
92383,Joshua Bell| Marija Stroke
92384,Joshua Bell| Michael Tilson Thomas| Berlin Philharmonic Orchestra
92385,Joshua Bell| The Cleveland Orchestra| Christoph von Dohnanyi
92386,Joshua Bell| The Philharmonia Orchestra| Esa-Pekka Salonen
92394,Joshua David Evans
92403,Joshua Hyslop
92407,Joshua Kadison
92418,Joshua Radin
92420,Joshua Redman| Brad Mehldau
92421,Joshua Redman| The Bad Plus
92431,Joshua Stanley
92443,Joshua redman
92449,Josiah James
92457,Josie Mcswane
92459,Josienne Clarke and Ben Walker
92468,Joss Herjean
92469,Joss Stone
92471,Joss Stone featuring Common
92477,Josu Gallastegui
92480,Josue
92494,José Baz| The Harmony Group
92497,José Carreras
92498,José Carreras/Various
92499,José Carreras| English Chamber Orchestra| Vjekoslav Sutej
92500,José Carreras| Luciano Pavarotti| Plácido Domingo| Richard Tucker| Charles Aznavour| Sissel Kyrkjebø
92502,José Carreras| Robert Farnon And His Orchestra
92505,José Carreras|Royal Philharmonic Orchestra|Roberto Benzi
92510,José Feliciano
92514,José González
92518,José James
92532,José María ramírez Martín
92533,José Molina|Biagio Antonacci|Luciano Pavarotti|Enrique Iglesias|Caetano Veloso|Eurythmics|Tracy Chapman|Skunk Anansie|Zucchero|Aqua|George Michael|Savage Garden|Orchestra Sinfonica Italiana
92542,José Serebrier| Orchestra Sinfonica di Roma
92553,Joséphine Baker
92563,Jouce
92568,Joululauluja
92578,Journey
92582,Journi Miles
92587,Jovanie
92589,Jovanni Cimino
92591,Jovanotti
92592,Jovel
92607,Jovonn
92612,Jowy
92615,Joy
92623,Joy Denalane
92625,Joy Division
92629,Joy Enriquez
92638,Joy Kim
92641,Joy Marquez
92651,Joy Williams
92658,Joya Landis
92663,Joyce DiDonato
92673,Joyce Moreno
92675,Joyce Muniz
92681,Joyce Wrice
92698,Joyous Holiday Players| Traditional Christmas Song| Jingle Bells
92702,Joyryde
92706,Joywave
92708,Joyzu
92710,Joze Ostranc| Alberto Lizzio| Mozart Festival Orchestra
92712,Jozef Van Wissem & Domingo Garcia-Huidobro
92713,Jozef Van Wissem / SQÜRL
92720,Jozzy
92731,João Donato
92733,João Gilberto
92734,João Gilberto|Stan Getz
92736,João Lucas & Marcelo
92738,João Pedro Rosas
92741,João Rabello
92749,Joël Suhubiette| Choeur de chambre Les Éléments| Corine Durous
92752,Jp2fly
92763,Jr Jr
92772,Jr. Walker & The All Stars
92785,Jsanz
92810,Ju Ju Song
92813,Ju Yoon Ha
92814,JuJu On That Beat
92826,Juan Alcaraz
92832,Juan Atkins| Moritz von Oswald
92869,Juan Fernando Velasco
92872,Juan Gabriel
92889,Juan Laya| Jorge Montiel
92891,Juan Lombardo
92897,Juan Luis Guerra 4.40
92899,Juan Magan
92900,Juan Magan & Don Omar
92904,Juan Magan feat. DCS & Danny Romero
92923,Juan Pampin
92930,Juan Ramón Caro
92946,Juan Trujillo
92965,Juanes
92970,Juanito & FreedomB
92975,Juanjo Dominguez
92984,Juba
92986,Jubel Sax
92995,Jubing Kristianto
93009,Judas Priest
93010,Jude
93018,Jude Smith
93020,Judee Sill
93029,Judie Tzuke
93032,Judith
93037,Judith Farmer
93054,Judson Mancebo
93060,Judy Collins
93064,Judy Garland
93077,Judy Stone
93083,Juelz Santana
93094,Juice
93097,Juice Leskinen & Coitus Int
93098,Juice Music
93100,Juice Newton
93102,Juice=Juice
93104,Juicebox the Toast
93108,Juicy
93111,Juicy J
93112,Juicy J feat. K Camp
93113,Juicy J feat. Nicki Minaj| Lil Bibby| and Young Thug
93114,Juicy J feat. The Weeknd
93116,Juicy J feat. Wiz Khalifa and R. City
93117,Juicy J feat. Young Jeezy and Big Sean
93119,Juicy J| Kevin Gates| Future| Sage The Gemini
93121,Juicy J| Wiz Khalifa| TM88
93122,Juicy J| Wiz Khalifa| Ty Dolla $ign
93124,Juicy M
93125,Juicy M feat. Endemix
93129,Juicy M| Jimmy Clash
93136,JuicyTrax & Switch Off
93138,Juicytrax| Switch Off
93139,Juilliard Jazz All Stars
93142,Jujiro (十字郎)
93149,Jukebox Heaven
93155,Jukebox The Ghost
93171,Julee Karan (樹里からん)
93181,Jules Lefrançois| Thomas Rémondière| Robin Rinchard| Josquin Chuffart
93191,Juli
93196,Julia Aljaz
93197,Julia Barkley
93214,Julia Fischer
93215,Julia Fischer|Academy of St. Martin in the Fields|Andrey Rubtsov|Alexander Sitkovetsky
93216,Julia Fischer|Milana Chernyavska
93217,Julia Fordham
93224,Julia Holter
93226,Julia Jacklin
93233,Julia Lauren
93234,Julia Lee
93240,Julia McDonald
93243,Julia Michaels
93255,Julia Sheer
93256,Julia Sheer & Tyler Ward
93258,Julia Thornton
93263,Julia Zilberquit
93273,Julian Brand
93274,Julian Bream
93279,Julian Cannonball Adderley| Hank Jones| Nat Adderley
93280,Julian Casablancas
93281,Julian Casablancas+The Voidz
93285,Julian Cope
93302,Julian Jordan
93303,Julian Jordan| CHOCO
93306,Julian Lage
93311,Julian Lennon
93314,Julian Lloyd Webber| English Chamber Orchestra| Yan Pascal Tortelier
93317,Julian Maas / Christoph M. Kaiser
93319,Julian Maier-Hauff
93325,Julian Oliver
93326,Julian Perretta
93329,Julian Podger|Derek Lee Ragin|The Monteverdi Choir|English Baroque Soloists|Sara Mingardo|Rufus Muller|Ann Monoyios|John Eliot Gardiner|Katherine Fuge|Stephan Loges
93331,Julian Rachlin
93337,Julian Shore
93351,Julian Winding
93355,Julian le Play
93361,Juliana Mayra
93369,Julianna Barwick
93374,Julianne Hough
93380,Julias Moon
93381,Julie
93384,Julie Andrews
93389,Julie Bergan
93390,Julie Bergan / Astrid Smeplass
93400,Julie Crochetiere
93407,Julie Durden
93418,Julie London
93422,Julie Ludgate
93440,Julie Sue
93441,Julie Thompson
93442,Julie Thompson & MaRLo
93453,Julien
93454,Julien Alour Quintet
93456,Julien Baker
93461,Julien Clerc
93466,Julien Dore
93470,Julien Hucq| Solar Quartet
93471,Julien Jabre
93472,Julien Jabre & Mt Eden feat. Hayley Gene
93473,Julien Kelland
93474,Julien LOko
93491,Julienne Taylor
93494,Juliet
93496,Juliet Cruz
93501,Juliet Simms
93505,Julieta Venegas
93512,Juliette Gréco
93522,Julio Bashmore feat. Sam Dew
93525,Julio García & Raúl Robles
93526,Julio Iglesias
93528,Julio Iglesias Jr.
93548,Julius
93556,Julius Cowdrey
93566,Julius Papp
93586,July
93587,July Child
93594,Julz B
93605,Jump Smokers
93606,Jump Street
93630,Jump樂團
93631,Jun  林俊希
93632,Jun Bum Sun & The Yangbans
93634,Jun Curry
93638,Jun Hyo Seong
93639,Jun Hyung Yong
93645,Jun Polistico
93668,June Christy
93677,June Marieezy
93678,June Miller
93679,June Miller| El Maria| Ash| Ash| June Miller| El Maria
93682,June Seung Jin
93683,June Seung Jin| Jo Mi Young
93692,Junesex
93697,Jung Chae Yeon| Basick| SeungHee| Janey
93701,Jung Eui Jae
93703,Jung In
93704,Jung Joon Il
93705,Jung Joon Young
93706,Jung Key
93712,Jung Seung Hwan
93714,Jung Youth
93715,Jung Yu Yeon
93718,Junge Junge
93719,Junge Pioniere
93720,Junggigo
93721,Junggigo| DAWON| Im Se Jun
93722,Jungheum Band
93723,Jungle
93726,Jungle Brothers
93730,Jungle George
93733,Jungle Jungle
93739,Jungle Wonz
93744,Junguji Ren & Kiryuin Van
93745,Junguji ren（CV.Suwabe junichi） & Kiryuin van-（CV.Takahashi hidenori）
93746,Jungyup
93757,Junior Boys
93773,Junior Kelly
93780,Junior Mance
93783,Junior Murvin
93793,Junior Sanchez
93794,Junior Senior
93798,Junior Torrey
93801,Junior Vasquez
93808,Junip
93815,Junk Science
93821,Junkie XL
93829,Junky
93835,Junkyo
93841,Juno Sun
93843,Junolarc| Erick Morillo| DJ Eako| Miss McClore
93846,Junpei Oda (小田純平)
93850,Junweather
93852,Junyoung Oh
93855,Jupiter
93861,Jupiter Hits
93865,Jupiter Rising
93875,Jurassic 5
93880,Jurgen Vries
93883,Juris
93893,Jus Jack
93906,Juss Keem
93913,Just A Gent
93924,Just Dance 2009 - Top 40 Club House Electro Tracks
93926,Just Dance 2012 - Top 40 Club Electro & House Hits
93931,Just East of Jazz
93940,Just Ivy
93941,Just Jack
93946,Just Kiddin
93961,Just One More
93968,Just Seconds Apart
93973,Just Too Close To Love You
93979,Just a little taste of Mexican Music Vol. 3
93982,Just the way you are
93983,Just'n
93991,Justice & Kaos
93992,Justice Crew
93993,Justice Crew feat. Flo Rida
93996,Justice Skolnik
94009,Justin Beckler
94011,Justin Bieber
94012,Justin Bieber Karaoke Band
94015,Justin Bieber|Cody Simpson
94020,Justin Byrne
94021,Justin Carlisle
94026,Justin Cudmore
94032,Justin Garner
94033,Justin Great
94034,Justin Grey
94035,Justin Guarini
94045,Justin Hurwitz
94056,Justin Love
94060,Justin Martin
94070,Justin Moore
94077,Justin Nozuka
94078,Justin Oh
94079,Justin Oh feat. f(Amber+Luna)
94089,Justin Rizzo
94092,Justin Rutledge
94096,Justin Stone
94100,Justin Terry
94103,Justin Timberlake
94105,Justin Timberlake feat. J. Cole| A$AP Rocky & Pusha T
94106,Justin Timberlake featuring JAY Z
94107,Justin Townes Earle
94116,Justin White
94117,Justin Williams
94123,Justina
94132,Justine Skye
94139,Justs Sirmais
94141,Justus Frantz|Christoph Eschenbach
94153,Jutta Hipp with Zoot Sims
94159,Juvelen
94161,Juvenile
94163,Juvenile Characteristics
94164,Juveniles
94167,Juwei
94172,Juzzy Orange
94173,Juzzy Orange Presents GoodieK
94174,Juzzy Orange Presents Miss Water 汁橙音樂開水小姐
94186,Jyant
94188,Jynken min (じゃんけん民)
94199,JØD| MEID
94215,Jóhann Jóhannsson
94216,Jóhann Jóhannsson| Yuki Numata Resnick| Caleb Burhans| Ben Russell| Clarice Jensen
94217,Jónsi
94219,József Lendvay
94232,Jörg Metzger
94242,Jürgen Budday
94243,Jürgen Fastje
94250,K (K)
94251,K BEST ALBUM
94253,K Brians
94254,K Camp
94263,K Hand
94267,K Jun
94268,K Kim
94270,K Koke feat. Bridget Kelly
94278,K ONE
94288,K Theory
94292,K!NG
94297,K'Jon
94301,K'naan
94302,K'naan & 張學友& 張靚穎 (K'naan &Jacky Cheung&Jane Zhang)
94303,K'naan| Snow Tha Product| Riz MC| Residente
94309,K-391
94319,K-Ci & JoJo
94321,K-Def
94330,K-Hitz!
94335,K-Klass
94337,K-LAB
94343,K-Ly
94345,K-Maxx
94348,K-Much
94350,K-Musica Le Ngouosi la Ngoué
94356,K-Pop All-Stars
94358,K-Pop Candy
94360,K-Pop Express Featuring Seoul
94361,K-Pop Nation
94364,K-Pop Songsters
94365,K-Pop Super Stars
94367,K-Poppers
94393,K. D. Lang
94394,K. Fedeux
94395,K. Flower
94397,K. Gates
94404,K. Michelle
94405,K. Michelle featuring Missy Elliott
94418,K.A.L.I.L.
94430,K.Canon| GOE
94434,K.DECK
94436,K.Drews
94439,K.Flay
94440,K.Gaines
94458,K.M.D.
94459,K.Maro
94480,K.Safo & Alex Skrindo
94485,K.Will
94486,K.Will X BAEKHYUN
94489,K.will+JUNGGIGO+周永(Jooyoung)+Brother Su
94490,K.will| Mad Clown
94494,K2
94502,K3Tyvana
94505,K7
94509,KAASI
94515,KAE Hock| Flamez Earl Jonez| Blue Dream| DJ Tactics
94521,KAHI
94534,KALI
94538,KAMAU
94539,KAME&L.N.K (カメアンドリンク|カメリン)
94541,KAMIJO
94543,KAMIYADO (神宿)
94545,KAN
94547,KANA-BOON
94555,KANG Minhee & Canto 강민희 & 칸토
94556,KANG SEUNG YOON
94559,KANKICK
94560,KANO 電影原聲帶
94561,KANT
94564,KAORU
94567,KARA
94569,KARD
94570,KAREN HARDING
94571,KARI KIMMEL
94577,KASPER
94580,KATO (かと卯)
94581,KATO MILIYAH (加藤 ミリヤ)
94588,KATSUMI
94592,KAVIN HOO
94596,KAYTRANADA
94597,KAYZO
94599,KAZU (和)
94606,KB
94607,KB (Kevin Boy)
94611,KBS Traditional Music Orchestra
94614,KC
94616,KC & The Sunshine Band
94618,KC Anderson
94628,KCM
94631,KCentric
94637,KD Supier
94643,KDrew
94649,KEIKO
94650,KEIKO LEE
94652,KEITA
94654,KEMUI
94657,KEN (VIXX)
94659,KEN THE 390
94660,KEN(VIXX)+HANI(EXID)
94671,KENZ & Spencer Lloyd
94676,KEY
94677,KEY X DOYOUNG
94679,KEYTALK
94680,KG
94688,KHROTO
94689,KHUSHI
94690,KHarlles
94695,KIDS BOSSA
94697,KIDZ BOP Kids
94702,KILN
94704,KIM
94705,KIM Boa
94712,KIM Hyonseong
94713,KIM JAE JOONG
94714,KIM Jehun 김제훈
94716,KIM Kyujong & Eric NAM 김규종 & 에릭남
94717,KIM Minsu 김민수
94720,KIM Nanyoung 김난영
94721,KIM Nayoung|SHIN Jonguk & Tricky 김나영| 신종욱| 트리키
94723,KIM Siyoun 김시연
94728,KIMOE
94729,KIN DA SHER ROCK
94731,KING
94738,KINGDM
94742,KIRA
94743,KIRARA
94745,KIRIKA AKATSUKI／CV：Ai Kayano
94747,KISS
94749,KISS 西洋音樂線上
94751,KITARO (喜多郎)
94752,KITOTAN
94754,KIX
94763,KK
94767,KKBOX好聽 e週報
94770,KKO
94774,KLEZ
94776,KLOE
94782,KLYMVX
94786,KMD
94787,KMFDM
94793,KNIGHT
94795,KNK
94803,KOAN Sound
94806,KOBUKURO (コブクロ)
94809,KOH+
94811,KOHAK
94815,KOHH
94820,KOKIA
94834,KOTOKO
94839,KOWICHI
94847,KPH
94848,KPM
94853,KPM《WE》
94855,KPM《心靈音樂》
94857,KPM《沙發音樂》
94858,KPM《爵士音樂》
94859,KPM《童謠歌曲》
94860,KPM《電子舞曲》
94865,KRAUTROCK Masters Echoes
94870,KREVA
94873,KRIS KROSS
94877,KRNE
94878,KRNE| Portrait
94880,KRONO
94884,KRS-One
94892,KReeD
94897,KSHMR
94898,KSHMR and Dallas K
94899,KSHMR| DallasK
94900,KSI
94902,KSI| MNDM
94907,KSUKE
94908,KSUKE × AMBER from F(X)
94909,KStewart
94913,KT Tunstall
94914,KTDR1
94918,KTN & Datsik
94923,KUM JAN DI
94927,KURA feat. Sarah Mount
94932,KUSA (クサ)
94935,KUZi
94942,KWON C Nal 권C널
94953,KYUHYUN
94964,KaII
94973,Kaaliyah
94977,Kaaris
95002,Kacey Musgraves
95005,Kachina feat. Afua & Nikki Marie
95012,Kacy Hill
95021,Kadenza
95028,Kadie Elder
95029,Kadie Lynn
95036,Kadoc
95038,Kady Z
95041,Kae Sun
95062,Kagoule
95066,Kahara Tomomi (華原朋美)
95070,Kahvas Jute
95072,Kai
95084,Kai Tracid
95091,Kaidro
95107,Kaino
95112,Kairat Nurtas
95116,Kaiser Chiefs
95121,Kait Weston
95127,Kaitlyn Aurelia Smith & Suzanne Ciani
95144,Kajagoogoo
95165,Kaksio
95181,Kalafina
95200,Kaleem Taylor
95202,Kaleidoscope Remixed
95210,Kaleo
95225,Kali Uchis
95230,Kalibra
95237,Kalimba
95240,Kalin and Myles
95262,Kalomoira
95286,Kam Hayward
95290,KamaSutrance
95291,Kamahl
95293,Kamaiyah
95294,Kamakaze| Massappeals
95305,Kamasi Washington
95313,Kamea Phenicie
95322,Kamelot
95333,Kamikaze
95336,Kamil Reha Falay
95345,Kaminarimon Project (雷門Project)
95346,Kamini
95352,Kammerakademie Potsdam
95367,Kamufle
95381,Kana Nishino (西野カナ)
95383,Kana Tachibana (橘佳奈)
95384,Kana Uemura (植村花菜)
95387,Kanako
95388,Kanako Momono (桃乃　カナコ)
95390,Kaname Kawabata (川畑要)
95401,Kandace Springs
95402,Kandi
95407,Kandis
95411,Kane
95414,Kane Brown
95427,Kang Asol
95428,Kang Becks
95430,Kang Huh Dalrim
95432,Kang Jeon Han
95435,Kang Minkook
95438,Kang Si Hyeon(OMZM)
95439,Kang Sunghun
95449,Kangta (カンタ)
95450,Kangto Band
95452,Kani Karaca
95467,Kano
95473,Kanon Mizuno (水野花音)
95476,Kansas
95488,Kanto
95494,Kany García
95496,Kanye West
95497,Kanye West Presents Good Music Cruel Summer
95499,Kanye West| Gucci Mane| Big Sean| 2 Chainz| Travis Scott| Yo Gotti| Quavo| Desiigner
95500,Kanye West|Paul McCartney|Rihanna
95507,Kaoma
95510,Kaori Hayato (隼人加織)
95511,Kaori Kozai (香西かおり)
95512,Kaori Moｃhida (持田香織)
95514,Kaori Sawada (澤田かおり)
95516,Kaoru Amane (雨音薫)
95530,Kap G
95531,Kap Slap
95556,Kapuka
95558,Kar Play
95587,Karaoke #1
95588,Karaoke - Ameritz
95591,Karaoke 1
95592,Karaoke 365
95598,Karaoke All Hit Wonders
95599,Karaoke All Hits
95603,Karaoke Backtrax Library
95612,Karaoke Bros
95613,Karaoke Carpool
95614,Karaoke Charts
95619,Karaoke Diamonds
95633,Karaoke Hits Band
95638,Karaoke Instrumental Kings
95640,Karaoke Juice
95641,Karaoke K-Pop Bar
95645,Karaoke Masters
95647,Karaoke Megastarz
95649,Karaoke Nation
95651,Karaoke Party
95659,Karaoke Pro
95669,Karaoke World
95672,Karaoké Playback Français
95674,Karate Andi
95681,Karbon Kopy
95682,Kardinal Offishall
95708,Karen Aoki
95715,Karen Clark Sheard
95720,Karen Elson
95728,Karen Layne
95735,Karen O
95736,Karen O And The Kids
95747,Karen Souza
95751,Karen Trump
95757,KarenT
95766,Kari Faux
95769,Kari Jobe
95772,Kari Parker
95783,Karim Mika & Daniel Forster
95787,Karim Ouellet
95803,Karin Strom
95806,Karina Abdullina
95810,Karina Crystal
95815,Karina Pasian
95825,Karise Eden
95855,Karl Denver
95880,Karl Richter
95891,Karl Wolf
95899,Karla Davis
95937,Karmacosmic
95940,Karmaoui & Zineb| Warda
95945,Karmic Hits
95946,Karmin
95952,Karmina
95968,Karol Conka
95994,Karriem Riggins
95995,Karrin Allyson
96002,Kartell
96010,Karttunen| Anssi (Cello) and Hakkila| Tuija (Fortepiano)
96014,Karunesh
96019,Karymme
96023,Karyn White
96029,KasCie Page
96031,Kasabian
96035,Kasbo
96039,Kasey Chambers
96044,Kasger & Limitless
96050,Kashif
96052,Kashiwa Daisuke
96063,Kasia Lins
96068,Kasilova
96073,Kaskade
96075,Kaskade & Deadmau5
96078,Kaskade & Project 46
96082,Kaskade & Tiësto
96085,Kaskade feat. Haley
96088,Kaskade feat. Mindy Gledhill
96089,Kaskade feat. Neon Trees
96090,Kaskade feat. Skylar Grey
96094,Kaskade| CID
96095,Kaskade| Felix Cartal
96099,Kasket Club
96125,Kassie Depaiva
96128,Kassy
96131,Kastenholt & Dee
96137,Kastra| Buzzmeisters| Kastra| Buzzmeisters
96142,Kat Dahlia
96145,Kat DeLuna featuring Elephant Man
96146,Kat Deluna
96148,Kat Edmonson
96151,Kat Graham
96153,Kat Krazy feat. elkka
96161,Kat Taylor
96166,Kata
96179,Katapult various artists
96205,Kate Boy
96207,Kate Bush
96214,Kate DeAraugo
96216,Kate Earl
96220,Kate Havnevik
96225,Kate Kiss Girl's Dream
96231,Kate McGarry
96233,Kate Miller
96234,Kate Miller-Heidke
96237,Kate Nash
96252,Kate Tempest
96254,Kate Tsvetaeva Pop Violin
96256,Kate Voegele
96257,Kate Walsh
96260,Kate Winslet
96269,Katelyn Tarver
96274,Katerina Lioliou
96278,Katerine
96281,Katey Red
96284,Kath Bloom
96288,Katharina Maier
96291,Katharine McPhee
96297,Katherine Jenkins
96299,Katherine McPhee
96303,Kathi Suprata
96312,Kathleen Battle| Jessye Norman| Vangelis
96316,Kathleen Edwards
96335,Kathryn McCusker
96336,Kathryn Ostenberg
96341,Kathryn Stott
96343,Kathryn Williams
96355,Kathy Kosins
96359,Kathy McCarty
96375,Katia B
96379,Katia Keres
96386,Katica Illényi
96396,Katie Berry
96397,Katie Buchanan
96400,Katie Campbell
96401,Katie Cappuccio
96412,Katie Herzig
96418,Katie Malco
96420,Katie Melua
96430,Katie Sky
96442,Katlynn Simone
96444,Kato
96447,Kato Jimenez & Jake
96451,KatohMachaaki (加藤マチャアキ)
96470,Katrina & The Waves
96472,Katrina Parker
96475,Katrina Webster
96479,Katrine Madsen
96498,Katuchat
96501,Katy B
96504,Katy B| Chris Lorenzo
96505,Katy B| Four Tet| Floating Points
96506,Katy B| KAYTRANADA
96507,Katy B| Major Lazer| Craig David
96508,Katy Garbi
96513,Katy McAllister
96514,Katy Méndez| Francesco Zanda
96515,Katy Perry
96517,Katy Perry featuring Snoop Dogg
96522,Katy Tiz
96532,Kau Batalha| Regina Bittar| Reynaldo de Lucca
96534,Kauf
96540,Kav Verhouzer
96543,Kav Verhouzer| De Hofnar
96546,Kav Verhouzer| Palm Trees
96549,Kavana
96559,Kavinsky
96563,Kavita Nikam| Ramchandra Ghanekar
96571,Kawai Cockett
96580,Kaworu (かをる★)
96592,Kay Kats
96594,Kay Kyser
96597,Kay One
96600,Kay Starr
96603,KayLee Smiles
96611,Kaya Jones
96612,Kaya May
96614,Kaya Stewart
96621,Kaydee
96628,Kayeandre
96629,Kaygee Pitsong feat. Lisa Taylor
96637,Kayla Brianna
96673,Kayo Dot
96681,Kayosa| Tolland
96684,Kayser
96685,Kaysha
96705,Kazaky
96706,Kaze
96713,Kazi & Madlib
96721,Kazue Fujiki (藤木一恵)
96725,Kazuki Kato (加藤和樹)
96726,Kazuko Mifune (三船和子)
96727,Kazuma Jinnouchi
96728,Kazumasa Oda (小田和正)
96731,Kazumi Tateishi Trio 立石一海三重奏
96733,Kazumi Watanabe (渡辺香津美)
96738,Kazutoshi_Kaito (海東和敏)
96767,Ke$ha featuring Juicy J| Wiz Khalifa & Becky G
96768,Ke$ha featuring will.i.am
96774,KeKe Wyatt
96776,KeSera
96779,Keali'i Reichel
96780,Kealii Reichel
96781,Keane
96782,Keane| Afrojack
96788,Keaton Henson
96794,Keb' Mo'
96795,Keba
96798,Kebee
96806,Kedam
96811,KeeBomb| Joe Rhee| Basterd
96813,Keebomb
96818,Keef Baker
96826,Keekwyn & the Hackers
96827,Keel
96838,Keen'V
96844,Keenhouse
96846,Keenya Noel
96853,KeepDiggin
96862,Keff McCulloch
96867,Kehlani
96871,Kei (Lovelyz)| myunDo
96873,Kei (러블리즈)
96874,Kei Ikegami
96875,Kei Kobayashi (小林 桂)
96878,Kei Sugano (Keita Roimo)
96880,Kei.G
96886,Keiichi Okabe / MONACA (岡部啓一・MONACA)
96893,Keiko Utoku (宇徳敬子)
96900,Keim Bundlez
96902,Keino
96908,Keisha White
96910,Keishi Tanaka
96911,Keishi Tanaka feat. fox capture plan
96916,Keisuke Murakami (村上佳佑)
96929,Keith Anderson
96931,Keith Ape
96932,Keith Barrow
96934,Keith Brown
96936,Keith Carradine
96944,Keith Ferreira
96950,Keith Harling
96955,Keith James
96956,Keith Jarrett
96958,Keith Jarrett Trio
96972,Keith Murray
96978,Keith Richards
96979,Keith Richie
96981,Keith Robinson
96982,Keith Routledge
96988,Keith Sweat
96989,Keith Urban
96990,Keith Walker
96991,Keith Wallen
96992,Keith Washington
97005,Kej
97008,Kejam feat. Terry Harris
97011,Keke Palmer
97027,Kele
97030,Kelela
97037,Kelis
97039,Keljet
97044,Kellee Maize
97046,Kelleigh Bannen
97050,Keller High School Varsity Treble Choir
97052,Keller Quartett
97053,Keller Williams
97056,Kelley James
97059,Kelli Pyle
97064,Kellie Pickler
97069,Kelly Bowlin and the Orphans
97070,Kelly Clarkson
97076,Kelly Harland
97080,Kelly Hogan
97082,Kelly Joe Phelps
97086,Kelly Key
97093,Kelly Mack
97102,Kelly Price
97103,Kelly Richey
97104,Kelly Rowland
97105,Kelly Rowland featuring Travis McCoy of Gym Class Heroes
97107,Kelly Sweet
97110,Kelly Willis
97116,Kelly于文文
97120,Kelsang Chukie Tethong
97121,Kelsea Ballerini
97140,Kelvin Cummings
97142,Kelvin Jones
97147,Keléchi
97148,Kem
97151,Kemal Bor
97156,Kemal Sahir Gürel
97158,Kemar Flava McGregor| Diz
97163,Kemayah Rose
97175,Ken
97190,Ken Dickerman
97197,Ken Frawley
97203,Ken Ikeda + Chihei Hatakeyama (Ken Ikeda + Chihei Hatakeyama)
97210,Ken Laszlo
97212,Ken Lavigne
97215,Ken Loi & Michael Teixeira
97220,Ken Marshall
97238,Ken Rebel
97239,Ken Rebel feat. Keith Ape| Okasian| Ken Rebel| Okasian
97249,Ken Waters
97252,Ken Yokoyama
97267,Kendal Thompson
97270,Kendall K
97279,Kendji Girac
97285,Kendra Foster
97288,Kendra Morris
97290,Kendra Shank
97291,Kendra Shank & John Stowell
97292,Kendra Smith
97293,Kendre Streeter
97296,Kendrick
97297,Kendrick Lamar
97298,Kendrick Scott Oracle
97306,Kengorian Airplane (Kengorian Airplane)
97307,Keni Burke
97310,Kenichi Kamio (神尾憲一)
97311,Kenichi Suzumura (鈴村健一)
97316,Kenji Furuya (降谷建志)
97344,Kenneth Anderson
97351,Kenneth G
97357,Kenneth Kuo
97358,Kenneth Makuakane
97364,Kenneth Thomas & Har Megiddo featuring Michael Ketterer
97365,Kenneth Thomas featuring Drew Chambers
97368,Kenneth Woods
97372,Kenny 'Babyface' Edmonds
97375,Kenny B
97378,Kenny Baker & Josh Graves
97381,Kenny Ball & His Jazzmen
97384,Kenny Barron
97389,Kenny Barron Trio
97395,Kenny Black
97399,Kenny Burrell
97400,Kenny Burrell & Jimmy Raney
97401,Kenny Burrell & John Coltrane
97406,Kenny Chesney
97408,Kenny Clarke
97411,Kenny Clarke| Cannonball Adderley
97414,Kenny Crawford
97419,Kenny Dorham
97421,Kenny Drew
97428,Kenny G
97431,Kenny Garrett
97437,Kenny Holland
97444,Kenny Lattimore
97446,Kenny Loggins
97459,Kenny Rankin
97460,Kenny Ray
97461,Kenny Rogers
97466,Kenny Rogers| Lynn Anderson
97478,Kenny Vance and the Planotones
97481,Kenny Wayne Shepherd
97484,Kenny Werner
97493,Kenny Ye Ya Jin 叶亚金
97494,KennyFreestyle
97504,Kensei
97505,Kensei Ogata
97509,Kenshi Yonezu
97511,Kensho Ono (小野賢章)
97513,Kensington
97518,Kent
97526,Kent Jones
97527,Kent Moran
97535,Kenta Hayashi
97540,Kentaro Yanagita
97543,Kento Ohgiya & Harutoshi Ito (扇谷研人＆伊藤ハルトシ)
97555,Kent| 小贱| 星弟
97557,Keny Arkana
97565,Kenyo (健洋)
97585,Keon-Mo Kim
97596,Kera Kera (ケラケラ)
97606,Keren Ann
97610,Keri Hilson
97613,Keri Noble
97618,Kerli
97628,Kero Kero Bonito
97629,Kero One
97630,Kero Uno
97631,Keron Williams
97635,Kerredine Soltani
97637,Kerri Chandler
97640,Kerri Watt
97643,Kerrie Roberts
97652,Kerry Thomas
97661,Kerstin_f & Onkel Bo
97662,Kersttijd
97671,Kesha
97676,Kesha|Zedd
97699,Ketil Bjørnstad
97701,Ketsa
97703,Ketsumeishi (ケツメイシ)
97729,Kevin 'Chocolate Droppa' Hart
97738,Kevin Ahart
97742,Kevin Ayers
97750,Kevin Borg
97776,Kevin Drew
97781,Kevin Eubanks
97791,Kevin Gates
97792,Kevin Gates & Young Thug
97816,Kevin Kern
97826,Kevin Lien
97829,Kevin Lyttle
97832,Kevin MacLeod
97836,Kevin Mason
97847,Kevin Michael
97850,Kevin Morby
97852,Kevin Over
97865,Kevin Rudolf
97873,Kevin Spacey
97878,Kevin Tarte & Lumberjack Big Band
97889,Kevin Walker
97909,Kevon Edmonds
97920,Key Shine
97926,Keyakizaka46 (欅坂46)
97930,Keyco
97932,Keyes
97946,Keys N Krates
97950,Keyshawn Binean
97951,Keyshia Cole
97953,Keysholic
97955,Keystone Nature Sounds Piano Guys
97972,Kggen
97974,KhaN
97981,Khai
97986,Khak
97991,Khaled
97999,Khalid
98018,Khan
98038,Khatia Buniatishvili
98051,Khemmis
98053,Kheops
98055,Khia
98056,Khia | Snoop Doggy Dogg
98063,Khlyst
98069,Khonsu
98073,Khris Royal| Dark Matter
98094,Khưu Huy Vũ
98099,Ki Taeyoung
98102,KiHyun
98107,KiRaRe
98108,KiRiKo
98116,Kian Egan
98123,Kiana Levi
98127,Kiara Craft
98129,Kiasmos
98136,Kiboomu
98149,Kick a show (Kick a show)
98150,Kick-Ass: Music From The Motion Picture
98163,Kickstart the Sun
98165,Kid
98167,Kid 'N Play| Wreckx-N-Effect| Redhead Kingpin| Dana Dane| Showbiz & A.G.| Doug E. Fresh| Marley Marl| Audio Two| Special Ed| Three Times Dope| Big Daddy Kane| Positive K| Young MC| Chi-Ali| KRS-One| Big Daddy Kane| Redhead Kingpin| Kid 'N Play| Wreckx-N-
98173,Kid Astray
98178,Kid Bliss
98183,Kid Capri
98186,Kid Chaos
98190,Kid Chris| Mikey Mike
98194,Kid Cudi
98197,Kid Davis and the Bullets
98205,Kid Flow
98206,Kid Fonque & D-Malice
98209,Kid Frost
98215,Kid Hustle
98218,Kid Ink
98219,Kid Ink feat. Chris Brown
98221,Kid Ink feat. Chris Brown| French Montana| Yo Gotti| Tyga| & Lil Bibby
98223,Kid Ink feat. Elle Varner & MGK
98225,Kid Ink feat. Trey Songz| Juicy J| 2 Chainz & Chris Brown
98226,Kid Ink feat. Tyga
98227,Kid Ink feat. Usher & Tinashe
98230,Kid Ink| Tyga| Wale| YG| Rich Homie Quan
98234,Kid Kenobi
98235,Kid Koala
98238,Kid Loco
98250,Kid Ory
98252,Kid P (キッドP)
98257,Kid Rock
98258,Kid Runner
98263,Kid Sister
98302,Kidd Ambition
98305,Kidd Keo
98306,Kidd Kidd
98312,Kiddie Bopper Kids
98321,Kideko| George Kwali
98326,Kidnap Kid
98327,Kido Yoji
98328,Kidoh
98334,Kids Ballet Music
98335,Kids Biz
98340,Kids Choir
98342,Kids Christmas Music Players
98345,Kids Christmas Party Song DJ's
98348,Kids Christmas Songs
98350,Kids Classical
98364,Kids Friends Kids프랜즈
98368,Kids In Glass Houses
98369,Kids In The Hall Brain Candy
98381,Kids Now
98385,Kids Party DJs
98393,Kids Planet
98395,Kids Pop  Hitz
98397,Kids Praise Kids
98399,Kids R Us Party Songs
98408,Kids Song Dream
98410,Kids Songs
98416,Kids United
98419,Kids Xmas Singers
98432,Kidsongs
98433,Kidsounds
98434,Kidstime Party Band
98440,Kidz In The Hall
98445,Kidzone
98449,KieFBOXxX & B Dot Dub
98453,Kieloor Entartet
98458,Kieran Alleyne
98464,Kiesza
98469,Kigity K
98471,Kiha & The Faces
98472,Kiha Jang
98473,Kihyun & Haena
98474,Kiiara
98498,Kiki Rowe
98500,Kiki de Montparnasse
98512,Kiko Loureiro
98528,Kilema Randrianantoandro
98530,Kilian & Jo
98534,Kilimanjaro
98539,Kill Bill
98541,Kill Bill Vol. 1 Original Soundtrack
98542,Kill Bill Vol. 2 Original Soundtrack
98546,Kill FM feat. Helena J
98551,Kill J
98553,Kill Me| Heal Me
98554,Kill Paris
98557,Kill The Buzz
98558,Kill The Buzz featuring David Spekter
98560,Kill The Noise
98562,Kill The Noise| Dillon Francis
98595,KillaQueenz
98618,Killer Dance
98622,Killer Joe
98625,Killer Trance
98627,KillerBlood
98638,Killin Time Band
98650,Killswitch Engage
98652,Killwhitneydead
98659,Kilo Kish
98664,Kilt Han
98672,Kim Bo Kyung
98673,Kim Bo Ryung
98674,Kim Bo hyung (SPICA)
98677,Kim Bum Soo
98679,Kim Burrell| Pharell Williams
98682,Kim Carnes
98684,Kim Cesarion
98693,Kim Dalm
98694,Kim Dan| Lee Hana
98697,Kim Dong Hyun
98699,Kim Dong-Ryul (김동률)
98704,Kim English
98706,Kim Feel
98710,Kim Gordon
98712,Kim Greem
98713,Kim Gunmo
98714,Kim Hae-Sook| Yoon Ho-Se
98721,Kim Hyun Joong
98726,Kim Hyung Jun
98728,Kim Hyunwoo
98731,Kim Jang Hoon
98737,Kim Ji Soo
98738,Kim Ji Tae
98741,Kim Jinho
98742,Kim Jo Han
98745,Kim Jong Cheon
98746,Kim Jong Kook
98751,Kim Jung Hoon
98754,Kim Kahle
98760,Kim Kronman
98761,Kim Kyoung
98763,Kim Kyung Ho
98777,Kim Min Wool
98780,Kim Mitzo Thompson
98783,Kim Na Young
98787,Kim O'Connor
98788,Kim Oki
98802,Kim Sawol X Kim Haewon
98807,Kim Seulki
98809,Kim Shin
98812,Kim Sinh and Dom Turner
98816,Kim Sozzi
98819,Kim Tae Woo
98820,Kim Taebum (party street)
98821,Kim Taehyun
98825,Kim Viera
98826,Kim Viera feat. Kurt Schneider
98827,Kim Walker
98828,Kim Walker-Smith
98834,Kim Wilde
98837,Kim Woobin
98842,Kim Yeo-Reum
98843,Kim Yeon Ji
98845,Kim Yeon Woo
98846,Kim Yeon-June
98850,Kim Yoon
98857,Kimaguren (キマグレン)
98859,Kimangu
98861,Kimara Lovelace
98870,Kimberley Walsh
98872,Kimberly Anne
98875,Kimberly Caldwell
98887,Kimberly Scott
98892,Kimbra
98906,Kimiko Kasai
98915,Kimo
98924,Kimura Kaela (木村カエラ)
98925,Kimya Dawson
98928,Kin
98934,Kina Grannis
98936,Kina Grannis & Mario Jose
98967,Kindervater
98968,Kinder| paps'n'skar
98971,Kindness
98975,Kindred the Family Soul
98978,Kinestetika
98986,King
98991,King Arthur
99005,King Chader
99006,King Chain
99019,King Cream Soda (キング・クリームソーダ)
99020,King Creosote
99023,King Curtis
99032,King Deco
99039,King Drive
99057,King H Feat. SIK-K
99060,King Harvest
99084,King Kendall
99099,King Krule
99108,King Lil G
99111,King Los
99143,King Oliver (Featuring His Dixie Syncopaters)
99171,King Rich
99174,King Roc
99180,King Sesame
99188,King Sun
99203,King Tubbys
99204,King Tuff
99217,King of Asgard
99229,King's Ransom: Music Inspired By The Motion Picture
99232,King@C AllStar＆顏卓靈
99242,KingQueen
99266,Kingmaker
99273,Kings
99274,Kings Dead
99277,Kings Kaleidoscope
99278,Kings Of Convenience
99279,Kings Of Electric
99281,Kings Of Leon
99282,Kings Of Tomorrow
99286,Kings of  Regueton
99311,Kingston
99313,Kingston Riddim Krew
99314,Kingston Rudieska
99327,Kink Gong
99341,Kinofilm - Musik| Ghostbusters Theme Song
99369,Kiprich
99386,Kirari
99387,Kiratinant Sodprasert
99399,Kiri Tse
99410,Kirinji (キリンジ)
99414,Kiritani Kenta (桐谷健太)
99415,Kirk Baxley
99418,Kirk Franklin
99423,Kirk Whalum
99429,Kirkmount
99433,Kiroro
99442,Kirsten Collins & Mario Jose
99443,Kirsten Flagstad
99448,Kirsten Haglund
99452,Kirsten Siggaard
99453,Kirsten-Claire
99457,Kirsty Hawkshaw
99471,Kishi Bashi
99472,Kishidan (氣志團)
99484,Kiso| Rossy
99485,Kiss
99486,Kiss Destination (キスディスティネーション)
99496,Kiss Me: Songs of Love & Romance
99505,Kiss ’N Ride
99511,Kissin' Black| Giuseppe Mastrogiacomo & André Dormann
99512,Kissin' Dynamite
99526,Kisum
99527,Kisum & Im Seul ong
99528,Kisum| LilCham| Jace| Bora| Adoonga
99540,Kita Alexander
99546,Kitchens Of Distinction
99550,Kites
99557,Kito & Reija Lee
99564,Kitsune Parisien
99567,Kitsuné Maison Compilation
99575,KittiB
99576,KittiB| JACE
99579,Kitty And Puppy's Fancy Christmas Party
99595,Kitty Solaris
99597,Kitty Wells
99599,Kitty Wells| Billie Jo Spears| Juice Newton| Holly Dunn| Jeanne Pruett| Lacy J. Dalton| Sandy Posey| Patsy Cline| Dolly Parton| Anne Murray| Lynn Anderson| Maria Muldaur
99610,Kiwi
99619,Kiyoi & Eky
99624,Kiyoshi Igarashi (五十嵐喜芳)
99626,Kiyoshi Maekawa (前川 清)
99629,Kiz
99634,Kizoneaudio1
99635,Kizoo
99637,Kizzy Crawford
99648,Klaas
99656,Klangbezirk
99658,Klangkarussell
99661,Klangkuenstler| Shemian
99674,Klaps
99678,Klartraum
99700,Klaus Badelt
99708,Klaus Doldinger's Passport
99718,Klaus Leopold
99723,Klaus Schulze
99724,Klaus Schulze| Lisa Gerrard
99727,Klaus Tennstedt
99728,Klaus Tennstedt/London Philharmonic Orchestra
99730,Klaus Thunemann
99745,Klave
99752,Klaxons
99754,Klaypex
99755,Klazz Brothers
99756,Klazz Brothers & Cuba Percussion
99757,Klazz Brothers & Edson Cordeiro
99759,Klazzbrothers & Cubapercussion
99762,Kled Mone
99764,Klee Torrez
99769,Kleerup
99785,Klezmer Juice
99791,Klima
99796,Klingande
99803,Klo
99806,Kloe Mark
99816,Klones Of Nu Metal
99838,Klute
99839,Klyde Drexler
99841,Klymaxx
99862,Kneebody & Daedelus
99866,Knife Party
99867,Knife Party & Tom Morello
99868,Knife Party| Tom Morello
99873,Knight Rider Ringtone theme
99882,Kno
99894,Knockout Brass
99895,Knockout One
99914,Knoxa
99917,Knuckle Oggi
99918,Knuckle Puck
99931,Knxwledge
99937,KoKo| Emeryld
99938,KoOk
99951,Kobasolo (Kobasolo)
99961,Kobojsarna
99967,Kobushi Factory (こぶしファクトリー)
99969,Kocani FUNKolektiv
99980,Koda Kumi (倖田來未)
99982,Kodai Sato (佐藤 広大)
99983,Kodak Black
99987,Kodaline
100007,Koen Janssen
100016,Koffee Brown
100017,Koffi Olomide
100022,Kognitif
100024,Koguryo Band 고구려밴드
100036,Kohsuke Miura (三浦コースケ)
100043,Koichi Ymadera & Nana Mizuki
100052,Koji Tamaki (玉置浩二)
100057,Kokane
100074,Kolade Olamide
100084,Koliano
100091,Kollektiv Barner 16
100101,Kolor
100103,Koloto
100110,Koma Dengê Bira
100139,Kompact
100142,Komputer
100144,Kon Kan
100146,Kona
100147,Kona K Blend
100152,Koncept & J57
100166,Kongos
100175,Koni feat. Shaun Reynolds & Emma Heesters
100177,Koninklijk Concertgebouworkest
100183,Konrad Hünteler| Helga Storck| Orchestra Of The 18th Century| Frans Brüggen
100184,Konrad Junghänel
100187,Konshens
100192,Konstantin
100204,Konstantin Wolff|Sophie Karthäuser|René Jacobs|Bejun Mehta|Kristina Hammarström|Sunhae Im|B’Rock Baroque Orchestra
100218,Kontinuum| Savoi
100220,Kontra K
100235,Konzentration Musik Welt
100240,Koo Koo Kanga Roo
100246,Kool & The Gang
100248,Kool G Rap
100249,Kool G Rap & DJ Polo
100250,Kool G Rap and DJ Polo
100253,Kool John| P-Lo
100254,Kool Keith
100264,Kooliano Chefos
100265,Koop
100268,Koorproject Rotterdam| Maarten Michielsen| Albert de Klerk
100277,Koppi Mizrahi
100287,Korallreven
100295,Korean Pop Express
100296,Korean Poptastic
100299,Koree' Rudolph
100309,Korillz
100314,Korla Pandit / Juan Rolando
100318,Korn
100327,Korr-A
100331,Korte
100342,Kosheen
100358,Kostas Kakoyannis
100370,Kostet
100385,Kotaro Oshio (押尾コータロー)
100394,Kotobuki Reiji (寿 嶺二)
100398,Kottonmouth Kings
100401,Kou Shibasaki (柴咲コウ)
100402,Kou Takemoto (竹本　耕)
100413,Kousuke Atari (中孝介)
100414,Kousuke Atari + Chitose Hajime (お中元)
100418,Koven
100428,Koyote
100430,Kozah
100442,Kr
100443,Kr Mack
100446,Kraak & Smaak
100450,Kraantje Pappie
100460,Kraftwerk
100461,Krafty Kuts
100463,Krafty Kuts feat. Dynamite MC
100464,Krahnstøver
100476,Krale
100478,Krallice
100502,Krayzie Bone
100503,Krazed Platinum
100514,Kre & Basshoven
100516,Kream
100517,Kreation Kidz
100519,Kreativgang
100520,Kreator
100523,Kreayshawn
100527,Kreesha Turner
100537,Kreox
100538,Krept & Konan
100539,Krept and Konan
100540,Krept| Konan
100542,Krestitel
100545,Krewella
100546,Krewella| Diskord
100548,Kri Samadhi
100565,Kris Allen
100566,Kris Allen featuring Pat Monahan
100570,Kris Bowers
100585,Kris Kasanova
100591,Kris Kristofferson
100592,Kris Kristofferson| Gillian Welch & David Rawlings
100593,Kris Kross Amsterdam & Conor Maynard
100609,Kris Von
100613,Kris.K
100620,Krishna Das
100621,Krishna Kaur
100626,Krisma
100630,Kriss Kross
100633,Krissy & Ericka
100642,Krista Siegfrids
100644,Kristal
100659,Kristen Kelly
100678,Kristian Bush
100687,Kristian Stanfill
100699,Kristin Chenoweth
100701,Kristin Hersh
100703,Kristin Kontrol
100706,Kristin Luna Ray
100712,Kristina
100719,Kristina Korvin
100721,Kristina Maria
100725,Kristina Train
100727,Kristine Elezaj
100728,Kristine Mirelle
100729,Kristine W
100731,Kristinia DeBarge
100732,Kristjan Järvi
100740,Kristoffer Fogelmark
100743,Kristopher Carter| Lolita Ritmanis| Michael McCuistion
100762,Krizz Kaliko
100766,Krne| Jupe
100774,Krokus
100780,Kromestar
100784,Kroner
100787,Kronic| Far East Movement & Savage
100788,Kronic| Krunk!
100789,Kronno Zomber
100790,Kronno Zomber| TheFatRat
100808,Kroy
100812,Krtucho
100814,Krucial
100816,Kruder & Dorfmeister
100837,Kruush
100840,Kryder & Still Young ft. Duane Harden
100841,Kryder & The Wulf
100844,Kryoman| Pairanoid
100846,Krypteria
100849,Kryptonicadjs
100854,Krys Talk
100855,Krys Talk & Cole Sipe
100862,Krystal Meyers
100870,Krystian Zimerman
100872,Krystl
100887,Krzysztof Urbanski
100897,Ksenija Sidorova| Michael Abramovich| Reentko Dirks| Itamar Doari| Nuevo Mundo
100898,Ksenija Sidorova| Michael Abramovich| Reentko Dirks| Itamar Doari| Nuevo Mundo| Borusan Istanbul Philharmonic Orchestra| Sascha Goetzel
100906,Kstylis
100913,Ku De Ta| Degrees Of Motion
100914,Ku'uipo Kumukahi
100920,Kuana Torres Kahele|James Ford Murphy|Napua Greig
100923,Kuba Oms
100937,Kuchibashi P (くちばしP)
100939,Kudai
100963,Kula Shaker
100967,Kulcha
100972,Kuljit Bhamra feat. Alex Wilson| Sangeeta and Shahid Khan
100978,Kultur
100988,Kumamushi (クマムシ)
101000,Kumi Koda×misono (倖田來未×misono)
101014,Kundalini Yoga Music & Om Yoga Chant New Age & Yoga Workout Music in Mind
101015,Kundalini: Yoga| Meditation| Relaxation
101019,Kundalini: Yoga| Meditation| Relaxation|Meditation Music Masters|Relaxation
101021,Kundalini: Yoga| Relaxation and Meditation
101027,Kung Fu Burners
101029,Kung Fu Panda OST
101034,Kungpow Chickens
101035,Kungs
101036,Kungs| Cookin' On 3 Burners
101037,Kuniaki Haishima (配島邦明)
101055,Kura
101063,Kuro
101065,Kuroneko
101069,Kurosaki Ranmaru (黒崎蘭丸)
101072,Kuroyume (黒夢)
101073,Kurpfalz Chamber Orchestra Ludwigshafen-Mannheim| Klaus-Peter Hahn & Willy Freivogel
101088,Kurt Cobain
101091,Kurt Darren
101098,Kurt Elling
101101,Kurt Hugo Schneider
101102,Kurt Hugo Schneider & Vidya Vox
101103,Kurt Hugo Schneider feat. Citizen Four
101104,Kurt Hugo Schneider feat. VINCINT
101111,Kurt Masur
101112,Kurt Masur & Gewandhausorchester Leipzig
101117,Kurt Nilsen
101121,Kurt Rosenwinkel
101127,Kurt Schneider
101128,Kurt Schneider & Aimée Proal & Lindsey Stirling
101130,Kurt Schneider & Shirley Setia
101131,Kurt Schneider feat. Jake Bruene
101132,Kurt Schneider feat. Laurie Auth
101134,Kurt Schneider| Eppic & Alex Goot
101135,Kurt Schneider| Sam Tsui| Alex G & Alyson Stoner
101137,Kurt Vile
101141,Kurtis Blow
101146,Kurupt
101147,Kurusu syo & Yamato Hyuga
101148,Kurusu syo（CV.Hiro Shimono） & Yamato Hyuga-（CV.Ryouhey Kimura） (来栖 翔（CV.下野 紘）＆日向大和（CV.木村良平）)
101153,Kush Haze
101161,Kusta
101171,Kutless
101195,Kvelertak
101198,Kvinx 升廣
101203,Kwabs
101206,Kwak Yoonchan
101211,Kwame
101219,Kwanza Jones
101222,Kwasi
101230,Kweku Collins
101242,Kwon Jin Ah
101243,Kwon Jinwon
101244,Kwon Tree
101254,Kyan
101255,Kyan Palmer
101256,Kyary Pamyu Pamyu (きゃりーぱみゅぱみゅ)
101261,Kye Bum Zu
101266,Kygo
101267,Kygo & Kyla La Grange
101270,Kygo feat. Conrad
101271,Kygo feat. Parson James
101272,Kygo| Labrinth
101273,Kygo| a
101277,Kyla
101278,Kyla Fletcher
101280,Kyla La Grange
101284,Kyle
101286,Kyle & Devin
101292,Kyle Cease
101293,Kyle Coglitore
101295,Kyle Coy
101302,Kyle Dixon| Michael Stein
101305,Kyle Eastwood and Michael Stevens
101306,Kyle Echarri
101309,Kyle Edwards| DJ Smallz 732
101312,Kyle Ferrill  and Roger McVey
101326,Kyle Knapp
101361,Kylie Gore
101363,Kylie Minogue
101365,Kylie Minogue Featuring Jolin Tsai
101368,Kylrad & Giova
101384,Kyngnova
101386,Kynt
101387,Kyo
101400,Kyosuke Himuro (氷室京介)
101401,Kyoto Electric Ensemble
101402,Kyoto Harp Ensemble
101403,Kyoto Music Box Ensemble
101404,Kyoto Piano Ensemble
101416,Kyril Kondrashin
101424,Kyte
101426,Kyu Sakamoto (坂本 九)
101431,KyunWoo
101433,Kyung Wha Chung
101436,Kyung Wha Chung|The Melos Ensemble Of London|Osian Ellis|Radu Lupu
101448,Këngë labe
101457,Kölsch
101471,K情歌
101482,L E W
101509,L'Arc～en～Ciel
101517,L'Empire Du Sang
101525,L'Fudge
101533,L'Orange
101536,L'Orchestra Cinematique
101540,L'Orchestra Cinematique| Hollywood Studio Orchestra
101543,L'Orchestra Cinematique| Made Metal
101546,L'Orchestra Cinematique| Sacre
101549,L'Orchestra Cinematique| Vienna Philharmonic Orchestra
101560,L'Orchestre De L'Association Des Concerts Colonne
101599,L'âme Immortelle
101611,L-Like
101625,L. Young
101633,L.A. Guns
101641,L.A. Session Singers
101642,L.A. Work
101643,L.A.4 compilation
101648,L.A.R.5
101653,L.A.U
101659,L.B.C.喇叭嘴愛裝熟
101663,L.C. Cooke
101670,L.E.J
101680,L.M.F.
101682,L.O.C.
101688,L.O.S.D.
101704,L.T.D.
101705,L.U.C.
101712,L2M
101724,LA Nightcore
101727,LA Riots
101729,LA Rocksteady
101735,LA Stylez
101740,LABOUM
101742,LADIES' CODE
101743,LADY ANEESSA
101745,LADYBABY (LADYBABY)
101747,LADYZ
101751,LAKEY INSPIRED
101752,LAKSHMI
101754,LAMP IN TERREN
101757,LANDER
101758,LANDy
101763,LANY
101768,LAST ALLIANCE
101771,LAST FRIDAY NIGHT.
101775,LATIN AMERICA  PARAGUAY: GUARANI SONGS & DANCES
101776,LATIN AMERICA Mexico: The Real Mexico in Music and Song
101784,LAXX
101791,LAZYgunsBRISKY
101799,LCAW
101801,LCD Soundsystem
101818,LE1F
101824,LEE HI
101832,LEINA (池端玲名)
101836,LEO
101839,LEO37
101843,LEOX(레오 [여우들])
101845,LES AND LARRY ELGART
101846,LES BROWN
101847,LES ELGART
101849,LEVIANTH
101860,LFO
101867,LGJP Leo Giannetto's Jazz Project
101878,LIAM
101888,LIL B
101892,LIL UZI VERT
101894,LILI LIMIT
101905,LINK
101909,LION BABE
101912,LISA
101913,LISA MAY
101918,LITE
101929,LJ Ayrten
101931,LJ Echols
101935,LKM
101936,LL Cool J
101939,LLama
101941,LM.C
101947,LMFAO
101948,LMFAO Karaoke Band
101949,LMFAO feat Lauren Bennett & Goon Rock Karaoke Band
101952,LMNO & Kev Brown
101969,LNZNDRF
101972,LOBEN
101973,LOCASH
101976,LOCKSLEY
101977,LOCO
101979,LODIA
101982,LOKA
101984,LOLLIPOP @F 棒棒堂
101992,LONG:D
101994,LOOKINGFOR
102001,LOSERS
102006,LOTUS POSITION
102008,LOUDPVCK & GLADIATOR feat. Nipsey Hussle
102010,LOUDPVCK| NGHTMRE
102011,LOUISAHHH!!!
102013,LOVE BOSSA
102019,LOVE PSYCHEDELICO
102021,LOVE SONGS of FRANCE
102025,LOVERIN TAMBURIN
102034,LP
102036,LPG
102052,LSG合唱團
102062,LTB
102066,LTN vs Boxer & Forbes
102076,LUDONPH YONGJUNKO
102077,LUGNASAD
102078,LUH
102080,LUKE STYLES
102083,LUNA
102085,LUNA CHATNOIR (LUNA CHATNOIR)
102086,LUNA SEA
102087,LUNAFLY
102091,LUNKHEAD
102092,LUPA
102097,LUV AND RESPONSE
102098,LUV LA ROSSO
102104,LVTHER
102109,LYDBOXX
102111,LYRA
102114,LYn
102119,La 5A Estacion
102129,La Bamba DJ's
102130,La Bambilandia
102134,La Banda De Los 80's
102136,La Banda Del Caribe
102139,La Banda Del Pop Español
102142,La Banda Group 5
102157,La Bande A Renaud
102171,La Bible en version audio
102182,La Bouche
102183,La Bouche feat. Melanie Thornton
102189,La Cage Aux Folles
102219,La Compagnia del Madrigale
102220,La Compagnie Creole
102223,La Cooperativa
102262,La Fleur (ラ・フルール)
102263,La Fossa
102264,La Fouine
102265,La Fraicheur| Leonard de Leonard
102268,La Fuente
102282,La Gran Movida
102283,La Gran Orquesta Americana
102312,La La La
102323,La Luz
102327,La Magnifica Comunita & Enrico Casazza
102342,La Minaccia
102347,La Mort De Darius
102375,La Nuit The Finest Of Chill House Lounge by DJ Jondal
102380,La Oreja de Van Gogh
102387,La Paquera De Jerez
102395,La Petite Bande
102397,La Phaze
102424,La Reine M'Ploussoue
102434,La Roux
102452,La Sera
102503,La Zhorta
102514,La generación de los 90
102518,La légende du Roi Arthur
102531,La'Porsha Renae
102537,La+ch feat. Coleman Hell & Jayme
102546,LaFee
102549,LaLa Band
102552,LaPin
102558,LaSelva
102571,LaVern Baker
102573,LaVoris
102575,Laakso
102576,Laam
102583,Laban
102584,Labanoon
102588,Labi Siffre
102594,Labradford
102595,Labrador 100-A Complete History Of Popular Music
102598,Labrinth
102599,Labrinth feat. Emeli Sande
102613,Lacee
102619,Laces
102631,Lack of Afro
102638,Lacrimas Profundere
102640,Lacrosse
102642,Lacuna Coil
102649,Ladder 49
102666,Ladislav Kerndl
102674,Lady & Bird
102676,Lady And The Tramp Original Soundtrack
102679,Lady Antebellum
102686,Lady Bee
102690,Lady Bunny
102693,Lady Castle OST
102697,Lady Daisey
102702,Lady G
102703,Lady Gaga
102704,Lady Gaga Tribute Orchestra
102709,Lady Godiva
102711,Lady In Jazz
102712,Lady Jam Jam| Danny Jr Crash| Louis
102721,Lady Leshurr
102739,Lady Saw
102741,Lady Sovereign
102756,Ladybees 蜜蜂少女隊
102757,Ladybird
102761,Ladyhawke
102763,Ladysmith Black Mambazo
102764,Ladytron
102781,Laganja Estranja
102783,Lage Lund
102791,Lagwagon
102795,Laibach
102800,Laidback Luke
102802,Laidback Luke & D.O.D
102806,Laidback Luke & Project 46
102809,Laidback Luke & Steve Aoki feat. Lil Jon
102818,Laika
102829,Laine Kowalski
102852,Lake Society
102862,Lakeside
102872,Lakhbir Singh Lakha| Panna Lakha Gill
102892,Lalah Hathaway
102896,Lalala
102898,Lalann
102900,Laleh
102902,Lalgudi G. Jayaraman| G. Srimathi
102904,Lali Puna
102913,Lalo Schifrin
102926,Lamanya
102936,Lamb
102937,Lamb of God
102939,Lambchop
102942,Lambert Hendricks & Ross
102943,Lamberto Gardelli/Royal Philharmonic Orchestra/Ambrosian Opera Chorus/Soloists
102954,Lambsey
102962,LamiGirls
102975,Lamya
102977,Lan Ge
102979,Lan Minh
102981,Lana
102984,Lana Del Rey
102995,Lance Bass
102999,Lance DeSardi
103007,Lance James Band
103016,Lancelot
103017,Lancelot feat. Ngaiire
103031,Landa Freak
103049,Landon
103050,Landon Austin
103052,Landon Austin| Jess Agee
103058,Landon Pigg
103061,Landon Thomas
103070,Lane 8
103071,Lane 8 feat. Bipolar Sunshine
103079,Lang Lang
103081,Lang Lang|Orchestra of the Mariinsky Theatre|Valery Gergiev
103083,Lange
103084,Lange presents LNG
103086,Langhorne Slim
103092,Lani Hall
103099,Lanka
103116,Lao Lang
103117,Lao Ra
103122,Lapalux
103128,Lapis Thai
103129,Lapiz Conciente
103133,Lapset siina hyorii
103139,Lara & Reyes
103142,Lara Fabian
103143,Lara Gear
103163,Larcy
103170,Large Professor
103197,Laroo Tha Hard Hitta
103213,Larry Carlton
103218,Larry Chance| Steve Michaels
103221,Larry Coryell
103223,Larry Coryell | Alphonse Mouzon| Wolfgang Schmid| Roykey Wydh
103224,Larry Coryell/Alphonse Mouzon
103228,Larry Dalton
103240,Larry Graham Graham Central Station
103246,Larry Heard
103256,Larry Levan
103264,Larry Pierce
103276,Larry Steelman Orchestra
103289,Larry Young
103304,Lars Huismann
103306,Lars Kilevold
103320,Lars Vogt
103334,Lartiste
103338,Larvae
103353,Las Estrellas del Ayer
103360,Las Ketchup
103372,Las Plagas
103417,Lasse Lindh
103432,Last Chrismas
103433,Last Christmas
103435,Last Christmas Songs
103436,Last Christmas Stars
103438,Last Christmas Stars & Ultimate Christmas Songs & Christmas Favourites
103439,Last Christmas Stars| Merry Christmas Niños| The Christmas Collection
103449,Last Dinosaurs
103453,Last Good Tooth
103459,Last Lover
103460,Last Lungs
103461,Last Lynx
103468,Last Note.
103480,Last Waltz
103490,Laszlo
103502,Late Afternoon Jazz
103506,Late Night : Jazz
103507,Late Night Alumni
103513,Late Night Lounge
103526,Latee
103540,Latifa Tee
103543,Latimore
103549,Latin Dance Party
103554,Latin Grammy Award Collection
103560,Latin Jazz Lounge
103561,Latin Jazz Relaxing Music Quartet
103565,Latin Love Songs
103569,Latin Lullaby
103581,Latin Passion| Flamenco Guitar Masters| Guitare Flamenco
103596,Latin guitar
103598,Latin's Love Summer Festival
103617,Latitudes
103649,Launch Party
103651,Launge
103657,Laura Bell Bundy
103661,Laura Bottino
103663,Laura Branigan
103664,Laura Brehm
103669,Laura Cantrell
103681,Laura Doggett
103686,Laura Fygi
103691,Laura Hackett Park
103695,Laura Izibor
103699,Laura Jansen
103712,Laura Marano
103713,Laura Marano|Ross Lynch
103714,Laura Marling
103717,Laura Michelle
103720,Laura Mvula
103723,Laura Nyro
103730,Laura Overstreet
103733,Laura Pausini
103750,Laura Story
103751,Laura Sullivan
103755,Laura Vane & The Vipertones
103757,Laura Veirs
103765,Laura Welsh
103767,Laura Woodley Osman
103768,Laura Wright
103784,Laurel Collective
103785,Laurel Gonzalo
103786,Laurel Halo
103788,Laurel Music
103791,Laurel Zucker and Marc Shapiro
103793,Laurell
103795,Lauren Alaina
103796,Lauren Alexander
103798,Lauren Aquilina
103803,Lauren Daigle
103819,Lauren Marie Presley
103834,Lauren Wood
103836,Laurence Brisset| Ensemble De Caelis
103838,Laurence Cummings
103840,Laurence Fox
103855,Laurent Eyquem
103862,Laurent Korcia
103880,Lauriana Mae
103886,Laurie Levine
103893,Laurindo Almeida & The Bossa Nova All Stars
103906,Lauryn Hill
103916,Lauv
103917,Lava
103920,Lava Larry
103927,Lavejazz
103930,Lavender Diamond
103931,Lavender Leprechaun
103935,Lavinia
103936,Lavinia Meijer
103945,Lavon
103956,Lawless
103963,Lawrence Arabia
103988,Lawson
103989,Lawson Hull
104004,LaySha Millz
104009,Layce
104012,Layla
104013,Layla Hendryx
104015,Layla Mackey
104024,Layo & Bushwacka
104034,Laza Morgan
104051,Lazy Afternoon Time
104057,Lazy Lady
104062,Lazy Rich
104063,Lazy Rich & Hot Mouth
104066,Lazy Song
104069,Lazybone
104072,Lazyboy Empire
104089,Le Bal Des Enragés
104135,Le Hot Club De Ma Rue
104136,Le Jardin Secret
104140,Le Klub Des 7
104142,Le Lien
104143,Le Loup
104147,Le Malls
104151,Le Meilleur De L'opera
104153,Le Merymos
104169,Le Petit Orchestre de Café Paris
104178,Le Quatuor De Trombones De Paris (Michel Becquet| Jacques Fourquet| Alain Manfrin| Gilles Millière)
104183,Le Renard Et L'Enfant
104185,Le Roi Soleil
104200,Le Tompe
104212,Le Vinyl| Melohman| Javi Bora
104215,Le Youth
104216,Le Youth feat. Dominique Young Unique
104217,Le Youth feat. Javeon
104220,Le festival au désert (Festival at the Desert of Mali)
104237,Le'ron
104238,LeAnn Rimes
104239,LeAnn Rimes & Ronan Keating
104243,LeL
104245,LeMarquis
104246,LeMat
104249,LeRoux
104254,LeToya
104258,Le_Merymos
104263,Lea Luna
104265,Lea Maria
104267,Lea Michele
104268,Lea Porcelain
104270,Lea Salonga
104276,Lead
104278,Leadbelly
104288,Leaf (NL)
104292,League of Legends
104294,Leagues
104299,Leah Dizon
104302,Leah LaBelle
104303,Leah McFall
104308,Leah Shaw
104309,Leah Stone
104311,Leah Turner
104318,Lean On
104319,Lean On Me - Original Soundtrack
104322,Leander
104324,Leander Rising
104326,Leandro Barsotti
104337,Leanne & Naara
104340,Leanne Mitchell
104350,Learn With Me
104369,Leaves' Eyes
104387,Lecrae
104396,Led Zepagain
104397,Led Zeppelin
104398,Leddra Chapman
104402,Ledinsky
104403,Ledisi
104412,Lee Ann Womack
104420,Lee Boram
104431,Lee Carr
104435,Lee Chiwoo
104440,Lee Coombs
104443,Lee DeWyze
104447,Lee Dong Gun
104448,Lee Dong June
104451,Lee Dong Woo
104452,Lee Dong Woo X Orphée Noah
104454,Lee Dorsey
104457,Lee Ellis
104458,Lee England Jr
104461,Lee Eunmi
104464,Lee Fields & The Expressions
104470,Lee Greenwood
104472,Lee Greenwood| Tanya Tucker
104475,Lee Hae In| Baek Seung Heon
104477,Lee Han Chul
104486,Lee Hong Gi (FTISLAND)
104489,Lee Hwon
104490,Lee Hye In
104492,Lee Hyun
104501,Lee Ji An 이지안
104503,Lee Ji Soo
104505,Lee Ji Su 이지수
104508,Lee Jin Ah
104511,Lee Jong Hyun
104512,Lee Jong Hyun(CNBLUE) & JUNIEL (이종현(씨엔블루)&주니엘)
104514,Lee Joon Gi
104516,Lee Juck
104520,Lee Jung Pyo
104521,Lee Jung Shin & Oh Joon Sung
104523,Lee Kernaghan
104524,Lee Ki Chan
104526,Lee Konitz
104531,Lee Konitz and Jimmy Giuffre Featuring Bill Evans
104534,Lee Lessack
104536,Lee Majors
104542,Lee Matthews
104550,Lee Michelle
104553,Lee Min Ho
104558,Lee Min Yong & D-$ feat. Kang Ju Eun
104559,Lee Mirabai Harrington
104560,Lee Moon-se
104562,Lee Morgan
104572,Lee Perry
104576,Lee Ranaldo
104577,Lee Ritenour
104579,Lee Ritenour's 6 String Theory
104580,Lee Rocker
104583,Lee Ryan
104589,Lee Sejoon
104591,Lee Seong Hyun
104594,Lee Seung Chul
104595,Lee Seung Gi
104601,Lee So-Eun
104603,Lee Soo Young
104606,Lee Su Yeong(이수영)
104608,Lee Sun Hee
104611,Lee Sunhee
104617,Lee Walker
104622,Lee Yeo Jin
104626,Lee Young Hoon
104634,LeeNAMO (LeeNAMO)
104635,LeeSSang
104641,Leehahn| Vanjess
104642,Leela James
104644,Leeland
104647,Leen Verstraete
104650,Leenata
104663,Lefa
104668,Left Behind
104672,Left Side Brain
104677,Leftfield
104681,Leftover Cuties
104687,Lefty Frizzell
104692,Legaci
104693,Legacy
104704,Legend Of My Lovesongs
104705,Legend Of TV & Movie
104709,Legendary Boy
104725,Legión de Bastardos
104730,Legowelt
104732,Legs Diamond
104736,Lehley Hood
104743,Leif Erikson
104744,Leif Garrett
104745,Leif Jordansson
104747,Leif Ove Andsnes
104751,Leif Ove Andsnes/Ian Bostridge
104762,Leigh Nash
104765,Leighton Meester
104770,Leikeli47
104771,Leikeli47 feat. Biker Boy Pug
104772,Leila
104777,Leila Josefowicz
104782,Leila Pinheiro
104793,Leisure
104794,Leisure Cruise
104806,Lektrique
104816,Lelio Luttazzi
104827,Lemaitre
104829,Lemak
104831,Lemar
104845,Lemon Jelly
104846,Lemon Slice
104849,Lemon Sun
104850,Lemonade
104852,Lemonade Mouth
104857,Lemongrass
104861,Len
104870,Lena
104876,Lena Fayre
104880,Lena Horne
104884,Lena Katina
104889,Lena Neudauer (紐爾德雅)／小提琴 & Bruno Weil (布魯諾．威爾)／指揮 & 德國廣播愛樂樂團
104890,Lena Park
104891,Lena Philipsson
104896,Lenachka
104901,Lene
104903,Lene Marlin
104924,Lenka
104934,Lennie Niehaus
104935,Lennie Tristano
104937,Lenno
104945,Lenny
104949,Lenny Bruce
104952,Lenny Dee
104953,Lenny Harold
104959,Lenny Kravitz
104969,Lenny Tristano/Warne Marsh
104975,Lenoise
104977,Lensko
104980,Leny Andrade
104981,Leny Andrade & Roni Ben-Hur
104984,Leo
104985,Leo (Leo Abby)
104986,Leo Alexander
105007,Leo Delibes
105011,Leo Folgori
105015,Leo Ieiri (家入レオ)
105021,Leo Kekoa(리오 케이코아)
105022,Leo Key
105026,Leo Lauretti| Ashton Love
105033,Leo Mathisen
105044,Leo Rojas
105047,Leo Sayer
105058,Leola
105060,Leon
105066,Leon Bridges
105072,Leon Else
105074,Leon Fleisher
105081,Leon Jackson
105102,Leon Seti
105108,Leon Vynehall
105109,Leon Ware
105114,Leona Lewis
105116,Leona Lewis / Avicii
105117,Leona Lewis feat. Childish Gambino
105119,Leona Naess
105122,Leonard Bernstein
105142,Leonard Cohen
105179,Leone Di Lernia
105180,Leone Magiera|Carmela Remigio
105181,Leonel García
105189,Leonid Kogan
105195,Leonida Pellitteri e la sua fisarmonica
105198,Leonidas Kavakos
105202,Leonidas Kavakos|Peter Nagy|Gewandhausorchester Leipzig|Riccardo Chailly
105205,Leonie Casanova
105207,Leonor Andrade
105239,Leo王
105240,Leo王x雷嘉銘
105245,Leppard Def Rock
105246,Leprosy
105249,Lera Lynn
105269,Leroy Hutson
105270,Leroy Jones
105274,Leroy Moreno
105275,Leroy Sanchez
105277,Leroy Smart
105289,Les 3 mousquetaires
105292,Les Amis Du Père Noël
105297,Les Baragouineurs
105299,Les Baxter
105309,Les Bohem
105312,Les Brown And His Band Of Renown
105335,Les Claypool
105346,Les Dagobert
105354,Les Discrets
105378,Les Gordon
105400,Les Mccann
105402,Les Misérables
105403,Les Misérables - 10th Anniversary Cast
105404,Les Misérables - International Cast
105407,Les Misérables - Original London Cast
105408,Les Misérables Cast
105409,Les Misérables Live! The 2010 Cast
105425,Les Parfums de Paris
105429,Les Paul & Mary Ford
105431,Les Paul and Mary Ford
105452,Les Rita Mitsouko
105465,Les Sins
105479,Les Troyens Seeben
105557,Lesiem
105559,Lesley Barber
105562,Lesley Garrett
105564,Lesley Gore
105568,Lesley Roy
105586,Leslie Mendelson
105601,Leslie van Berkum
105608,Less Than Jake
105610,Lessen
105626,Lester Lanin
105633,Lester Young
105648,Let Her Go
105649,Let It Be
105652,Let It Shine
105653,Let It Snow
105654,Let Me Love You
105655,Let Me Run
105658,Let Music Stay in Your Soul
105660,Let The Machines Do The Work
105664,Let the Music Play
105671,Let's Eat Grandma
105672,Let's Folk
105676,Let's Go
105681,Let's Say We Did
105686,Lethal Bizzle
105691,Letherette
105709,Letta
105717,LetterSong (LetterSong)
105720,Letters Lost
105726,Lettuce
105740,Levantis
105743,Level 3
105745,Level 42
105759,Levert
105761,Levi  (CV:Hiroshi Kamiya) from No Name (リヴ●イ(CV:神谷浩史)from No Name)
105764,Levi & Suiss| Leng Yein| J-Asia| Levi & Suiss| J-Asia| Leng Yein
105774,Levi Newell
105778,Levianth & Axol feat. The Tech Thieves
105781,Leviathan
105813,Lewis Del Mar
105815,Lewis Fautzi
105817,Lewis Flores
105827,Lewis Watson
105858,Lexi Tellings
105861,Lexi Walker
105875,Lexxy
105882,Lexy Panterra
105897,Leïla Martial
105909,Li Chen
105911,Li Ji Zhang
105912,Li Lan Feng 李岚风
105933,LiLMakk
105936,LiSA
105937,LiTeK
105939,Lia
105943,Lia Marie Johnson
105977,Liam Wilson
105981,Lian Ensemble| Djivan Gasparyan and Swapan Chaudhuri
105986,Liane Foly
105987,Liane V
105989,Lianne La Havas
105992,Liars
106005,Libera
106020,Liberty X
106044,Lichtwerk2
106065,Lido
106066,LidoLido
106080,Lielove
106083,Lies
106088,Lieutenant Kijé Suite| Op. 61 (Symphonic suite for Orchestra)
106089,Liezel Garcia
106092,Life Beyond Earth
106094,Life Down Here
106096,Life In Balance
106097,Life In Film
106100,Life Is Jazz
106105,Life Plan B
106116,Life of Dillon
106117,Life of the Party
106134,Lifehouse
106145,Lifesavas
106154,LigOne
106167,Light Classics
106170,Light FM
106175,Light Music Guru
106187,Light You Up
106194,Lighten The Pressure SPA Music
106199,Lighthouse
106201,Lighthouse Family
106207,Lightnin' Hopkins
106214,Lights
106215,Lights & Motion
106219,Lights out asia
106229,Liima
106230,Liis Lemsalu
106232,Lijpe
106234,Lika Morgan
106244,Like Mike - Motion Picture Soundtrack
106245,Like Moths To Flames
106263,Lil
106271,Lil Bibby
106277,Lil Boom
106278,Lil Boosie
106280,Lil Bow Wow
106285,Lil C
106291,Lil Cham
106304,Lil Debbie
106306,Lil Dicky
106315,Lil Durk
106320,Lil Fish
106328,Lil George
106331,Lil Goonie
106335,Lil Gutta
106351,Lil Jon
106353,Lil Jon & The East Side Boyz
106354,Lil Jon feat. Tyga
106355,Lil Jon| Kronic & Onderkoffer
106357,Lil Kee
106358,Lil Kee| Javon Black
106363,Lil Kleine
106373,Lil Mama
106374,Lil Mama featuring Chris Brown & T-Pain
106385,Lil Mook
106389,Lil Niqo
106396,Lil P-Nut Featuring Haunted By Heroes
106410,Lil Reese
106413,Lil Ro
106414,Lil Rob
106415,Lil Roc
106420,Lil Rue
106425,Lil Scrappy
106437,Lil Snupe
106439,Lil Son J
106455,Lil Twist
106456,Lil T| Zee Trigger
106462,Lil Wayne
106463,Lil Wayne & Charlie Puth
106466,Lil Wayne's karaoke band
106468,Lil Wayne| Wiz Khalifa| Imagine Dragons
106474,Lil Wyte
106477,Lil Yachty
106479,Lil Yase
106489,Lil' Flip
106495,Lil' Kim
106500,Lil' Mo
106511,Lil' Troy
106531,Lilac Jeans
106534,Lilas Ir Innomine
106560,Lilian Renaud
106575,Lilla Namo
106584,Lillian Hepler
106586,Lillix
106601,Lilly Wood & The Prick and Robin Schulz
106602,Lilly Wood and the Prick
106609,Lilu
106612,Lily & Madeleine
106615,Lily Allen
106618,Lily Elise
106620,Lily Frost
106624,Lily Kershaw
106626,Lily Laskine
106630,Lily Massie
106636,Lily's Apartment
106637,Lilya Zilberstein
106650,Lil’ Troy
106651,Lim Chang Jung
106653,Lim Da Young
106654,Lim Do Hyeok
106655,Lim Giong
106658,Lim Hyung Joo
106659,Lim Hyung Woo
106661,Lim Kim
106662,Lim Seul Ong x JOY
106665,Limahl
106679,Limewax
106680,Limi
106693,Limousine
106695,Limp Bizkit
106700,Lin Jenny
106704,Lin Shu Rong|Li Lan Feng 林淑容|李岚风
106707,LinLanYe
106708,LinQ
106709,Lina
106710,Lina Arndt
106717,Lina Yeh|&Rolf-Peter Wille
106724,Lincoln Brewster
106725,Lincoln Center Jazz Orchestra with Wynton Marsalis
106727,Lincoln Jesser
106730,Lincoln Trio
106744,Linda Eder
106752,Linda Hopkins
106767,Linda Mckechnie
106774,Linda Ronstadt
106776,Linda Ronstadt featuring Aaron Neville
106809,Lindsay Lohan
106819,Lindsey Buckingham
106826,Lindsey Pavao
106828,Lindsey Ray
106829,Lindsey Stirling
106830,Lindsey Webster
106833,Lindstrøm & Todd Terje
106861,Ling tosite sigure (凛として時雨)
106864,Lingerie Lounge
106869,Lingo Lin
106878,Linked Horizon
106879,Linkin Bridge
106880,Linkin Park
106881,Linkin Park vs Jay-Z
106883,Linkoban
106892,Linnea Henriksson
106900,Lino Cannavacciuolo
106917,Linus Roth| London Symphony Orchestra| Thomas Sanderling
106919,Linus' Blanket
106921,Linval Thompson
106924,Linying
106930,Lion & Love
106946,Lione
106950,Lionel Cohen
106951,Lionel Hampton
106959,Lionel Loueke
106962,Lionel Richie
106965,Lionel Rogg
106975,Lions Head
106987,Lip Service
106996,Lips-Bite
107001,Liqo
107003,Liquid Audio
107009,Liquid Gold
107010,Liquid Hits
107015,Liquid Minds
107036,Liquid 鋼琴
107041,Liquid| Liquid
107050,Liriko Wan
107054,Lisa
107057,Lisa Ajax
107063,Lisa Batiashvili
107064,Lisa Batiashvili| Staatskapelle Berlin| Daniel Barenboim
107081,Lisa Del Bo
107085,Lisa Djaati
107089,Lisa Ekdahl
107090,Lisa Fischer
107096,Lisa Germano
107097,Lisa Gerrard
107099,Lisa Hannigan
107105,Lisa Kelly
107106,Lisa Knapp
107111,Lisa Lestander (Voice of Kraja)
107112,Lisa Lindsley
107113,Lisa Lisa
107114,Lisa Lisa & Cult Jam
107116,Lisa Loeb
107118,Lisa Lopes
107120,Lisa Lynne
107123,Lisa Marie Presley
107133,Lisa Miskovsky
107134,Lisa Mitchell
107139,Lisa Nilsson
107141,Lisa Ono (小野リサ)
107154,Lisa Scott-Lee
107155,Lisa Shaw
107160,Lisa Stansfield
107178,Lisahall
107187,Lisboa String Trio
107204,Lishu
107205,Liss
107207,Lissa
107219,Lissie
107224,Listen Up! The Official 2010 FIFA World Cup Album
107226,Listenbee
107227,Listenbee feat. Naz Tokio
107238,Liszt Rêve d'amour
107242,Lita Ford
107257,Lithium Dawn
107260,Lithuanian Chamber Orchestra| Saulius Sondeckis
107279,Little Annie
107282,Little Apple Band
107285,Little Baby Universe
107290,Little Beaver
107292,Little Big
107296,Little Big Town
107301,Little Boots
107302,Little Brother
107313,Little Comets
107316,Little Cub
107321,Little Ditto
107334,Little Giants
107338,Little Glee Monster
107341,Little Green Cars
107344,Little Hangers
107348,Little India
107349,Little Indian Rabbits
107350,Little Jackie
107359,Little Joy
107362,Little Kids Nursery Club
107372,Little Man Tate
107375,Little May
107377,Little Milton
107380,Little Mix
107388,Little Old Steeple Players
107390,Little Peggy March
107402,Little Richard
107405,Little Richard| Nino Tempo| Johnny Olenn
107407,Little River Band
107408,Little Rose
107410,Little Scout
107411,Little Sea
107414,Little Simz
107419,Little Star Children Choir
107423,Little Suns
107429,Little Tony
107452,Littlesong
107453,Littles| Insane Segall| Mac Hard
107455,Liturgy
107458,Litvinov Maks
107463,Liu Feng Ping
107464,Liu Jia Chang
107475,Liv Dawson
107487,Live
107503,Live To Worship Vol.4
107506,Live Unreleased From Farmclub.com
107517,Livedj Malo
107539,Livin' Joy
107540,Livin' On A Prayer
107544,Living Colour
107558,Living in Fiction
107561,Livinkulcha
107568,Liviu Hodor
107570,Liviu Hodor feat. Mona
107573,Livvi Franc
107574,Livvi Franc Featuring Pitbull
107587,Liz Elias
107592,Liz Kretschmer
107595,Liz Longley
107601,Liz Phair
107602,Liz Primo
107605,Liz Story
107618,Liza Gimbel
107622,Liza Minnelli
107626,Liza and Robbie
107632,Lizz Wright
107640,Lizzo
107641,Lizzy
107643,Lizzy Borden
107648,Lj
107657,Llama Farmers
107663,Lleonas
107666,Llewellyn
107671,Lliam Taylor| Latroit
107672,Lliris
107675,Lloyd
107676,Lloyd Banks
107677,Lloyd Brown
107681,Lloyd Cole And The Commotions
107700,Lluís Lozano
107704,Lmfao| Chuckie
107711,Lnnocent Vocals
107713,Lny Tnz| Ruthless
107714,Lnyx
107720,Lo Esencial de Amor del Bueno
107721,Lo Fidelity Allstars
107739,Lo Mejor de las Bandas Sonoras| Vol.10
107740,Lo Mejor de las Bandas Sonoras| Vol.2
107746,Lo Mejor de los Duetos| Vol.3
107759,Lo Mejor del Funk & Soul| Vol. 7
107761,Lo Mejor del Funk & Soul| Vol. 9
107777,Lo Mejor del Pop| Vol. 23
107787,Lo Mejor del R&B| Vol. 2
107804,Lo Mejor del Rock de Los 70
107807,Lo Mejor del Rock de los 90
107811,Lo Scrivano
107820,Lo-Fang
107824,Lo-Fi-Fnk
107832,LoL Deejays vs Minelli and FYI
107833,LoLo
107835,LoVendoЯ
107844,Loadstar
107845,Loalwa Braz
107849,Loane
107850,Lobo
107854,Loboda
107862,Local H
107863,Local Natives
107865,Local Sound
107871,Loce Tales Of Broadway Theatric
107888,Locnville
107892,Loco & Punch
107893,Loco Dice
107902,Loco| yuju(GFRIEND)
107911,Lodeek| Marcelo CIC
107913,Lodge
107914,Lodger
107922,Loe Vale
107926,Loess
107930,Lofofora
107942,Logan Chase
107944,Logan Hugueny-Clark
107952,Logan Richardson
107956,Logan Wojcik
107957,Loge21
107959,Loggins & Messina
107962,Logic
107964,Logic & Last Resort
107967,Logical Elements
107974,Logo
107999,Lokey
108006,Lola
108007,Lola Albright
108008,Lola Beltran
108010,Lola Coca
108012,Lola Flores
108019,Lola Ponce
108021,Lole y Manuel
108022,Loleatta Brown
108023,Loleatta Holloway
108035,Lolita Storm
108040,Lollipop
108045,Lollos
108050,Lolo Gervais
108054,Loma Prieta
108060,Lombroso
108071,London Boys
108075,London Bridge Trio
108079,London Cello Orchestra
108083,London Concertante
108087,London Elektricity
108090,London Festival Orchestra
108096,London Festival Orchestra| New Philharmonia Orchestra London
108103,London Grammar
108104,London Greats
108115,London Music Works
108116,London Music Works|The City of Prague Philharmonic Orchestra
108128,London Philharmonic Orchestra
108151,London Philharmonic Orchestra|Sir Adrian Boult
108156,London Pops Orchestra| Nelson Corbin
108174,London Symphony Orchestra
108178,London Symphony Orchestra/Elisabeth Schwarzkopf/George Szell/Radio-Symphonie-Orchester Berlin
108186,London Symphony Orchestra| Pierre Monteux
108193,London Symphony Orchestra| Sir John Eliot Gardiner
108230,London Theatre Orchestra & Cast
108237,Londonbeat
108239,Lone
108248,LoneLady
108252,Lonely
108254,Lonely Bob
108266,Lonely The Brave
108271,Lonestar
108273,Loney Dear
108278,Long Beach Playaz
108283,Long Distance Calling
108299,Long-view
108302,Longboxofchocolate
108310,Longpigs
108314,Longwave
108323,Lonnie Donegan
108333,Lonnie Smith
108340,Lonzo & Oscar
108344,Look And Listen
108347,Look Mexico
108352,Look Up to the Billboard
108355,Lookas| Crankdat
108360,Lookout Gang
108363,Loolacoma
108368,Loona
108388,Looptroop Rockers
108389,Loopy
108398,Loose Meat
108402,Loosid
108407,Lootpack
108417,Loptimist
108428,Loraine Kammeron
108438,Lord Finesse
108448,Lord Mantis
108456,Lord Of The Rings 3-The Return Of The King
108457,Lord Of The Rings Singers + Orchestra
108461,Lord SMS
108462,Lord Sitar
108465,Lord Tariq & Peter Gunz
108468,Lorde
108469,Lordi
108486,Loreen
108487,Loreen Chimenti
108488,Loreen Harris
108489,Loreena McKennitt
108490,Lorelei
108493,Loren
108500,Lorena
108504,Lorence Michaels
108509,Lorenz Rhode
108515,Lorenzo Ballerini DJ
108536,Lorenzo Senni
108540,Lorenzo Tognocchi
108547,Loretta Grace
108548,Loretta Lynn
108575,Lorie
108602,Lorn
108605,Lorna Luft
108609,Lorne Balfe
108614,Loro's
108620,Lorraine Tan
108622,Lorrie Morgan
108625,Lory Bianco
108643,Los 5 Musicales
108645,Los Abrazos Rotos - Broken EmbracesOST
108673,Los Angeles Philharmonic| Los Angeles Master Chorale
108675,Los Angeles Philharmonic|Esa-Pekka Salonen
108679,Los Angeles Police Department
108703,Los Bravos
108725,Los Campesinos!
108765,Los Cuates de Sinaloa
108771,Los Damn Ramblers
108784,Los Del Rio
108797,Los Enanitos Verdes
108809,Los Fernandos
108814,Los Fronterizos| Cantoría De La Basílica Del Socorro| Ariel Ramirez
108829,Los Guaracheros de Oriente
108851,Los Indios Tabajaras
108855,Los Inhumanos
108865,Los Johnny Jets
108882,Los Lobos
108886,Los Lonely Boys
108945,Los P2
108954,Los Panchos| Trio Los Panchos
108971,Los Phantoms
108974,Los Pilotos y The Suicide of Western Culture
108988,Los Principales| Yomil| Chocolate| Pi Lawton| Insurrecto| Osmany García| Rodríguez Sr| El Chacal| Gente De Zona| Dalan| Fonny Niño| Sergito| Manny| MC Adonis| KJ Los Presidentez| Los Desiguales| Oway| Jose El Pillo| El Kuate| Los Confidenciales| Raiky| E
108991,Los Profetas
109004,Los Razos
109049,Los Strik's
109054,Los Teen Tops
109059,Los Terrícolas| Los Pasteles Verdes
109071,Los Tres
109083,Los Tunches
109143,Losoul
109147,Lost & Found: 1960's Pop
109150,Lost & Found: 1990's Pop
109161,Lost Boyz
109163,Lost Causes
109165,Lost City Angels
109176,Lost Frequencies
109177,Lost Frequencies feat. Janieck Devy
109186,Lost In The Trees
109187,Lost In Translation - Original Soundtrack
109190,Lost Kings
109204,Lost Stars
109206,Lost Tapes
109210,Lost Witness
109215,Lost in Stars
109219,Lostbone
109221,Lostboycrow
109226,Lostprophets
109233,Lothar Grimm & Karl Schaffner
109238,Lotic
109242,Lotta Engberg
109244,Lotte Kestner
109247,Lotte Mullan
109259,Lotus Juice
109260,Lotus Plaza
109265,Lotus| Iselin Solheim & A. Rose Jackson
109269,Lou Barlow
109270,Lou Bega
109272,Lou Berry
109273,Lou Christie
109274,Lou Cornago
109277,Lou Donaldson
109279,Lou Forte'
109285,Lou Hoang
109287,Lou Johnson| Lonnie Donegan| Billy J. Kramer| The Dakotas| Johnny Kidd| The Pirates| Billy Fury| Mark Wynter| Frank Ifield| Little Eva| The Searchers| Susan Maughan| Bern Elliot| The Fenmen| Billy J.Kramer| Mike Sarne| Springfields| The Hep Stars| Don Sp
109293,Lou Rawls
109295,Lou Reed
109300,Lou Rhodes
109310,Louane
109329,Louden Swain
109330,Louder
109335,Loudness
109338,Loudon Wainwright III
109346,Louie (Geeks)
109347,Louie Austen
109349,Louie Bellson
109359,Louie Ramirez
109360,Louie Ramirez His Orchestra
109376,Louis Armstrong
109377,Louis Armstrong & Duke Ellington
109378,Louis Armstrong & Ella Fitzgerald
109382,Louis Armstrong & His All Stars
109384,Louis Armstrong & His Orchestra
109404,Louis Armstrong|  Nat King Cole
109406,Louis Armstrong| Duke Ellington
109408,Louis Armstrong| Ella Fitzgerald| Sarah Vaughan & Billie Holiday
109432,Louis Chedid
109433,Louis Clark & The Royal Philharmonic Orchestra
109437,Louis Delort
109446,Louis Futon
109447,Louis Futon feat. ROZES
109449,Louis Hoover
109450,Louis Inglis
109454,Louis Katz
109457,Louis La Roche
109458,Louis Landon
109464,Louis Mattrs
109471,Louis Music(루이뮤직)
109478,Louis Prima
109487,Louis The Child| Icona Pop
109489,Louis Vivet
109494,Louis the Child
109498,Louisa Johnson
109501,Louise
109505,Louise Attaque
109516,Louise Fribo
109522,Louise Leander
109536,Louisy Joseph
109537,Louis| Matthieu| Joseph & Anna Chedid
109539,Louka
109540,Loukianos Kilaidonis
109547,Lounge
109553,Lounge Affair Pop meets Lounge
109554,Lounge Cafe Jazz
109556,Lounge Café
109579,Lounge Music
109580,Lounge Music Café
109587,Lounge Music-Love Canon
109591,Lounge Of Love
109599,Lounge Safari Buddha Chillout do Mar Cafe
109608,Lounge time
109609,Lounqe Story
109619,Lovable Child's Voice
109622,Love
109623,Love & Disco Fever Unlimited
109625,Love & Sax
109626,Love & The Outcome
109628,Love 2016
109631,Love Actually
109649,Love Da Records Presents
109657,Love Electric
109663,Love For Commercial Themes
109664,Love Forever
109665,Love Gangsters
109666,Love Generation
109671,Love Happens: Original Motion Picture Soundtrack
109674,Love In Lounge Cinema
109677,Love In The Deep| Manna From Sky
109680,Love Indie Rock
109691,Love Like Gravity
109697,Love Me Again
109700,Love Me Like You Do
109701,Love Melody 1
109702,Love Melody 2
109705,Love Movie
109706,Love Music Album Canon
109711,Love Of Paris's Chanson
109713,Love On Movie
109715,Love Opera-Romeo & Juliet
109720,Love Piano
109729,Love Science Music
109734,Love Song
109741,Love Song DJ's
109742,Love Song Diary
109743,Love Song Experts
109745,Love Songs
109748,Love Songs In Cafe
109752,Love Songs Music| Love Songs| The Love Allstars
109753,Love Songs Piano Songs
109759,Love Songs| Dance Hits 2014| Dance Hits 2015
109761,Love Songs| Love Songs Music| The Love Allstars
109770,Love Songs|Old School Hits|70s Love Songs
109771,Love Songs|The Love Allstars
109774,Love Story
109782,Love Tributes
109789,Love Will Tear Us Apart
109794,Love Yourself
109800,Love and Rockets
109801,Love and Theft
109809,Love songs in Café
109815,Love2Love
109823,Loveable Rogues
109824,Loveactually
109827,Lovebirds
109833,Lovehatehero
109834,Loveholic
109840,Loveless
109843,Lovelife
109846,Lovely
109847,Lovely Boy Records
109853,Lovelybut(러블리벗)
109855,Lovelyz
109859,Loveninjas
109860,Lovens Presume
109861,Loveparade 2010 - The Art Of Love (The Official Compilation)
109866,Loverboy
109868,Loverdose
109871,Lovers
109872,Lovers Bash
109874,Lovers Forever
109884,Lovett
109889,Lovey James
109900,Loving Music我愛爵士情歌
109901,Loving Paris
109912,Low
109919,Low Down
109923,Low Flying Hawks
109925,Low Leaf
109928,Low Low Low La La La Love Love Love
109935,Low Roar
109937,Low Steppa
109941,Low vs Diamond
109949,Lowdown 30
109951,Lowell
109958,Lower Dens
109959,Lower Plenty
109962,Lower| OSP
109966,Lowkey
109975,Lowquid
109979,Lowroller
109980,Lows Hipss (ローズヒップss)
109981,Lox Chatterbox
109993,Loyle Carner
109994,Loz Goddard
110000,Loïc Nottet
110001,Loïc Païnaye
110011,Lstnyt
110016,Lu Alone
110025,Lu1| Cee
110026,Lu2vyk
110036,Luan Parle
110037,Luan Santana
110038,Luana Ida'
110040,Luanne
110050,Lubiz
110054,Lubomyr Melnyk
110076,Luca Brunetti
110080,Luca Cassani| Dario D'Attis
110082,Luca Colombo
110088,Luca Dirisio
110099,Luca Guerrieri
110107,Luca La Rocca
110110,Luca Lupoli| Compagnia d'Opera Italiana| Antonello Gotta
110113,Luca Margarita
110127,Luca Pisaroni| Christiane Karg| Sonya Yoncheva| Thomas Hampson| Angela Brower| Anne Sofie von Otter| Maurizio Muraro| Rolando Villazón| Chamber Orchestra Of Europe| Yannick Nézet-Séguin
110130,Luca Ronka
110147,Lucani
110148,Lucas
110150,Lucas & Steve Featuring Bethany
110154,Lucas Arnau
110162,Lucas Debargue
110169,Lucas Jussen| Arthur Jussen| Sir Neville Marriner| Academy of St. Martin in the Fields
110170,Lucas Jussen|Arthur Jussen
110173,Lucas King
110174,Lucas Lucco
110178,Lucas Nord
110181,Lucas Prata
110192,Lucchii
110196,Lucenzo
110197,Lucenzo vs. Qwote feat. Pitbull
110202,Lucerne Festival Strings| Rudolf Baumgartner| Ralph Kirkpatrick
110210,Luchia
110218,Lucia
110222,Lucia Micarelli
110225,Lucia Popp
110233,Lucian
110235,Luciana
110237,Luciana Souza
110240,Luciano Della Rosa
110246,Luciano Moreno
110247,Luciano Pavarotti
110248,Luciano Pavarotti & Elton John
110253,Luciano Pavarotti|Andrea Bocelli|Orchestra del Teatro Comunale di Bologna|Leone Magiera|Nancy Gustafson|Bryan Adams|Giorgia|Andreas Vollenweider|Michael Kamen
110260,Luciano Perrone
110263,Luciano Salvemini| Francesco Digilio
110264,Luciano Titi
110279,Lucie Arnaz
110287,Lucien Foort feat. I-Fan
110305,Lucinda Williams
110306,Lucine Fyelon
110310,Lucio Dalla
110316,Lucite Tokki
110317,Lucius
110321,Luck Life
110331,Lucky Charmes
110336,Lucky Date
110338,Lucky Date and Sartek
110340,Lucky Date featuring Sabrina Signs
110342,Lucky Dube
110345,Lucky Guri
110346,Lucky J
110360,Lucky Millinder & His Orchestra
110373,Lucky Soul
110375,Lucky Strikes Back
110377,Lucky Tapes
110378,Lucky Thompson
110379,Lucky Twice
110380,Lucky Uke
110381,Luckys Musicbox Online
110392,Lucy Dacus
110397,Lucy Hale
110409,Lucy Pearl
110412,Lucy Rose
110416,Lucy Spraggan
110427,Ludacris
110428,Ludacris Presents & Disturbing Tha Peace
110438,Ludistelo
110443,Ludmilla
110447,Ludomir| Sowl
110450,Ludovic Bource
110457,Ludovico Einaudi
110463,Ludvig Turner
110465,Ludvigsen
110472,Ludwig Hoffmann|Ingrid Haebler
110476,Ludwig Van Beethoven
110483,Ludwig van Beethoven| Erik Satie| Edvard Grieg| Frédéric Chopin| Franz Liszt| Wolfgang Amadeus Mozart| Camille Saint-Saëns| Claude Debussy| Felix Mendelssohn| Franz Schubert| Johann Sebastian Bach| Johannes Brahms| Jules Massenet
110491,Luella
110493,Lues
110496,Lugoh
110513,Luigi Ferraro
110515,Luigi Lusini
110522,Luigi Rocca|  Manuel De La Mare| Manuel De La Mare| Luigi Rocca
110524,Luigi Rubino
110529,Luigi Tenco
110531,Luigi Tonet
110546,Luis Bacalov
110558,Luis Fonsi
110561,Luis Frank Arias
110564,Luis Hermandez
110580,Luis Miguel
110587,Luis Otavio Santos| Peter Van Heyghen| Les Muffatti
110592,Luis Perez Sozay
110606,Luis Vazquez y Kato Jimenez
110617,Luisa Sobral
110620,Luiz Bonfa
110636,Luka 120
110638,Luka Caro
110653,Lukas Geniušas
110654,Lukas Graham
110677,Luke Bond
110678,Luke Bond featuring Danyka Nadeau
110679,Luke Bond| CARTEL
110680,Luke Bryan
110685,Luke Christopher
110688,Luke Conard
110690,Luke Cutforth
110691,Luke Da Duke
110714,Luke Jagger
110715,Luke James
110721,Luke Lounsbury
110725,Luke McMaster
110727,Luke Million
110743,Luke ST
110747,Luke Sital-Singh
110748,Luke Solomon
110749,Luke Sweeney
110750,Luke Temple
110769,Lukie D
110775,Lukwago Williams
110782,Lulaby
110792,Lullabies and Children's Songs
110806,Lullaby Baby
110809,Lullaby Baby Trio
110813,Lullaby Cover Band
110814,Lullaby Dreamers
110816,Lullaby Experts
110822,Lullaby Maestro
110828,Lullaby Piano Masters
110829,Lullaby Piano Series
110834,Lullaby Tribe
110838,Lullabye Baby Ensemble
110846,Lullatone
110850,Lulu
110857,Lulu Gainsbourg
110866,Luluc
110867,Lumaraa
110873,Lumen
110876,Lumidee
110877,Lumiere
110879,Lumiere String Quartet
110880,Lumigraph
110884,Luminites
110893,Luna
110900,Luna Haruna (春奈るな)
110908,Luna Rin
110910,Luna Shadows
110934,Luna| Hani| Solar
110938,LunchMoney Lewis
110943,Lundem
110946,Lune
110951,Lungley
110956,Lunik
110957,Luniz
110970,Lupe Fiasco
110983,Lush
110984,Lush & Simon
110985,Lush & Simon X Rico & Miella
110986,Lush & Simon feat. Delaney Jane
110988,Lush & Simon| Paris &Simo
110993,Lushington
110996,Lusine
111007,Lute
111013,Luther  Vandross
111020,Luther Vandross
111025,Lutricia Mcneal
111027,Luttrell
111039,LuvBug
111041,Luvchild
111042,Luveda
111051,Luwa
111052,Lux
111056,Lux the Band
111066,Luxury Grooves|New York Jazz Lounge|Smooth Jazz
111072,Luxuslärm
111074,Luxxury
111080,Luzcid
111091,Lvflock
111092,Lvl Up
111099,Lxury
111103,Lyambiko
111113,Lychgate
111116,Lycus
111118,Lydia
111122,Lydia Cole
111137,Lydie Auvray
111138,Lydmor
111141,Lyfe Jennings
111145,Lykke Li
111149,Lyla
111150,Lyla Foy
111159,Lymbyc Systym
111160,Lyn & LE0 (VIXX)
111161,Lyn Collins
111177,Lynda Lemay
111182,Lynden David Hall
111193,Lynn Harrell
111196,Lynn Harrell| Vladimir Ashkenazy
111199,Lynn Hilary
111201,Lynn Olsen
111216,Lynnsha
111221,Lynyrd Skynyrd
111223,Lyon Apprentice
111224,Lyon Hart
111227,Lypocodium| Helen Brown| Dutek| Haustuff| Angel Guijarro| Namtrack| Karloss| Rich Hardt| Kreisel| Lelu| Dirt Fun| Excitation| Fabric| TWIN BREATH| USER 46010| Stiffywalsh| Davide Di Blasi| Atix| Sharplines| Fracktion| Andres Guerra| Randomtek| Ilary Mont
111231,Lyre le temps
111236,Lyrica Anderson
111243,Lyrico
111245,Lyrics
111246,Lyrics Born
111254,Lyrik En'Song
111274,Lyte Funkie Ones
111276,Lyu:Lyu
111288,LÉON
111296,Lâm Chấn Kiệt
111298,Låpsley
111337,M Coast
111353,M Milli
111355,M People
111374,M+A
111376,M-Beat
111386,M-Girls
111402,M. Craft
111406,M. Krupowies
111413,M. Pokora
111419,M. Squad
111423,M. Ward
111430,M.A.D. (Lori Shen沈曉慧、Kevin Lee李冠毅、'POLO WL')
111431,M.A.D. Kutz
111437,M.A.N.D.Y.
111439,M.A.N.D.Y. vs. Adultnapper
111451,M.C the Max
111463,M.C.Hammer
111469,M.E.L
111484,M.I.A.
111485,M.I.B
111486,M.I.C.
111487,M.I.C.男團
111501,M.I.T.C.H. Feat. Uffie & Feadz
111508,M.O
111511,M.O.E
111513,M.O.P.
111520,M.P.M.G. Presents:| M.P.M.G. Presents
111521,M.Que
111522,M.S. Art
111526,M.S.F.N.[Make Some Funky Noise] Mix by DJ Noodles
111535,M.TySON
111538,M.V.P.
111550,M1 Dead Prez| Bonnot
111557,M2M
111565,M4
111566,M4PEX
111569,M6
111571,M83
111574,MA
111581,MAAKIII
111582,MAALA
111589,MACCHO(from OZROSAURUS)，Norikiyo，般若＆DABO
111593,MACO
111595,MACROSS 82-99
111601,MADDEN
111602,MADE IN HEIGHTS
111608,MAG
111609,MAG!C☆PRINCE
111611,MAGIC OF LiFE
111612,MAGIC!
111613,MAGIC! feat. Shaggy
111614,MAGNOLIA FACTORY
111617,MAGiCAL PUNCHLiNE
111618,MAHAVISHNU ORCHESTRA
111624,MAJOR LAZER
111625,MAJOR SCALE feat. AMANDA WARREN
111626,MAJOR.
111627,MAKAI
111629,MAKE OUT
111630,MAKE-UP
111631,MAKJ & Lil Jon
111632,MAKJ & M35
111638,MAMA
111643,MAMAMOO
111645,MAMORU MIYANO (宮野真守)
111646,MAN WITH A MISSION
111648,MANDY B.BLUE
111649,MANGA PROJECT
111664,MARETU (MARETU)
111666,MARIA×風鳴翼 (CV：日笠陽子×水樹奈奈)
111670,MARIO LOPEZ
111680,MARS PROJECT
111683,MARTIRES DEL COMPAS
111684,MARTY FRIEDMAN
111691,MASAKI YODA (依田正樹)
111699,MASTA WU
111702,MATILDA
111706,MATT TYLER
111707,MATTHEW MARGESON
111710,MATZKA樂團 (瑪斯卡樂團)
111713,MAX
111714,MAX & Alyson Stoner
111716,MAX & Madilyn Bailey
111718,MAX| Macy Kate & Kurt Hugo Schneider
111719,MAX| Sam Tsui & Kurt Schneider
111720,MAY'S
111723,MAYDAY!
111742,MBLAQ
111749,MC 2K & MC Tazika
111751,MC Akania
111757,MC Bella
111759,MC Bin Laden
111763,MC Breed
111769,MC Cologne
111770,MC DOOM
111783,MC EIHT FEATURING CMW
111784,MC Eiht
111788,MC G15
111792,MC Gree
111797,MC Gão
111800,MC Hansai feat. Romantic Melody Chobi
111802,MC HotDog X 蛋堡Soft Lipa X MISS KO葛仲珊 (MC HotDog +Soft Lipa +MISS KO)
111808,MC Jair da Rocha
111814,MC João
111833,MC Lyte
111836,MC MONG
111839,MC Marcelly
111853,MC Pikachu & MC Fioti
111858,MC Restyle
111860,MC Sadri
111863,MC Shan
111868,MC Sniper
111876,MC Vintage
111882,MC haNsAi
111884,MC 何金玉
111885,MC 另类鹏
111886,MC 晓
111888,MC5
111889,MC9B＆LIMITBREAK
111891,MCDERIAN
111892,MCDJK
111894,MCG Music Culture Generation
111904,MCUP1 & MARCU
111908,MC仁 (MC Yan)
111913,MC张馨儿
111914,MC成宇
111915,MC耀宗aka DREAM WALKER
111916,MC药材
111919,MC蓝弟| 李哈哈
111929,MDS feat. Foncho
111934,MEANING
111935,MEAT KATIE
111939,MEG
111943,MEGUMI WATA (綿めぐみ)
111949,MEM
111951,MEM| Ummet Ozcan
111954,MENOR
111958,MERCER & DJ SNAKE
111959,MERCER & SEBASTIEN BENETT
111961,MESA/GACHO
111964,METAFIVE  (高橋幸宏 × 小山田圭吾 × 砂原良徳 × TOWA TEI × ゴンドウトモヒコ × LEO今井)
111965,METAFIVE (高橋幸宏×小山田圭吾×砂原良德×TOWA TEI×權藤知彥×LEO今井)
111968,METEOR
111970,METTE
111971,METZ
111975,MF DOOM
111977,MFBTY (윤미래| 타이거JK| Bizzy)
111978,MFM
111981,MFVgroup
111982,MG
111989,MGF (MGF)
111990,MGK
111992,MGMC
111993,MGMT
111998,MH《電子舞曲》
111999,MH《電玩卡漫》
112002,MIA
112005,MIB三重唱
112006,MICA 3 CHU
112007,MICHAELBRAILEY
112009,MICHI
112012,MICHIRU (未知瑠)
112013,MICHIRU OSHIMA (大島ミチル)
112015,MICオルゴール
112017,MIDIFine Systems
112022,MIHIRO ～マイロ～
112023,MIIA
112024,MIIII
112027,MIKA
112029,MIKA feat. Karen Mok
112032,MIKAZE AI
112043,MILIKI
112045,MILLEA
112046,MIMI 電視原聲帶
112048,MIMS
112049,MIN
112053,MING + 2Beeps
112056,MINMI
112057,MINO
112060,MINX
112061,MIO
112065,MIQUEL BROWN
112069,MIRYO| GIANTPINK
112072,MISIA
112077,MISSTER
112079,MISTER P| DJ SLAM| New Ergo Proxy| Nightloverz| O.P| Olegario| Philippe Vesic| Pierpaolo Ricci| RadioDreams| Raimon| Raul Desid
112084,MIXX
112086,MIYAVI (MIYAVI)
112097,MJ Cole| AJ Tracey
112103,MJFA|Kaïken
112105,MK
112110,MKIT RAIN
112115,MKTO
112116,MK| Becky Hill
112122,MLO
112125,MME CHANDELIER
112127,MMG Presents: Self Made| Vol. 2
112133,MMS R&R Engineering
112134,MMXJ
112139,MNDR
112140,MNEK
112148,MO' HORIZONS
112151,MOBB (iKON BOBBY & WINNER 旻浩)
112153,MOCOZI 모코지
112156,MOG
112157,MOGA THE ￥5
112160,MOJO
112161,MOKO
112162,MOKS
112169,MOMOKA NAKANISHI (中西桃華)
112170,MOMOLAND
112174,MONDO GROSSO
112176,MONEY MAN
112178,MONGOLIANS (モンゴリアンズ)
112182,MONKEY MAJIK
112183,MONNI
112184,MONO
112185,MONOBRIGHT (モノブライト)
112190,MONSTA X
112192,MONSTER CAT
112193,MONSTER大陸
112196,MONXA| Gate Faze
112210,MORIARTY
112216,MOS Clubbers Guide Vol.1 [Asian Edition]
112217,MOS Dance Revolution
112220,MOSHIMO
112222,MOT
112231,MOTi
112232,MOTi & Quintino
112234,MOTi| Dzeko & Torres
112241,MOWE
112242,MOWMOW LULU GYABAN (モーモールルギャバン)
112255,MP魔幻力量 (Magic Power)
112272,MR.MR
112274,MR.Refresh Mura
112283,MS Dance Project
112284,MS MR
112290,MSF芥菜種音樂小站
112291,MSG
112295,MSTRKRFT
112296,MSempi| Michkus
112298,MStyles
112300,MT MIX
112313,MUCC (ムック)
112321,MUN Heeok 문희옥
112326,MUSES Fusion Classical Music Ensemble
112328,MUSIC FOR SPORT
112332,MUST 2006 原創集
112333,MUST DIE!
112340,MV BILL
112357,MY Q
112361,MYMP
112362,MYNAME
112381,Ma Rainey
112387,Ma.Bra.
112395,MaRLo feat. Christina Novelli
112396,MaRLo feat. Jano
112406,Maan
112407,Maan Hamadeh
112412,Maarit Hurmerinta
112423,Maaya Sakamoto (坂本真綾)
112424,Maaya Uchida (内田真礼)
112426,Mabel
112428,Mabel Matiz
112443,Mac Davis
112444,Mac DeMarco
112448,Mac Dre
112452,Mac Gordon
112457,Mac Lethal
112458,Mac Mall
112463,Mac Miller
112466,Mac Prince
112484,MacKenzie Bourg
112497,Macarena Non Stop
112503,Macbeth
112516,Maceo Parker
112530,Machel Montano
112536,Machine
112538,Machine Code
112541,Machine Gun Kelly
112542,Machine Gun Kelly| Camila Cabello
112544,Machine Head
112552,Machinecode
112553,Machinedrum
112561,Machito
112562,Machito & His Afro Cubans
112563,Machito & His Afro-Cuban Orchestra
112566,Machito and His Orchestra
112567,Machito and His Salsa Big Band
112579,Mack 10
112586,Mack Mj
112589,Mack Wilds
112591,Mack Z
112595,Mackenzie Nicole
112597,Mackenzie Thoms
112598,Mackenzie Ziegler & Johnny Orlando
112605,Mackintosh Braun
112606,Macklemore
112607,Macklemore & Ryan Lewis
112609,Macko
112627,Macy Gray
112628,Macy Kate
112629,Macy Kate & Benjamin Kheng
112635,Mad August
112639,Mad Clown
112640,Mad Clown+Brother Su
112641,Mad Cobra
112658,Mad Grinder
112660,Mad Hatter
112661,Mad Hatter the Maniac Mechanic
112679,Mad Professor
112690,Mad Skillz
112693,Mad Superstar
112719,Madagascar Theme Players
112720,Madagascar: Escape 2 Africa - Music From The Motion Picture
112741,Madchild
112743,Madcon
112752,Maddi Jane
112753,Maddie & Tae
112754,Maddie Leigh
112760,Maddix
112772,Made
112776,Made Men (WM)
112779,Made Monster| SCRVP
112794,MadeinTYO
112795,Madeira
112802,Madeleine Peyroux
112810,Madeline Juno
112811,Madeline Merlo
112824,Madeon
112825,Madeon feat. Kyan
112826,Madeon feat. Passion Pit
112827,Mader
112845,Madilyn Bailey
112846,Madilyn Bailey & Jacob Whitesides
112847,Madilyn Bailey & MAX
112848,Madilyn Bailey & Megan Nicole
112851,Madilyn Bailey feat. Josh Evans
112852,Madilyn Bailey feat. Keara Graves & Alyssa Baker
112853,Madilyn Bailey feat. Leroy Sanchez
112854,Madilyn Bailey feat. Lia Marie Johnson
112859,Madison
112862,Madison Avenue
112863,Madison Beer
112865,Madison Gold
112870,Madison Mars
112879,Madji'k
112884,Madlib
112886,Madlib| MF DOOM
112899,Mado Robin
112902,Madonna
112907,Madredeus
112911,Madrugada
112915,Mads Langer
112925,Madtown
112929,Madvillain
112951,Maeil Nonet
112953,Maejor Ali
112954,Maekl Jordn
112959,Maelstrom & Louisahhh
112960,Maertini Broes
112967,Maestro Harrell| Arcando
112972,MaestroRiko
112981,Mafia Kiss
112987,Mag Elliott
112989,Maga
113005,Magda Modra
113013,Magdalena Kozená| La Cetra Barockorchester Basel| Andrea Marcon
113029,Maggie Diaz Del Castillo
113032,Maggie Lindemann
113037,Maggie Rogers
113038,Maggie Rose
113045,Magic
113055,Magic Castles
113056,Magic Chicken Fudgetoe
113073,Magic Juice & J.Yolo
113075,Magic Kids
113076,Magic Kingdom
113078,Magic Man
113089,Magic Philharmonic Disney Orchestra
113090,Magic Piano
113102,Magic System
113104,Magic Trick
113105,Magic Wands
113113,Magical Christmas
113129,Magillian
113143,Magnet
113155,Magnetic Poison
113156,Magnetic Pulstar
113161,Magnetix Project vs Easy Tech
113164,Magneto| Mercurio
113188,Magnum Music Station
113194,Magnus Bechmann
113195,Magnus Carlson
113200,Magnus Gutke
113210,Mago de Oz
113232,Mahafather
113235,Mahalia
113237,Mahalia Jackson
113242,Mahalo feat. Cat Lewis
113269,Mahi Beamer
113274,Mahkenna
113277,Mahler
113286,Mahmut Orhan
113290,Maho Syoujo Madoka Magika Music Collection
113306,Mai Iida (飯田 舞)
113310,Mai Kuraki (倉木麻衣)
113350,Maikapu‘uwai
113364,Main Attrakionz
113366,Main Engine
113372,Main Reaktor
113377,MainStreet
113387,Maino
113393,Mainstream Source Pro Karaoke
113412,Maison & Dragen
113416,Maisy Kay
113442,Majestic
113450,Majesty
113454,Majical Cloudz
113460,Majid Jordan
113482,Major Harris
113485,Major Lazer| Showtek
113490,Major Myjah
113493,Major Riley
113494,Major Tom
113495,Major Tom Band
113503,Majors for Minors
113507,Maju
113513,MakSim
113525,Make A Scene
113535,Make Me Famous
113536,Make Plain
113538,Make Some Noise: The Amnesty International Campaign To Save Darfur
113539,Make Them Suffer
113540,Make U Sweat
113552,Makhuli
113560,Makihara Noriyuki (槇原敬之)
113564,Makina 2003 Compilation
113579,Makj
113581,Mako
113584,Mako feat. Madison Beer
113597,Makro
113599,Maksim
113604,Maksim Mrvica
113612,Makvel
113625,Mala Punica
113628,Mala Rodríguez
113632,Malaa
113642,Malaika
113655,Malaspina
113667,Malcolm Arnold
113671,Malcolm El
113676,Malcolm Kirby Jr
113680,Malcolm Martineau|Bryn Terfel
113683,Malcolm McLaren & The World's Famous Supreme Team
113685,Malcolm Middleton
113688,Maldita Nerea
113700,Malea
113707,Malek El Yaman| Carole Aoun
113717,Malene Mortensen
113730,Mali
113731,Mali Music
113749,Maliibu N Helene
113751,Malik
113755,Malik Bash
113759,Malik Mustache
113762,Malika Ayane
113767,Malina Moye
113791,Mall Grab
113807,Mallory Knox
113810,Mallrat
113811,Mallu Magalhães
113835,Malukah
113836,Maluma
113843,Malvito
113846,Malú
113857,Mama Mia's
113870,Mamady Keïta
113872,Mamaleek
113873,Mamas Gun
113874,Mamas Lullaby
113885,Mambomania
113892,Mami Dred
113898,Mamma Mia (2004 Reissue)
113900,Mammal Hands
113916,Mamun Expedition(마문원정대)
113923,Man & The Echo
113925,Man At Arms
113927,Man From Uranus
113928,Man Hee
113947,Man Without A Clue
113953,Man's Avenue
113961,Mana Ashida (芦田愛菜)
113968,Manafest
113976,Manami Morita
113985,Manau
113989,Manceau
113991,Manchester Orchestra
113997,Manchus| Mogler| NO ONE| NuClear| Phil Fairhead| Piece Of Peace| Quantum Duxe| X Hydra Project| S.M| Satori Panic| Sky Mode| Stop Narcotic| Strobelepsia| Timaki| X-Vision| Matt Ether| Zhekim
114001,Mandal & Forbes| Bauuer
114002,Mandala
114004,Mandalay
114013,Mandelbarth
114021,Mandinga
114023,Mandisa
114026,Mando Diao
114028,MandoPony
114030,Mandolin Christmas Music
114034,Mandoza
114043,Mandy Capristo
114046,Mandy Jordan
114048,Mandy McMillan
114049,Mandy Moore
114053,Mandy Santos
114080,Manfred Mann
114089,Manga Star
114096,Manganas Garden
114101,Manglar
114105,Mango
114120,Mani
114121,Mani Beats
114125,Mani Hoffman
114126,Mani Hoffman| The Leons
114129,Mani Sharma
114130,Mania Chykulay
114133,Maniac Lok
114138,Manian
114145,Manic Sheep
114146,Manic Street Preachers
114153,Manii
114155,Manika
114160,Manila Killa
114209,Mannheim Mozart Orchestra
114222,Mannu & Eliza Lacerda
114223,Mannu| Eliza Lacerda
114238,Manny Pacquiao
114246,Mann| 50 Cent
114248,Mano Brown
114276,Manolo Sanlucar
114286,Manon Ward
114295,Manos Hadjidakis
114307,Manowar
114308,Manox
114313,Mans Zelmerlow
114314,Mansa
114316,Manse
114317,Manse feat. Niclas Lundin
114318,Manse featuring Alice Berg
114321,Manse| Jakko| Killogy
114328,Mansionair
114330,Mansions on the Moon
114334,Mansour
114336,Mansun
114350,Mantler
114351,Mantovani
114353,Mantovani & His Orchestra
114356,Mantovani Orchestra
114369,Mantra Yoga Music Oasis
114373,Mantrap & DJ Martinee
114380,Manu Chao
114382,Manu Delago
114387,Manu Karma & Whan
114390,Manu Lopez
114403,Manuccii featuring Chase Holfelder
114405,Manuel & The Music Of The Mountains
114411,Manuel Barrueco
114413,Manuel Barrueco| Konrad Ragossnig & Walter Feybli
114419,Manuel Cubedo
114431,Manuel Granada
114433,Manuel Granada: Spanish Guitar
114441,Manuel Le Saux| Amos| Riot Night
114452,Manuel Ortega
114456,Manuel Ploetzky
114471,Manuel Valera / New Cuban Express
114473,Manuel Zeta
114475,Manuel de Almeida
114477,Manuel de Falla
114488,Manufactured Superstars & dEVOLVE
114499,Many Voices Speak
114502,Maná
114507,Mao Abe (阿部真央)
114516,Maor Mo
114524,Mapei
114529,Mappa & Stefano Gambarelli
114535,Maps
114542,Mar Wells
114552,MarQuis Trill
114564,Maraaya
114570,Marala
114574,Maranatha! Acoustic
114575,Maranatha! Christmas
114582,Maranatha! Latin
114583,Maranatha! Music
114590,Marat Bisengaliev
114604,Marble Sounds
114607,Marc
114611,Marc Anthony
114612,Marc Antoine
114624,Marc Bolan
114631,Marc Cohn
114643,Marc E. Bassy
114646,Marc Et Claude
114654,Marc Goone
114658,Marc Hemmeler| Ray Brown
114674,Marc Mercs
114676,Marc Mind
114677,Marc Minkovski and les musiciens du Louvre
114679,Marc Minkowski and les musiciens du Louvre
114683,Marc Moosbrugger
114684,Marc Moulin
114694,Marc Reift
114700,Marc Ribot
114701,Marc Ribot y Los Cubanos
114703,Marc Robillard
114716,Marc Streitenfeld
114730,Marc Van Linden & Chris Avedon
114733,Marc Werner
114741,Marcapasos
114747,Marcel Amont
114751,Marcel Dadi
114752,Marcel Dettmann
114769,Marcel Woods
114779,Marcela Mangabeira
114803,Marcello De Angelis| Michele Russi
114819,Marcelo Alvarez
114823,Marcelo CIC
114828,Marcelo Cezán
114831,Marcelo D2
114849,Marcelo Tau
114855,Marcelo Zarvos
114859,Marcelus
114864,Marchetti
114889,Marcio Faraco
114891,Marcio McFly
114894,Marco Allevi
114909,Marco Beltrami
114911,Marco Beltrami & Philip Glass
114912,Marco Beltrami| Buck Sanders
114919,Marco Branky| Fed Conti
114924,Marco Calanni
114927,Marco Carta
114958,Marco Giardina
114968,Marco Lamioni
114977,Marco Mengoni
114978,Marco Menichelli
114983,Marco Parente
114992,Marco Polo
115002,Marco Rovere
115015,Marco Testoni|  Hang Camera
115027,Marco Velocci
115040,Marconi Union
115043,Marcos & Belutti
115044,Marcos Ariel
115060,Marcos Valle
115066,MarcosPoow
115067,Marcosus
115070,Marcum Stewart
115072,Marcus & Martinus
115077,Marcus Canty
115079,Marcus Collins
115081,Marcus D
115082,Marcus D featuring ZANE and JUN
115087,Marcus Feld
115088,Marcus Fire
115089,Marcus Fischer
115091,Marcus Foster
115101,Marcus Koch
115103,Marcus Latief Scott| John A Costello III
115105,Marcus Layton
115109,Marcus Marr & Chet Faker
115111,Marcus Miller
115121,Marcus Roberts Trio
115125,Marcus Santoro & The Potbelleez
115129,Marcus Schossow and Arston
115130,Marcus Scott Band
115141,Marcus White & Linnea Schössow
115148,Marcy Playground
115156,Marduk
115165,Marek (AUS)
115169,Marek Janowski
115176,Maren Morris
115184,Margaret
115185,Margaret Becker
115202,Margaret Whiting
115211,Margarita La Diosa de la Cumbia
115214,Margaux Avril
115222,Margie Joseph
115228,Margit-Anna Suss
115252,Margret Koll
115279,Maria Arredondo
115286,Maria Bethânia & Caetano Veloso
115291,Maria Callas
115295,Maria Callas/Giuseppe Di Stefano/Rolando Panerai/Nicola Zaccaria/Coro Del Teatro Alla Scala| Milano/Rias Sinfonie-Orchester Berlin /Herbert Von Karajan
115298,Maria Callas| Giuseppe Di Stefano
115299,Maria Callas| Nicola Rescigno| The Covent Garden Orchestra| Cesare Valletti| Ronald Lewis| Marie Collier| Lea Roberts| Mario Zanasi| Dermot Try| Forbes Robinson| David Kelly
115310,Maria Cordero
115322,Maria Elena Kyriakou
115327,Maria Farantouri
115341,Maria Hazell
115344,Maria Herrera
115348,Maria Jacobs
115350,Maria Jesus Rodriguez La Miski
115353,Maria Joao Pires
115382,Maria Mena
115388,Maria Muldaur
115403,Maria Rita
115404,Maria Rodrigus
115415,Maria Taylor
115420,Maria Tipo
115432,Maria-Joao Pires| Huseyin Sermet| Michel Dalberto & Anne Queffelec
115436,Mariachi Anahuac
115439,Mariachi Coculense de Cirilo Marmolejo
115455,Mariachi Sol De Mexico
115457,Mariachi Tapatio de Jose Marmolejo
115458,Mariachi Vargas De Tecalitlan
115461,Mariachis Varios / Cumbias
115463,Mariah Carey
115464,Mariah Carey & Brian McKnight
115466,Mariah Carey Tributers
115467,Mariah Carey&John Legend
115472,MariahLynn
115477,Marian Anderson
115481,Marian Hill
115484,Marian McPartland
115498,Mariana Rios
115501,Mariana Vega
115503,Marianas Trench
115507,Marianna Cataldi
115508,Marianne Aya Omac
115511,Marianne Faithfull
115512,Marianne Feder
115518,Marianne Zaugg| DCH PHD
115535,Maribou State
115544,Marie Antoinette
115548,Marie Cantagrill
115549,Marie Cantagrill| Veronique Bracco
115552,Marie Cherrier
115553,Marie Dahlstrom
115555,Marie Davidson
115556,Marie Denise Pelletier
115557,Marie Digby
115563,Marie Hines
115576,Marie Picasso
115589,Marie-Claire Alain
115602,Marieke Blankestijn
115610,Marielle Nordmann
115634,Marika (茉莉花)
115644,Mariko Cello
115646,Mariko Senju (千住真理子)
115650,Marilia Batista
115654,Marillion
115662,Marilyn Manson
115668,Marilyn Monroe
115673,Marilyn Monroe| Jane Russell
115688,Marimba Nandayapa
115707,Marina And The Diamonds
115708,Marina Araki (荒木毬菜)
115715,Marina Domashenko
115720,Marina Kaye
115730,Marina Rebeka
115740,Marinade
115743,Marine Girls
115755,Mario
115763,Mario Aureo
115774,Mario Bischin
115775,Mario Bischin feat. Revolt Klan
115779,Mario Calegari
115801,Mario Ferrini & Doremi Fly
115802,Mario Frangoulis
115815,Mario Jefferson
115821,Mario Lanza
115847,Mario Pacheco
115864,Mario Salvucci
115868,Mario Suppa| Neapoliss
115878,Mario Vazquez
115882,Mario Winans
115884,Mario del Monaco| Elena Nicolai| Clara Petrella| Franco Ghione| Alberto Erede| Coro e Orchestra dell'Accademia di Santa Cecilia| Orchestra e coro del Teatro alla Scala| Milano
115886,Mario feat. Nicki Minaj
115887,Mario von Stürmer
115895,Marion Raven
115903,Marios Giannakakis
115912,Marisa Monte
115917,Marisela
115920,Marisol
115921,Mariss Jansons
115928,Mariss Jansons| Wiener Philharmoniker
115930,Marissa Barden
115932,Marissa Cordes
115933,Marissa Haacke
115934,Marissa Nadler
115939,Marit Larsen
115957,Mariya Takeuchi (竹内まりや)
115959,Mariza
115985,Mark B
115990,Mark Bale feat. Cosmo Klein
115991,Mark Ballas
115993,Mark Barrott
116002,Mark Berry
116045,Mark Douthit
116055,Mark Eitzel
116074,Mark Forster
116075,Mark Fox & Angelika Thome
116087,Mark Hamilton
116091,Mark Henning
116096,Mark Holiday| Trendsetter
116102,Mark Imperial
116103,Mark Isham
116122,Mark Knopfler
116125,Mark Kozelek
116130,Mark Lane
116132,Mark Lanegan Band
116147,Mark Mancina
116148,Mark Masri
116156,Mark McKenzie
116159,Mark Medlock
116170,Mark Miralles| Patrick Hizon
116172,Mark Morrison
116173,Mark Mothersbaugh
116175,Mark Murphy
116183,Mark Northam
116204,Mark Pritchard
116208,Mark Read
116209,Mark Redito
116221,Mark Ronson
116222,Mark Ronson & Katy B
116223,Mark Ronson & The Business Intl
116226,Mark Ronson feat. Bruno Mars
116227,Mark Ronson feat. Kevin Parker
116232,Mark Ryal
116238,Mark Sayfritz
116244,Mark Shane's X-mas Allstars
116253,Mark Sia
116258,Mark Sixma & Emma Hewitt
116259,Mark Sixma and Kill The Buzz
116261,Mark Sixma| Emma Hewitt
116263,Mark Sixma| Jonathan Mendelsohn
116265,Mark Sixma| M6| Standerwick
116269,Mark Snow
116273,Mark Sparks
116278,Mark Stent
116282,Mark Storm
116286,Mark Suozzo
116292,Mark T. Massey
116300,Mark Turner
116303,Mark Vank & Miza
116322,Mark Wynter
116323,Mark Yamanaka
116346,Marketa Irglova
116351,Markham Anderson
116359,Marko Bulat
116376,Marks
116385,Markus Becker
116391,Markus Fagervall
116392,Markus Feehily
116393,Markus Fix
116400,Markus Krunegård
116405,Markus Riva
116406,Markus Schulz
116409,Markus Schulz featuring Ethan Thompson
116410,Markus Schulz featuring Mia Koo
116430,Marlai Acoustic
116438,Marlena Shaw
116442,Marlene Dietrich
116443,Marlene Dietrich & Edith Piaf
116447,Marlene Sai
116449,Marley B
116458,Marlisa
116459,Marlise Ganz & Ambassador Quartett
116461,Marlo
116474,Marlon Roudette
116478,Marlounsly
116486,Marmalade Kitchen
116491,Marmeload
116498,Marnik
116508,Maroon 5
116509,Maroon 5 Tribute Team
116511,Maroon 5 슈퍼싸이렌스
116513,Maroon Town
116521,Marq Lamont
116527,Marques Houston
116530,MarquesAngel
116552,Marriage over Love OST
116559,Marry Waterson & Oliver Knight
116563,Mars Black
116565,Mars Lasar
116570,Mars Today
116587,Marsha Ambrosius
116589,Marsha Ambrosius feat. Ne-Yo
116592,Marshall & Alexander
116594,Marshall Charloff
116597,Marshall Jefferson
116600,Marshall McGuire
116616,Marshmello
116617,Marshmello ft. Angelica de No
116639,Marta Ren
116657,Marteria
116663,Martha Argerich
116666,Martha Argerich/Charles Dutoit/Orchestre Symphonique De Montreal
116667,Martha Argerich/Dora Schwarzberg/Lucia Hall/Nobuko Imai/Mischa Maisky/Marie-Luise Neunecker/Natalia Gutman/Alexandre Rabinovitch-Barakovsky
116669,Martha Argerich/Various
116670,Martha Argerich| Itzhak Perlman
116672,Martha Argerich|Daniel Barenboim
116676,Martha Argerich|Mstislav Rostropovich
116689,Martha Reeves & The Vandellas
116721,Martika
116747,Martin Decay
116760,Martin Frost
116768,Martin Gallop
116769,Martin Garrix
116770,Martin Garrix & Firebeatz
116771,Martin Garrix & Jay Hardway
116772,Martin Garrix & MOTi
116773,Martin Garrix & TV Noise
116774,Martin Garrix feat. Usher
116775,Martin Garrix| Bebe Rexha
116776,Martin Garrix| Dua Lipa
116777,Martin Garrix| Florian Picasso
116778,Martin Garrix| Jay Hardway
116779,Martin Garrix| Julian Jordan
116780,Martin Garrix| Matisse| Sadko
116781,Martin Garrix| Third Party
116782,Martin Garrix| Tiësto
116786,Martin Gordon
116802,Martin Jacoby
116806,Martin Jensen
116808,Martin Jondo
116814,Martin Kinrus
116830,Martin Luke Brown
116832,Martin Meister
116836,Martin Newell
116872,Martin Solveig
116873,Martin Solveig & GTA
116874,Martin Solveig feat Dragonette Karaoke Band
116886,Martin Stock
116891,Martin Tungevaag
116895,Martin Van Lectro
116897,Martin Villiger
116900,Martin West
116902,Martin Zellar & The Hardways
116910,Martina Linn
116912,Martina McBride
116923,Martine McCutcheon
116943,Marty
116973,Marty Obey
116975,Marty Robbins
116983,Martyn
116998,Martynas
117009,Martín Savi
117023,Marva King
117034,Marvellous Cain feat. Randy Valentine & Dan I & Kelly
117047,Marvin Divine
117050,Marvin Gaye
117051,Marvin Gaye & Kygo
117053,Marvin Gaye Tammi Terrell
117056,Marvin Hayes
117061,Marvin Meets Banda Do Sul
117064,Marvin Sapp
117077,Marwan Rahbani| Ghadi Rahbani
117089,Mary Black
117092,Mary Broadcast
117093,Mary Byrne
117096,Mary Carpenter
117098,Mary Chapin Carpenter
117105,Mary Did You Know?
117110,Mary Fahl
117119,Mary Hampton
117122,Mary Hopkin
117124,Mary J. Blige
117128,Mary Jane Girls
117140,Mary Lou Williams
117142,Mary Macgregor
117149,Mary Mary
117160,Mary PopKids
117162,Mary Poppins Original Soundtrack
117175,Mary Walker
117177,Mary Wells
117181,Mary's Blood
117190,Marydolls
117191,Maryel Mamas Worship
117193,Maryla Rodowicz
117214,Marz Ferrer
117225,María Ayo
117238,Marília Mendonça
117246,Masaaki Fujioka (藤岡正明)
117251,Masafumi Komatsu
117252,Masafumi Takada
117255,Masaharu Fukuyama (福山雅治)
117269,Masaki Hanakata
117271,Masaki Ueda (上田正樹)
117275,Masako Iwanaga & Yumi Matsuzawa (岩永雅子 & まつざわゆみ)
117278,Masamichi Matsui (松井まさみち)
117284,Masaru Yokoyama (横山克)
117290,Masayoshi Fujita
117291,Masayoshi Fujita & Jan Jelinek
117292,Masayoshi Takanaka (高中正義)
117294,Masayoshi Yamazaki
117302,Mase
117303,Masego
117304,Masen Lea
117305,Masen Lee
117306,Maserati
117311,Masetti
117325,Mashiro Ayano
117326,Mashona
117329,Mashup
117330,Mashup DJ's
117332,Mashup-Germany feat. Lion Bardot
117341,Mask
117343,Maska
117346,Maska feat. Maître Gims
117353,Masketta Fall
117362,Mason Bates| San Francisco Symphony| Michael Tilson Thomas
117367,Mason Jennings
117368,Mason Lea
117379,Masquerader
117380,Masrhón
117385,Mass Gothic
117394,MassAffect
117395,MassMan
117412,Massage Spa Academy
117414,Massage Therapy Guru
117419,Massage Tribe
117440,Massimiliano Pagliara
117454,Massimo Farao Trio
117467,Massimo Luca
117472,Massimo Ranieri
117474,Massimo Scalieri
117484,Massive Attack
117485,Massive Base & Buri feat. Morano
117493,Massive Wagons
117495,Massivedrum
117499,Mast Ali
117503,Masta DblG
117504,Masta Killa
117508,MastaMic
117510,Mastacraft
117511,Mastah Chef
117519,Master Blaster
117535,Master P
117538,Master Series Fitness
117548,Master's Sun OST
117549,Master-J 마스터제이
117550,Masterboy
117553,Mastercuts Presents Trip Hop
117556,Mastermind
117557,Mastermind Guile
117561,Masters & Nickson
117562,Masters (Jayceeoh And On&On)
117567,Masters Of Hip Hop
117578,Masters of Rock
117581,Mastery
117584,Mastiksoul
117587,Mastodon
117595,Mat Bahr
117598,Mat Hunsley
117599,Mat Kearney
117606,Mat Zo
117607,Mat Zo & Porter Robinson
117612,Matador
117623,Match Point
117624,Matchbook Romance
117625,Matchbox
117627,Matchbox Twenty
117638,Mateo Bocca
117644,Materia
117646,Material Girls
117648,Material of Mind (Material of Mind)
117656,Math and Physics Club
117657,Mathai
117660,Matheus & Kauan
117662,Mathew Anderson
117667,Mathew V
117679,Mathieu Blue
117680,Mathieu Boogaerts
117691,Mathieu Lamboley
117700,Mathilde Santing
117706,Maths Time Joy
117707,Mathé Altéry
117722,Matilda
117730,Mating Ritual
117733,Matisse & Sadko
117734,Matisyahu
117745,Matoma
117747,Matoma & Gia
117748,Matoma & The Notorious B.I.G
117749,Matoma| Astrid S
117750,Matoma| Becky Hill
117756,Matrimony
117759,Matrix & Futurebound
117761,Matroos(매트루스)
117768,Mats Radberg & Rankarna
117775,Matstubs
117778,Matsumae Kaho (松前 香帆)
117787,Matt Andersen
117793,Matt Beilis
117794,Matt Belsante
117797,Matt Bianco
117798,Matt Black
117803,Matt Bowdidge
117807,Matt Brewer
117808,Matt Brewer| Tyshawn Sorey
117810,Matt Bukovski
117811,Matt Bukovski & Eloquentia feat. Adara
117812,Matt Bukovski| A.R.D.I.
117813,Matt Cab
117815,Matt Cardle
117816,Matt Cardle| Melanie C
117828,Matt Corby
117832,Matt Costa
117835,Matt DeFreitas
117841,Matt DiMona
117843,Matt Duke
117845,Matt Dusk
117849,Matt Elliott
117857,Matt Fax
117859,Matt Franco
117894,Matt Johnson
117905,Matt Kivel
117923,Matt Maher
117931,Matt McAndrew
117942,Matt Monro
117953,Matt Nash
117956,Matt Nathanson
117961,Matt Palmer
117965,Matt Penman
117975,Matt Redman
117990,Matt Simons
117997,Matt Terry
118000,Matt Tomlinson
118008,Matt Watkins
118012,Matt Wertz
118013,Matt White
118017,Matt Woods
118020,Matt and Kim
118025,MattRach
118028,Mattanoll
118031,Matteah Baim
118032,Mattei & Omich feat. Elisabeth
118033,Matteo
118085,Matthew Dear
118086,Matthew E. White
118105,Matthew Heyer| Jonas Wak
118110,Matthew James
118112,Matthew Jay
118114,Matthew Koma
118116,Matthew Kramer & Vernon
118117,Matthew Kurz
118120,Matthew Lien
118124,Matthew Mayfield
118129,Matthew Morrison
118135,Matthew Parker
118138,Matthew Perryman Jones
118143,Matthew Raymond Barker
118146,Matthew Ryan
118150,Matthew Sweet
118155,Matthew West
118158,Matthew and the Atlas
118164,Matthias Adler| Dennis Beutler| Henriettas Park
118179,Matthias Knudsen
118184,Matthias Reim
118186,Matthias Siegrist
118188,Matthias Tanzmann
118191,Matthias Zimmermann
118192,Matthieu Gonet| Sylvain Goldberg| Lise Orivel
118194,Matthieu Mendes
118196,Matti Bye
118197,Matti Forrini
118198,Matti Hirvonen
118205,Mattia Cupelli
118228,Matty J. Ruys
118235,MattyB
118244,Maty Noyes
118248,Matzka
118265,Mauli
118269,Maunalua
118285,Maureen Toth
118293,Maurice Andre
118302,Maurice Chevalier
118309,Maurice Jarre
118317,Maurice Moore
118321,Maurice Ravel
118330,Maurice West
118372,Maurizio Pollini
118373,Maurizio Pollini [Piano] Vladimir Ashkenazy [Piano] Lang Lang [Piano] Sviatoslav Richter [Piano]
118395,Mauro Di Michele
118401,Mauro Gubbiotti
118408,Mauro Picotto
118419,Mausi
118427,Maverick Sabre
118432,Mavis Staples
118444,Max
118445,Max & Bianca
118453,Max Barskih
118461,Max Brodie
118468,Max Cooper
118480,Max Elto
118481,Max Emanuel Cencic
118491,Max Frost
118496,Max Gandossi
118499,Max Giesinger
118511,Max Hunter
118512,Max Ionata| Clarence Penn| Reuben Rogers
118515,Max Joni| Dayne S
118516,Max Jury
118517,Max J| Coockies
118525,Max Learon| Maxx| me2u| Michael Allen| Mike Sweet| Moving| Niceek| Nova Beat| Peter Marco| Playful| Power Stage| Rish| Satori Panic| Sergei Pulse| Sergey Pilipenko| Shahruh| Spellrise| Stereo Sport| TechSpace| TimeMoment| Twinkle Sound| V. Novikov| DJ Pa
118539,Max Milner
118542,Max Mutzke
118549,Max Oro
118557,Max Pizzolante
118561,Max Raabe
118566,Max Relax
118568,Max Richter
118570,Max Richter|André de Ridder|Konzerthaus Kammerorchester Berlin|Daniel Hope
118572,Max Roach
118575,Max Roach Quintet
118576,Max Roach|Clifford Brown
118577,Max Romeo
118581,Max Schneider
118582,Max Schneider feat. Against The Current
118604,Max Vangeli| De KiBo
118605,Max Vangeli| Flatdisk
118608,Max Vertigo
118624,MaxRiven
118637,Maxence Cyrin
118639,Maxence Larrieu| Carlo de Matola| Antonio de Matola
118641,Maxence Luchi
118646,Maxi Dolan
118647,Maxi Kingdom
118648,Maxi Madrid
118650,Maxi Payne
118651,Maxi Priest
118673,Maxim Vengerov
118678,Maxim Vengerov/UBS Verbier Festival Chamber Orchestra/Lawrence Power
118679,Maxim Vengerov| Daniel Barenboim and Chicago Symphony Orchestra
118681,Maxim Vengerov| Mstislav Rostropovich| London Symphony Orchestra
118686,Maxime Le Forestier
118692,Maximilian Hecker
118701,Maximo Park
118707,Maximum Penalty
118712,Maxine Brown
118717,Maxine Sullivan
118728,Maxwell
118741,Maxx Roach
118747,Maxxx Musik
118749,May
118750,May & July
118757,May J.
118763,May'n
118769,Maya Amirah
118789,Maya Payne
118805,Maybe Greys
118810,Maybeshewill
118816,Mayday Parade
118819,Mayer Hawthorne
118823,Mayhem
118824,Mayhem Gulch
118831,Mayki Murat Başaran
118838,Maynard Ferguson
118844,Mayo Okamoto (岡本真夜)
118848,Mayor Boss
118853,Mayra Veronica
118857,Maysa
118867,Mayu Watanabe (渡辺麻友)
118869,Mayuko Kamio
118871,Mayumi Itsuwa
118875,Mayutsuba (Mayutsuba)
118883,Mazde
118886,Maze Featuring Frankie Beverly
118891,Mazoni
118903,Mazzy Star
118908,Maître Gims
118942,Mc Grisdinili
118949,Mc Kekel
118954,Mc Lon
118956,Mc Miker & DJ Sven
118963,Mc Solaar
118966,Mc Zaac & Mc Jerry
118971,McBusted
118981,McCoy Tyner
118987,McFadden & Whitehead
118989,McFly
118994,McKenna Faith
118995,McKenna Hydrick
119013,Mclusky
119019,MdCL Presents Sy Smith
119022,Mdpc
119028,Me & My
119038,Me First And The Gimme Gimmes
119042,Me In Motion
119047,Me Too
119056,Me&You
119061,MeShell Ndegeocello
119062,MeWithoutYou
119064,Meachie Day
119072,Meadowlark
119073,Meadows
119074,Meaghan Smith
119082,Mean's
119094,Meat Loaf
119095,Meat Loaf & Bonnie Tyler
119097,Meat Puppets
119103,Meaux Green| Caked Up
119105,Meav
119106,Meav Ni Mhaolchatha
119110,Mecano
119116,Meccicco Ssosegee
119139,Medeski| Martin & Wood
119145,Medi Sadoun et Franck Gastambide
119158,Medicine
119160,Medicine Head
119164,Medieval Renaissance Music Ensemble
119165,Mediks
119166,Medina
119171,Meditacao Clube
119174,Meditation
119177,Meditation & Integration
119188,Meditation House
119191,Meditation Masters
119195,Meditation Music Dreaming
119201,Meditation Music Zone
119212,Meditation Relax Club
119218,Meditation Relaxation Club
119221,Meditation Spa
119228,Meditation Spa Society
119233,Meditation Spirit
119251,Meditations for Organ| Trumpet| Clarinet and Oboe
119253,Meditationsmusik Guru
119259,Meditative Music Guru & Chakras Yoga Spécialistes & Chakra Meditation Specialists
119266,Mediterránea
119269,Medleys of Worship Volume
119270,Medline
119271,Medlz
119275,Medwyn Goodall
119279,Meech Guevara
119282,Meek Mill
119315,Mefisto
119319,Meg Baird
119322,Meg Myers
119346,Mega Tracks Karaoke
119347,Mega Tracks Karaoke Band
119348,Mega Trife
119352,Megabrytes
119356,Megadeth
119361,Megahurtz| Curly-Stache| MegaHurtz| Curly-Stache
119365,Megan & Liz
119366,Megan & Liz Feat. Memphis High
119370,Megan Dallas
119371,Megan Davies
119377,Megan Hilty
119379,Megan Lee
119385,Megan Nicole
119386,Megan Nicole & Alex Goot
119387,Megan Nicole & Dave Days
119389,Megan Nicole & Jason Chen
119394,Megan Nicole & Wesley Stromberg
119400,Megan Taylor's Winter
119401,Megan Vice
119431,Meghan Trainor
119432,Meghan Trainor| LunchMoney Lewis
119441,Megumi Hayashibara (林原めぐみ)
119442,Megumi Mori (森 恵)
119459,Mehrdad Asemani
119461,Mehrzad Marashi
119471,Meiko
119484,Meir Rimon
119486,Meisa Kuroki (黒木メイサ)
119488,Meiso
119498,Meiway
119501,Meja
119507,Meklit Hadero
119512,Mel
119517,Mel Blake
119519,Mel Brooks
119531,Mel Love
119545,Mel Tormé
119564,Melanie
119565,Melanie Amaro
119568,Melanie B
119570,Melanie C
119574,Melanie Durrant
119575,Melanie Dyer
119578,Melanie Fiona
119584,Melanie Marod
119585,Melanie Martinez
119590,Melanie Pain
119596,Melano
119601,Melba Moore
119611,Melbourne Symphony Orchestra| Sir Andrew Davis| Erin Wall
119618,Meleg Zene
119620,Melendi
119625,Meli Rodriguez| Matcho| Newball
119626,Meli'Sa Morgan
119629,Melina
119646,Melissa
119657,Melissa Flanigan
119658,Melissa Forbes
119671,Melissa Manchester
119673,Melissa McClelland
119677,Melissa Noonan
119678,Melissa O'Neil
119684,Melissa Steel
119689,Melisses
119695,Mell Tierra
119697,MellemFingaMuzik
119702,Mello Music Group
119717,MellowHype
119720,Mellowdrone
119741,Melodies of Cathay
119742,Melodiesinfonie
119743,Melodifestivalfavoriter
119756,Melody Day
119759,Melody Gardot
119768,Melodyline
119778,Melosa
119779,Melosense
119789,Melt-Banana
119799,Melvin & Ana
119809,Melvins
119822,Meme
119833,Memoir
119834,Memoirs of A Geisha
119840,Memorias Musicales del Mariachi
119841,Memories
119848,Memory Tapes
119850,Memoryhouse
119854,Memphis Bleek
119857,Memphis May Fire
119869,Memphis Ukulele Band
119871,Memtrix
119879,Men In Black
119887,Men at Work
119899,Menace Beach
119906,Menaka
119908,Mendelssohn
119911,Mendelssohn Edition
119912,Mendelssohn Piano Trio
119914,Mendelssohn/Bruch
119922,Mendull Man
119923,Mendum
119937,Menno de Jong featuring Noire Lee
119938,Menno de Jong| Stereojackers v Mark Loverush| Shelley Harland
119949,Menswear
119960,Mentecy
119981,Meramek
119995,Mercedes Sosa
119999,Mercenary
120004,Merchandise
120010,Merciless
120016,Mercury Mad & The Plastic Bitches
120018,Mercury Rev
120021,Mercuzio Pianist
120022,Mercy
120032,Mercy Weiss| Claudio Meluzzi
120034,MercyMe
120039,Meredith Andrews
120041,Meredith Brooks
120045,Meredith Monk
120072,Meridian Rogue (メリディアンローグ)
120078,Meriç
120080,Merk & Kremont ft. Bongom
120089,Merle Haggard
120094,Merle Travis
120095,Merle Travis And Joe Maphis
120115,Merrill
120117,Merriment
120120,Merry Christmas
120123,Merry Christmas Jazz
120124,Merry Christmas Niños
120126,Merry Christmas Party Singers
120130,Merry Christmas Singers
120131,Merry Christmas in Jazz
120132,Merry Christmas: 30 Best Tunes Ever
120139,Merry Mixmas: Christmas Classics Remix
120141,Merry Tune Makers
120156,Merwin
120158,Merymos
120164,Mes One
120167,Mesarthim
120175,Meshinda
120177,Meshugge Klezmer Maniacs
120181,Mesparrow
120187,Messenger
120191,Messgram
120192,Messiah (Highlights)
120202,Mest
120224,Metal Church
120232,Metal Masters
120235,Metal Ragers
120243,Metallica
120247,Metalocalypse: Dethklok
120262,Meth Ghost Rae
120266,Method
120267,Method Man
120268,Method Man & Redman
120272,Methyl Ethel
120284,Metric
120286,Metrik
120287,Metrixx
120290,Metro Boomin
120293,Metro Karaoke
120294,Metro Karaoke Classics
120295,Metro Karaoke Singles
120296,Metro Station
120297,Metro Tune
120298,Metro Vocal Group
120306,Metronomy
120311,Metropole
120317,Metropolitan Jazz Quartet
120321,Metropolitan Opera Orchestra| James Levine
120334,Meu & Teu
120339,Mew
120341,Mex Cortez
120342,Mexiachi
120357,Mexico & Mariachis
120361,Mexico: Fiestas of Chiapas & Oaxaca
120362,Mexicution
120372,Mezclas
120374,Mezonic
120381,Mezzotint
120382,Mezzowave
120400,Mi$taCaLii
120404,Mi-Yu
120410,MiC LOWRY
120414,MiMi & the MAD NOiSE FACTORY
120425,Mia Diekow
120437,Mia Martina
120438,Mia Martina feat. Waka Flocka
120458,Miami Disco Kings
120463,Miami Horror
120464,Miami House Music
120472,Miami Sound Machine
120474,Miami Tip
120479,Miaou
120480,MiatriSs
120492,Mic Gold
120505,Mic Winters
120510,Mica
120512,Mica Levi
120514,Mica Paris
120516,Micachu & The Shapes and the London Sinfonietta
120523,Micaela Schäfer
120543,Micar feat. Nico Santos
120545,Mice On Stilts
120546,Mice Parade
120564,Michael Alexander
120565,Michael Allen Harrison
120569,Michael Andrews
120570,Michael Angelakos
120571,Michael Angelo Batio
120578,Michael Badal & Shanokee
120581,Michael Ball
120596,Michael Blum
120599,Michael Bolton
120607,Michael Brecker
120609,Michael Brook
120614,Michael Brun & Rune RK feat. Denny White
120616,Michael Brun feat. Louie
120624,Michael Bublé
120631,Michael C. Hall| Original New York Cast of Lazarus
120633,Michael Calfan
120636,Michael Canitrot
120637,Michael Card
120640,Michael Carreon
120642,Michael Caruso
120645,Michael Cavanaugh
120646,Michael Chance
120654,Michael Claudio
120659,Michael Constantino
120664,Michael Crawford
120666,Michael Crossman
120671,Michael Dease
120686,Michael Falch
120688,Michael Fall & DJ J-Nice
120691,Michael Feiner & Caisa
120692,Michael Feinstein
120693,Michael Felberbaum
120703,Michael Franks
120704,Michael Franti & Spearhead
120715,Michael Gettel
120717,Michael Giacchino
120723,Michael Gray
120745,Michael Henderson
120747,Michael Henry & Justin Robinett
120752,Michael Hoppe
120771,Michael J Sheehy
120773,Michael J. Emery
120777,Michael Jackson
120778,Michael Jackson & Jackson 5
120779,Michael Jackson & Justin Timberlake
120780,Michael Jackson Duet with Akon
120794,Michael Johnathon
120797,Michael Jones
120803,Michael Kamen
120808,Michael Kevin Jones
120814,Michael Kiwanuka
120816,Michael Kleitman
120822,Michael Kwan|Tracy Huang
120834,Michael Learns To Rock
120849,Michael Logozar
120855,Michael Maas
120858,Michael Malarkey
120862,Michael Mansion
120874,Michael Mayer
120879,Michael McCuistion| Kristopher Carter and Lolita Ritmanis| Kristopher Carter| Michael McCuistion| Lolita Ritmanis
120881,Michael McDonald
120890,Michael Mind
120891,Michael Mind Project
120894,Michael Mitchell
120914,Michael Nesmith
120919,Michael Nyman
120934,Michael Parkinson: My Life In Music
120942,Michael Patrick Kelly
120945,Michael Pedicin Jr.
120962,Michael Ponti| Louis de Froment| Radio Luxembourg Symphony Orchestra
120980,Michael Ray
120991,Michael Rodriguez
120992,Michael Rohatyn
120997,Michael Ruff
120999,Michael Ryan
121002,Michael Salvatori & Martin O'Donnell
121006,Michael Schenker
121008,Michael Schenker Group
121009,Michael Schenker's Temple Of Rock
121010,Michael Schenker’s Temple of Rock
121017,Michael Schulte
121032,Michael Siciliano
121034,Michael Silverman
121036,Michael Silverman Jazz Piano Trio
121049,Michael Sowbug
121050,Michael Sparks
121053,Michael Spiro| Wayne Wallace| La Orquestra Sinfonietta
121055,Michael Stangel
121057,Michael Stasis
121081,Michael Thornton| Yumi Hwang-Williams| Andrew Litton
121110,Michael Wayne Smith
121112,Michael Wendeberg| Axel Bauni| Stefan Litwin
121119,Michael Whalen
121122,Michael Williams
121128,Michael Wycoff
121134,Michael Zoah
121139,Michael 孫 (Michael Sun)
121149,Michaela Paige
121156,Michal Ho
121162,Michal Szpak
121175,Michalis Hatzigiannis
121185,Michał Wiśniewski
121186,Micheal Bubble
121194,Micheal White
121196,Michel
121208,Michel Boegner| Les Solistes de France
121210,Michel Camilo
121218,Michel Corboz
121221,Michel Delpech
121242,Michel Legrand
121257,Michel Petrucciani
121267,Michel Plasson/Barbara Hendricks/Orchestre du Capitole de Toulouse
121278,Michel Teló
121293,Michele Boegner
121294,Michele Bravi
121303,Michele Finessi
121305,Michele Garruti| Giampaolo Pasquile
121306,Michele Grandinetti
121311,Michele Lynn
121317,Michele Schiano
121319,Michele Thibeaux
121331,Michelle Battaglia
121336,Michelle Branch
121350,Michelle Featherstone
121370,Michelle Simonal
121374,Michelle Tumes
121381,Michelle Wiley| Alexandre Hiele| David Stier
121382,Michelle Williams
121388,Michelle143
121390,Michi/michimemoir
121399,Michiko Tsuda
121402,Michita
121403,Michiyo Matsushita
121404,Michiyo Trio
121406,Michl
121432,Mick Harvey
121433,Mick Hucknall
121436,Mick Jagger and Dave Stewart
121437,Mick Jenkins
121440,Mick Lion
121463,Mickael Miro
121464,Mickael Viegas
121474,Mickey Baker
121479,Mickey Factz
121480,Mickey Factz x Nottz
121483,Mickey Finn's T.Rex
121487,Mickey Hart Band
121495,Mickey Lightfoot
121502,Mickey Valen
121514,Micky Blue
121530,Miclordz & Sauce Funky
121537,Microdot
121539,Microdot| 산체스 (팬텀)
121541,Microlin
121543,Micromakine
121548,Microtrauma
121560,Midday Sun
121563,Middle Brother
121564,Middle Distance Runner
121569,Middle Of The Road
121578,Midge Ure
121579,Midget Loco
121591,Midland
121594,Midnight
121603,Midnight Faces
121608,Midnight Lamp 미드나잇 램프
121613,Midnight Meetings
121617,Midnight Nightmare
121618,Midnight Oil
121626,Midnight Savari
121631,Midnight Star
121633,Midnight Youth
121635,Midnight to Monaco
121637,Midnighters
121641,Midnite String Quartet
121645,Midori
121647,Midori Karashima (辛島美登里)
121658,Miduki Nishida (西田美津希)
121659,Midway
121673,Miel de Botton
121676,Mielo| Ieuan
121678,Miesa
121688,Mighty 44
121692,Mighty Diamonds
121706,Mighty Mouth
121707,Mighty Oaks
121711,Mighty Sam McClain
121713,Mighty Sparrow & Byron Lee
121716,Mightyfools
121720,Migos
121726,Miguel
121735,Miguel Bosé
121754,Miguel Migs
121784,Miguel Zenon
121787,Miguel feat. Kendrick Lamar
121789,Miguel y Oscar y la Fantasia
121807,Mihara Keigo (三原慧悟)
121808,Mihi Kim
121809,Miho Fukuhara (福原美穂)
121813,Miho Nozawa
121815,Miike Snow
121820,Mija| Vindata
121822,Miju.Rich by Masato Yoshizawa
121830,Mika Agematsu
121836,Mika Nakashima (中島美嘉)
121837,Mika Nakashima X Miliyah (中島美嘉×加藤ミリヤ)
121865,Mikael Wiehe & Mörbyligan & KSMB & Ebba Grön & Nationalteatern & Eldkvarn
121873,Mikako Komatsu (小松未可子)
121887,Mike & The Mechanics
121901,Mike Ant
121913,Mike Baker the Bike Maker
121923,Mike Bloomfield| Al Kooper| Steve Stills
121939,Mike Checc| DJ Hollygrove
121946,Mike D. Angelo
121951,Mike Dece
121952,Mike Delinquent Project
121959,Mike Donehey (Tenth Avenue North)| Steven Curtis Chapman| Mark Hall (Casting Crowns) and Mandisa
121976,Mike Gannon
121984,Mike Haase
121994,Mike Higham| Matthew Margeson
121999,Mike Huckaby
122000,Mike Ibarra
122008,Mike Jones
122015,Mike Klash feat. Jay Scott
122035,Mike Mago
122036,Mike Mago & Dragonette
122042,Mike McFLY
122050,Mike Mogis and Nathaniel Walcott
122056,Mike Moreno
122072,Mike Oldfield
122078,Mike Patton
122082,Mike Perry
122084,Mike Perry| Stephan M| Vanity
122088,Mike Posner
122093,Mike Quick
122104,Mike Rexx
122111,Mike Rosso
122116,Mike Saint-Jules
122124,Mike Sandusky
122128,Mike Scot
122141,Mike Slafka
122150,Mike Stern
122154,Mike Stud
122160,Mike Taylor
122163,Mike Techh
122169,Mike Tompkins
122170,Mike Tompkins| Tyler Ward & Kurt Hugo Schneider
122177,Mike Vallas
122178,Mike Van Fabio
122193,Mike Will Made-It
122194,Mike Will Made-It| Rihanna
122195,Mike Williams
122201,Mike Zito
122217,Mikedashe
122219,Mikee (Athens)
122226,Mikel Goverchini
122242,Miketon & The Nightblinders
122252,Mikey Mayz
122260,Mikey Spice
122261,Mikey Wax
122262,Mikey Yellow
122268,Mikhail Chekalin
122277,Mikhail Pletnev
122279,Mikhail Pletnev/Philharmonia Orchestra/Libor Pesek
122305,Miki Imai (今井美樹)
122308,Miki Munakata (宗像美樹)
122312,Mikidee
122314,Mikill Pane
122321,Mikkel Christiansen & Lættis Weed
122327,Mikki| Minni
122336,Mikko Tarmia
122338,Mikky Ekko
122340,Miklos Rozsa
122354,Mikomfwa Heavenly Choir
122355,Mikrobi.T
122363,Miku and Friends
122364,Miky D
122366,Miky Mora
122376,Mila J
122392,Milana Misic
122403,Milcz Serce
122407,Mild High Club
122413,Mile davis
122434,Miles Davis
122438,Miles Davis & John Coltrane
122439,Miles Davis & Michel LeGrand
122445,Miles Davis All Stars
122449,Miles Davis Quintet
122471,Miles Davis| Robert Glasper| Bilal
122477,Miles Graber
122478,Miles Kane
122489,Miley Cyrus
122490,Miley Cyrus & Hannah Montana
122491,Miley Cyrus vs. Cedric Gervais
122493,Mili
122505,Milk
122507,Milk & Bone
122513,Milk Inc.
122520,Milkbar
122530,Milky Chance
122534,Milla
122555,Millers Daughter
122559,Milli Vanilli
122561,Millia (Millia)
122578,Million Kinds
122579,Million Star Best Song
122588,Millions
122589,Millionyoung
122604,Milo Greene
122605,Milo Mills
122617,Milos Karadaglic
122620,Milosh
122621,Milow
122625,Milt Jackson
122646,Milton Nascimento
122694,Mimosa
122697,Mimsi
122700,Min Chae
122709,Min Yeon Jae feat. 4Men
122710,Min Yeon Jae feat. Yoon Min Soo
122711,Min Young Gong
122714,Mina
122723,Minah (Girl's Day)
122728,Minami Kizuki
122729,Minami Kuribayashi (栗林みな実)
122730,Minami Takahashi (高橋みなみ)
122735,MinaruP (みなるP)
122751,Mind Over Matter
122761,Mind Vortex
122772,Mindcrusher
122773,Minden
122780,Mindfulness Meditation Music Spa Maestro
122781,Mindfulness Meditation Music Spa Maestro & Yoga Music Followers
122788,Mindi Abair
122791,Mindless Behavior
122797,Mindrot
122804,Mindset
122816,Mindy McCready
122818,Mindy Smith
122827,Minecraft Jams
122837,Ming Lin
122867,Miniature Tigers
122868,Minidisco
122876,Minimal Groove
122894,Minimono
122898,Minions
122918,Ministry Of Funk
122919,Ministry of Da Funk
122924,Ministry of Sound Chilled House Session
122925,Ministry of Sound Presents: Club Nation 2011
122929,Minitel Rose
122935,Minjee Choi
122938,Mink Jo feat. Konshens
122947,Minnie Driver
122949,Minnie Riperton
122954,Mino G
122960,Minor Alps
122964,Minor Science
122966,Minor Victories
122968,Minori Chihara (茅原実里)
122969,Minors 半成年
122973,Minotauro
122976,Minstrel Spirit
122980,Mint Condition
122981,Mint Julep
122988,Minuit
122992,Minus 8 & JSebK
122993,Minus Blue
122995,Minus One
122997,Minus-One
123002,Minutes Til Midnight
123011,Mio Isayama (諫山実生)
123028,Mira & Adam
123031,Mirabai Ceiba
123033,Mirac
123035,Miracle At St. Anna
123042,Miracle Vell Magic
123044,Miracle of Sound
123049,Mirage Music
123050,Mirah
123052,Mirai
123059,Miranda Cosgrove
123061,Miranda Lambert
123068,Miranda!
123079,Mirei Touyama (當山　みれい)
123084,Mirek
123087,Mirella Freni
123092,Mirelle| Anthony
123098,Miriam Bryant
123105,Miriam Makeba
123127,Mirko Hu 胡海峰
123142,Miro's Child
123143,Miroca Paris
123168,Miryam Latrece
123170,Miryam feat. Magic Juice
123171,Miryo
123174,Mis Pequeñines
123175,Mis-Teeq
123194,Mischa Daniels feat. J-Son
123196,Mischa Daniels| Dennis Christopher
123198,Mischa Maisky
123211,Miseo
123225,Misha B
123232,Misha Mishenko
123238,Misha Tsiganov
123245,Mishima
123247,Mishka
123256,Misja Helsloot
123262,Miso
123263,Misokkasu (ミソッカス)
123267,Miss $
123271,Miss Babayaga DJ| Dj Josh Blackwell
123281,Miss Destiny
123290,Miss Fame
123309,Miss Lady Shadow
123312,Miss Ma
123313,Miss Mary
123314,Miss May I
123323,Miss Monochrome (ミス・モノクローム（CV：堀江由衣）)
123327,Miss PattyCake
123329,Miss Platnum
123334,Miss S
123341,Miss Swizz
123351,Miss Wang
123363,Misser
123370,Missing Hours
123380,Mission Of Burma
123381,Mission Six
123385,Mississippi John Hurt
123390,Missouri
123396,Missy Elliott
123397,Missy Higgins
123429,Mistah F.A.B.
123437,Mister Aul
123441,Mister CR
123449,Mister Heavenly
123473,MisterWives
123482,Mistic
123487,Mistletoe Singers
123489,Mistletoe Symphony| Traditional Christmas Song| Christmas Hits Group
123500,Misty Edwards
123502,Misty Miller
123526,Mitch Miller & The Gang
123544,Mitchel Musso
123545,Mitchell
123550,Mitchell Rose
123555,Mitchie M feat.初音未來
123565,Miten
123574,MitiS
123590,Mitsuhiro
123593,Mitsuko Uchida (内田光子)
123598,Mitsumete cat's eye (見つめてキャッツアイ)
123599,Mitsuru Matsuoka EARNEST DRIVE
123602,Mitsuyuki
123618,Miucha
123619,Miura Daichi (三浦大知)
123626,Mix
123630,Mix By Dj Sam / Remix By T&M Powel
123645,Mixed by DJ @llen
123664,Miyagi
123665,Miyako Irikura (入倉 都)
123666,Miyako Koda
123667,Miynt
123672,Miyuki Nakashima (中島みゆき)
123673,Miyuki Takahashi
123680,Mizan
123683,Mizmor
123694,Mizz Nina
123699,Mjolnir
123704,Mlada Fronta
123709,Mladi Džek
123717,Mmmm!
123718,Mmp Crew
123720,Mndsgn
123723,Mnozil Brass
123725,Mo
123736,Mo Rooneh
123744,Mo'Horizons
123747,Mo2
123753,MoNa a.k.a Sad Girl
123755,MoQ
123756,MoTrip
123758,MoZella
123761,Moa Lignell
123767,Moana Karaoke
123768,Moanjam
123780,Mobb Deep
123788,Mobile Melody Series (Mobile Melody Series)
123804,Moby
123805,Moby & The Void Pacific Choir
123806,Moby Grape
123810,Mob| Figgaz
123812,Mocca
123813,Mocca Garden
123820,Mochi to Cheeze (もちとちーず)
123830,Mocki
123834,Mocky
123839,Mod Sun
123841,Moda
123843,Modana
123844,Modana & Carlprit
123856,Models
123858,Moden
123861,Modeplex
123862,Moderat
123867,Modern Baseball
123876,Modern Darakbang
123879,Modern English
123889,Modern Machines
123900,Modern Rock Heroes
123903,Modern Space
123906,Modern Talking
123907,Modern Talking & Blue System
123921,Modeselektor
123922,Modest Jazz Trio| Jim Hall
123923,Modest Mouse
123928,Modestep
123930,Modestep| Trolley Snatcha
123937,Modjo
123944,Modularity Think
123946,Module Citizen
123969,Moe欣欣
123971,Mofak
123983,Moguai
123985,Mogwai
124005,Mohamed Ragab feat. Jaren
124017,Mohammed El-Bakkar & His Oriental Ensemble
124020,Mohammed Rafi
124036,Mohombi
124047,Moira Dela Torre
124048,Moira Kerr
124060,Mojave 3
124073,Mojo Makers
124095,Mokita
124096,Mokita| Cade
124106,Moksi
124117,Moleco Gaz
124124,Molesta Ewenement
124126,Molia
124134,Mollie King
124135,Mollie Marriott
124139,Molly
124143,Molly Burch
124146,Molly Hatchet
124148,Molly Johnson
124149,Molly Kate Kestner
124160,Molly Pettersson Hammar
124163,Molly Sandén
124168,Molly.D
124175,Molotov Cocktail Piano
124190,Momento
124204,Momo Kodama
124207,Momoco (Momoco)
124208,Momoiro Clover Z (ももいろクローバーZ)
124220,Mon DJ & David Denoia
124236,Mona Lisa
124238,Monade
124242,Monarch
124245,Monarchy
124259,Monday Kiz
124267,Monday満ちる
124270,Mondo Candido
124286,Mone Kamishiraishi (上白石萌音)
124292,Money
124296,Money Boy
124333,Monga Rave
124336,Mongo Santamaria
124337,Mongo Santamaria His Orchestra
124339,Mongo Santamaría y Su Orquesta
124340,Mongol Horde
124349,Monica
124350,Monica & Brandy
124366,Monica Heldal
124367,Monica Huggett
124374,Monica Mancini
124379,Monica Naranjo
124394,Monica Zetterlund
124397,Monica feat. Lil Wayne
124406,Monika Borzym
124417,Moniker
124423,Monique Brumby
124428,Monique Haas
124429,Monique Haas| Heinz Schröter
124431,Monique Kessous
124439,Monita Tahalea
124446,Monkey
124451,Monkey DJ| Silvano Del Gado
124452,Monkey Disco Boy
124459,Monkey Majik + 吉田兄弟
124466,Monkey Warriors
124478,Monks of The Abbey of Notre Dame
124483,Monn
124485,Monnina
124489,Mono & world's end girlfriend
124517,Monogem
124525,Monolake
124526,Monoless
124528,Monolith / Polylith
124533,Monolog
124550,Monoxide
124553,Monrose
124567,Monsieur Nov
124575,Monsta
124583,Monster High
124584,Monster Hunter 3 (Tri)
124587,Monster Karaoke
124589,Monster Magnet
124592,Monster Mayweather
124593,Monster Movie
124609,Monstercat
124612,Monsters Of Folk
124627,Monta
124630,Montag
124631,Montaigne
124634,Montana B
124641,Montana of 300
124667,Monteasy
124671,Montefroid| Blade from Jestofunk
124673,Montell Jordan
124679,Montgomery Gentry
124680,Montgomery Smith
124684,Monthly MVZ feat. AYA by stepic
124691,Montmartre
124695,MontparnassE
124705,Montserrat Caballe
124710,Montserrat Caballé|Luciano Pavarotti|Dame Joan Sutherland|Zubin Mehta|Nicolai Ghiaurov|London Philharmonic Orchestra
124711,Montserrat Figueras/Hesperion Xx/Jordi Savall
124716,Monty Are I
124728,Monty Python's Spamalot
124730,Monty Sunshine
124737,Monumental Torment
124740,MonyHorse & Junkman & PETZ
124753,Mood Music Band
124761,Moodorgan
124767,Moodus Drum and Fife Corps - Est. in 1860
124775,Moog Conspiracy
124783,Moomaw
124789,Moon Boots
124799,Moon Hee Jun
124800,Moon Hooch
124811,Moon River
124812,Moon Rocket
124820,Moon Taxi
124831,Moonbeam
124832,Moonbeam featuring ARCHNGL
124838,Moonbeam featuring Polina Griffith
124841,Moonbootica feat. Anthony Mills
124846,Moonchild
124850,Moonfall
124866,Moonlight Matters
124868,Moonlight Orchestra
124874,Moonlight Sonata | Mondschein Sonate (L. V. Beethoven)
124876,Moonlight Steffi
124883,Moonmoon
124889,Moonrush
124910,Moor Mother
124917,Moors
124922,Moose the Tramp
124924,Moosh & Twist
124945,Morandi
124947,Morat
124955,Morcheeba
124958,Mord'a'Stigmata
124965,Mordhell
124975,More From Pitch Perfect
124983,More Songs About Anger| Fear| Sex & Death
125024,Morgan Alexander
125035,Morgan Erina
125048,Morgan Mimosa
125050,Morgan Page
125055,Morgan Page| Sultan + Ned Shepard & BT
125058,Morgan Riley
125086,Moriah Peters
125102,Moritz Garth
125107,Morizio
125109,Mork (A Tribute To Dj Baauer)
125118,Mormon Tabernacle Choir| Richard P.Condie| Philadelphia Orchestra & Eugene Ormandy
125134,Morning Musume (モーニング娘。)
125135,Morning Musume。’15 (モーニング娘。’15)
125136,Morning Musume。’16
125139,Morning Runner
125152,Moro & the Silent Revolution
125155,Morocco Dave
125170,Morphé
125173,Morrie
125185,Morris Fantasy
125187,Morris Jones
125195,Morrissey
125202,Morsy| Noone Costelo
125214,Morten
125219,Morten Hampenberg & Yepha
125233,Mortillery
125238,Morton Gould
125242,Morttagua| Kyanna
125250,Mos Def
125258,Mosalini Teruggi Cuarteto
125288,Mose
125293,Moseek
125305,Moses Sumney
125308,Mosh Dive Crew
125309,Mosh36
125320,Moska & Nezzo
125329,Moss
125331,Moss Kena
125332,Moss Of Aura
125364,Motel 11-11
125386,Mother Goose
125387,Mother Goose Club
125412,Mothercountry
125416,Motherlode
125418,Mothers
125419,Mothers Finest
125426,Mothica
125427,Mothman Apparatus
125434,Motion Graphics
125441,Motionless In White
125445,Motivation
125450,Motley Crue
125456,Motohiro Hata (秦基博)
125461,Motor
125467,Motorcycle Boy
125469,Motorfingers
125471,Motorik Beat
125474,Motorpsycho
125477,Motown #1's
125478,Motown 50
125479,Motown Celebrates Black History
125481,Motown Love
125496,Motörhead
125498,Mould| Niko de Vries
125500,Moulin rouge
125501,Moullinex
125503,Mouloud
125506,Mount & Nicolas Haelg
125513,Mount Eerie| Julie Doiron| Fred Squire
125521,Mountain
125526,Mountain Mountain
125539,Moura Lympany
125548,Mouse On Mars
125549,Mouse on The Keys
125555,Moussa Traore
125556,Mousse T.
125557,Mousse T. Remixed Files
125565,Mouth Tooth
125573,Move
125574,Move D
125592,Movetown
125594,Movie 930
125595,Movie And The Music
125608,Movie Orchestra
125610,Movie Sound Effects
125611,Movie Sounds Unlimited
125614,Movie Soundtrack All Stars
125621,Movie Tribute Stars
125628,Moving Castles
125629,Moving Fusion
125637,Moving Sticks
125655,Moxie
125661,Moxy Fruvous
125664,Moya
125669,MoyoyoMiyazawa (宮沢もよよ)
125671,Mozambo| Basic Tape
125672,Mozart
125676,Mozart - Rimsky Korssakoff - Chopin - Liszt - Schumann - Schubert
125678,Mozart Best loved adagios
125682,Mozart Festival Orchestra
125684,Mozart Festival Orchestra Conducted by Alberto Lizzio| Mozart Festival Orchestra
125685,Mozart Festival Orchestra| Alberto Lizzio
125686,Mozart Festival Orchestra| Alberto Lizzio| Svetlana Stanceva
125690,Mozart For My Baby
125695,Mozart Lullabies Ensemble
125707,Mozart: Violin Concertos Nos. 3 & 5
125713,Mozes And The Firstborn
125714,Mozez
125732,Mpcsauce
125744,Mr Absolutt
125764,Mr Bouvier
125774,Mr Danny & Ruben Tortosa
125776,Mr Dendo
125778,Mr Eazi
125779,Mr Eazi| Juls
125785,Mr Fijiwiji
125817,Mr Little Jeans
125829,Mr Mono
125832,Mr NurBayan
125835,Mr Oneness
125853,Mr Sam
125854,Mr Sam vs. DJ Furax
125855,Mr Sanka
125857,Mr Selwyn
125865,Mr Twin Sister
125872,Mr.
125879,Mr. AL Mac
125882,Mr. Acker Bilk & His Paramount Jazz Band
125894,Mr. Arm & Hammer Whipping
125895,Mr. B
125900,Mr. Big
125907,Mr. Bland
125936,Mr. ColliPark| Atom Pushers| DJ Wavy| Mr. ColliPark| Atom Pushers| DJ Wavy
125940,Mr. Criminal
125975,Mr. Fingers
125985,Mr. G
125999,Mr. Hanzo
126014,Mr. Jet Black| Jessman
126026,Mr. Knightowl
126039,Mr. Low-D (Mr. Low-D)
126044,Mr. ME
126057,Mr. Miss
126058,Mr. Mister
126060,Mr. Molly
126071,Mr. Oizo
126073,Mr. P Chill
126076,Mr. Party
126078,Mr. Paul
126086,Mr. Piano
126088,Mr. Pizza
126089,Mr. Polska
126092,Mr. President
126093,Mr. Probz
126094,Mr. Probz feat. Chris Brown & T.I.
126109,Mr. Rogers
126113,Mr. Ruff
126118,Mr. Sancho
126123,Mr. Saxobeat
126149,Mr. Tac
126167,Mr. V
126168,Mr. Vegas
126172,Mr. Warren
126173,Mr. Way-Better
126182,Mr. X
126187,Mr. Zivago
126189,Mr.&譚詠麟
126209,Mr.Freddy
126257,MrSuicideSheep
126267,Mree
126271,Mrm Team
126280,Mrs. GREEN APPLE
126301,Ms. Barbara Tucker Feat. Darryl Dbonneau
126303,Ms. Go Ham
126307,Ms. Irene Renee
126312,Ms. Krazie
126315,Ms. Lauryn Hill
126325,Ms.Dynamite
126327,Ms.OOJA
126336,Msso Munich Symphonic Sound Orchestra
126339,Mstislav Rostropovich
126340,Mstislav Rostropovich/Berliner Philharmoniker/Herbert Von Karajan/Orchestre National De France/Leonard Bernstein
126343,Mstislav Rostropovich|Benjamin Britten
126344,Mstislav Rostropovich|Berliner Philharmoniker|Herbert von Karajan
126347,Mstislav Rostropovich|Martha Argerich|National Symphony Orchestra Washington
126350,Msylirik| Mekza| Young G| DJ Sebb
126353,Mt Eden feat. Diva Ice
126362,Mt. Eden feat. Freshly Ground
126366,Mt. Wolf
126373,Mtume
126410,Mud Flow
126413,Mudcats Blues Trio
126420,Muddy Waters
126433,Mudvayne
126443,Muffin Songs
126452,Muggsy Spanier
126461,Mugzy da Money Maker
126483,Muk Gyewol
126484,Mukesh
126489,Mukimukimanmansu
126491,Mukta
126494,Mul-Ty
126495,Mula Gang
126502,Mulberry Lane
126525,Multi-Ego
126537,Mum
126543,Mumford & Sons
126547,Mumiy Troll
126561,Muna
126583,Mundwerk-Crew feat. Stefan Dettl
126586,Muney
126593,Mungo's Hi Fi
126595,Mungo's Hi-Fi
126596,Munhoz & Mariano
126603,Munich Jazz Quartet
126626,Muno feat. Rudeboy
126632,Mura Masa
126637,Murat Akkaya
126652,Murcof| Vanessa Wagner
126665,Murderdolls
126666,Murderer's Row
126672,Muriel Anderson
126675,Muriel Mwamba
126679,Muriel Stanton Band
126681,Murk
126689,Murohashi Takuya
126703,Murray Head
126710,Murray Perahia
126717,Murray Perahia| Radu Lupu| Sir George Solti
126718,Murray Perahia| Symphonie Orchester des Bayerischen Rundfunks| Sir Colin Davis| Bavarian Radio Symphony Orchestra| Academy Of St. Martin-In-The-Fields| Sir Neville Marriner
126719,Murray Porter
126727,Murs
126744,Muscles
126745,Muse
126767,Mushroom Hunter
126776,Music And Lyrics - Music From The Motion Picture
126780,Music Box
126784,Music Box Mania
126788,Music Factory
126789,Music Factory Karaoke
126794,Music Factory| Rainbow Cartoon| Roby Pagani
126800,Music For Absolute Sleep| Nature Sounds for Sleep and Relaxation
126803,Music For Cats
126809,Music For My Weekend
126813,Music From And Inspired By The
126814,Music From Baz Luhrmann's Film The Great Gatsby
126815,Music From French Lounge
126820,Music From The City Of Angels Motion Picture Soundtrack
126822,Music From The Motion Picture ''Evita''
126824,Music From The Motion Picture Beowulf
126825,Music From The Motion Picture Fred Claus
126827,Music From The Motion Picture Ocean's Thirteen
126831,Music From The O.C.
126833,Music From The World of OSHO
126835,Music From and Inspired by the Film Kill Your Friends
126837,Music From the Motion Picture 21
126838,Music From the Motion Picture Empire
126840,Music Idols
126842,Music Inspired By：The Chronicles Of Narnia - The Lion、The Witch And The Wardrobe
126845,Music Kreation
126846,Music Kreation Kidz
126852,Music Mayhem
126858,Music Of The 20s| 30s And 40s
126863,Music Pioneerz
126867,Music Sounds Better With You
126871,Music That Will Make You Cry
126874,Music Themes Band
126875,Music Themes Group
126876,Music Themes Players
126880,Music Therapy at Home
126881,Music To Focus & Meditate
126882,Music Together
126892,Music and cinema hits orchestra
126894,Music for Babies
126898,Music for Deep Relaxation Meditation Academy
126921,Music from the Motion Picture The Curious Case of Benjamin Button
126924,Music in Style
126927,Music of Italy
126935,Music to Help You Sleep & Relax
126936,Music to Relax in Free Time
126939,Music with Gina
126945,Music-Themes
126952,Musica Ad Rhenum & Jed Wentz
126956,Musica Antiqua Köln|Reinhard Goebel
127016,Musica Sacra
127034,Musica para Bebes| Rain for Deep Sleep| Sounds of Nature White Noise Sound Effects
127038,Musica para Entrenar Dj
127051,Musical Cast Recording
127058,Musical Creations Karaoke
127059,Musical Creations Studio Musicians (Karaoke)
127061,Musical Highlights
127064,Musical Mania
127069,Musical Score Productions
127070,Musical Spa
127074,Musical Youth
127083,Musicen
127132,Musing With Canon
127133,Musiq
127135,Musiq Soulchild
127137,Musiqq
127140,Musique Box
127141,Musique Classique
127144,Musique De Film
127174,Musique pour Dormir
127184,Musketeers
127191,Muslimgauze
127193,Musou Band
127200,Must Love Dogs-Music from the Motion Picture
127204,Mustache Kindergarten
127213,Mustafa JJ
127218,Mustafa Sandal
127231,Mustard Pimp
127237,Mustbeat
127248,Mutants presents John Dahlbäck & Albin Myers: Myback
127252,Mute Contour
127255,Muted Screams
127257,Mutemath
127278,Muttonheads
127281,Mutual
127282,Mutual Benefit
127284,Mutya Buena
127285,Mutya Keisha Siobhan
127288,Muvy
127291,Muxy| Oshea
127300,Muzi Mnisi
127309,Muzikjunki
127318,Muzzy
127339,My Afternoon
127341,My Amends
127344,My Aunt Mary
127351,My Best Friend's Wedding Music From The Motion Picture
127353,My Big Fat Greek Wedding
127355,My Bloody Valentine
127358,My Blueberry Nights OST
127372,My Chemical Romance
127373,My Chemical Romance / Tyler Bates
127378,My Darkest Days
127382,My Dear Addiction
127395,My Dry Wet Mess
127403,My Fair Lady
127419,My Friend The Chocolate Cake
127421,My Girl電視原聲帶
127427,My Heart Will Go On
127439,My Invisible Friend
127441,My Jazz & Champagne
127452,My Life Story
127455,My Little Lover
127456,My Little Memory
127457,My Little Pony
127459,My Love
127460,My Love From the Star
127468,My Monkey
127469,My Morning Jacket
127473,My Name Is Khan
127480,My One And Only
127492,My Pilates Workout
127504,My Secret Service
127509,My Sister’s Keeper - Music From The Motion Picture
127522,My Sweet Lord
127525,My Tam
127527,My Ticket Home
127531,My Way
127537,My kind of Christmas
127542,MyKill & Walker
127549,Mya
127558,Mychael Danna
127559,Mychael Danna & Jeff Danna
127560,Mychael Danna| Jeff Danna
127571,Myele Manzanza
127591,Mykel Myers
127593,Mykki Blanco
127597,Mykki Blanco feat. Woodkid
127601,Mykonos Lounge
127604,Myleene Klass
127606,Mylene Farmer
127614,Myles Sanko
127618,Mylo
127621,Mylène Farmer| Sting
127623,Mymymy
127631,Mynista
127635,Myomyo
127636,Myon
127637,Myon & Shane 54 + Late Night Alumni
127640,Myon & Shane 54 with Kyler England
127645,Myoungseong Taekwondo(명성태권도)
127659,Myriam Fares
127663,Myrkur
127667,Myrne
127682,Myrus
127687,Myslovitz
127704,Mysteriouz Muziiq
127709,Mystery Jets
127714,Mystery Skulls
127721,Mystic Chords of Memory
127733,Mystic Roots Band
127734,Mystic Rose
127753,Mystique
127769,Mythos
127774,Myung Joo Kim
127776,Myung-Whun Chung|Coro dell'Accademia Nazionale Di Santa Cecilia|Andrea Bocelli|Orchestra dell'Accademia Nazionale di Santa Cecilia
127780,Myung-Whun Chung|Orchestre Philharmonique de Radio France|Roger Muraro
127784,Myungs And Juns And Hasu
127807,MÄCK
127809,MÉSZÁR KRÚ
127810,MÖWE & Daniel Nitt
127812,MØ
127813,MØ feat. Diplo
127826,Máximo Pujol
127836,Mårten Falk
127839,Mélanie René
127842,Mêlée
127851,Möno
127854,Møme
127893,Münchener Bach-Orchester|Karl Richter|Münchener Bach-Chor|Peter Schreier
127907,Müşfik Kenter
127912,N (VIXX)| YEOEUN (MelodyDay)
127921,N'Dambi
127931,N'kenge
127936,N-616
127938,N-Blundedo
127939,N-DUBZ
127946,N-Sonic
127947,N-Sync
127951,N-qia
127957,N.A.S.A.
127969,N.E.R.D.
127974,N.Flying
127984,N.O.B.U!!!
127988,N.O.R.E.
127990,N.P.E.自由引力
127997,N.W.A.
128000,N.Y&Bicycle
128008,N1NT3ND0
128009,N2 Cat Crew
128013,N2O
128017,N3onthetrack
128019,N8N
128026,NADA
128037,NAMA Orchestra| David Owens
128038,NAME #TIWH
128044,NANO
128045,NANOME
128047,NAO
128057,NATARIE IN THE DREAM
128065,NAVI
128066,NAVVI
128071,NB Ridaz
128074,NBA
128081,NC.A
128082,NC.A| YOOK SUNG JAE (BTOB)
128086,NCT
128087,NCT 127
128088,NCT DREAM
128089,NCT U
128105,NEEDS
128106,NEEDTOBREATHE
128110,NEIKED
128123,NEON樂團
128124,NERVO
128125,NERVO & Hook N Sling
128126,NERVO & Ivan Gough featuring Beverley Knight
128128,NERVO feat. Au Revoir Simone
128129,NERVO featuring Duane Harden
128130,NERVOUS TOP TEN PRIDE ANTHEMS 2007
128131,NERVO| SAVI
128133,NESSI
128137,NEW AGE HEAVEN
128138,NEW BREED
128148,NEW YORK CITY BALLET ORCHESTRA/ROBERT IRVING| CONDUCTOR
128149,NEW:NAME
128152,NEW音樂家庭
128153,NEX-I
128154,NEXT Collective
128161,NF
128165,NG Jun Qiao/Alex AU/ Terry KO@153 Studio
128172,NGHTMRE
128173,NGHTMRE & A-F-R-O
128174,NGHTMRE & SLANDER
128184,NHK交響楽団メンバーによる管楽アンサンブル
128187,NIALL & Lynne Sibley
128190,NICCO| Chris Deelay
128195,NICO Touches the Walls (NICO Touches the Walls)
128201,NIGHTMARE
128208,NINA
128210,NINETIZ
128211,NINETYNINE 99樂團
128212,NINGENCLUB
128224,NIYARI計画
128227,NJ
128232,NKOTBSB
128242,NMR Digital
128252,NO NAME
128258,NO.MERCY
128266,NOCTURNAL BLOODLUST
128267,NOCTURNAL RON
128270,NOFX
128272,NOGAWA kazune
128280,NONONO
128284,NORIKIYO
128302,NOVELS
128307,NOWHERE BOY
128317,NRA
128322,NRJTK| O.P.| Outerspace| Pavel Vladimirov| Plyashe| Relais| Royal Music Paris| Alex Cue| Sazankin Dmitriy| Serzh Ginn
128325,NS Yoon-G
128327,NSC| Ciprian Iordache
128329,NSFW
128332,NSYT
128335,NTM
128336,NTQ
128340,NU RI
128341,NU'EST
128342,NUBACK
128345,NUMBER VOGEL
128346,NUNNU (NUNNU)
128362,NYE Party Band
128367,NYOY VOLANTE & THE MANNOS
128374,NZCA Lines
128387,Na Palapalai
128390,Na Yoon Kwon
128394,Na-RanG
128397,NaNa
128398,NaNa 西田惠里奈
128400,NaShow
128403,Naadwomo
128418,Nabiha
128425,Nabowa
128427,Nabowa x 黃玠
128435,Nach
128439,Nachetanya Loei Piena Augustra (CV: Hikasa Yoko)
128443,Nacho Cano
128452,Nacho Vegas
128457,Nachtblut
128461,Nachtterror| Altars of Grief
128466,Nackiss
128474,Nada Surf
128479,Nadama
128480,Nadan
128481,Nadan Music
128482,NadanMusic
128484,Nadastrom
128502,Nadia Ali
128515,Nadia Malm
128516,Nadia Malm feat. Svenstrup & Vendelboe
128517,Nadia Oh
128522,Nadia Rose
128549,Nadus
128568,Nafis
128580,Nagisa
128581,Nagisa Kuroki (黒木渚)
128586,Naguale
128594,Nahar
128595,Nahawa Doumbia
128596,Nahko and Medicine for the People
128599,Nahuel Schajris & Enzo Buono
128601,Nahzam Sue
128608,Naibu
128619,Nailed To Obscurity
128636,Najee
128678,Nakenterprise
128683,Nakiyasoul
128684,Nakjoon (Bernard Park)
128689,Nakos J
128711,Nam Woo Hyun
128712,Nam Young Joo
128717,Namaste
128725,Namasté
128727,Nambardar
128737,Namfon Pawanrat
128741,Nami Tamaki (玉置成実)
128744,Namie Amuro (安室奈美恵)
128745,Namika
128753,Namolla Family New
128754,Namolla family JW(나몰라패밀리 JW)
128758,Namuneulbo
128759,Namy
128765,Nana
128770,Nana Dams
128771,Nana Fujita (藤田奈那)
128775,Nana Kitade (北出菜奈)
128776,Nana Mizuki (水樹奈々)
128777,Nana Mouskouri
128778,Nana Nyc
128779,Nana Ou-yang| Tien-Lin Chiang
128780,Nana Park
128787,Nanameue-P (斜め上P)
128790,Nanamori-Chu☆Goraku-Bu (七森中☆ごらく部)
128794,Nanase Aikawa (相川七瀬)
128848,Nancy Sinatra
128856,Nancy Wilson
128886,Nangman Band(낭만유랑악단)
128895,Nann
128905,Nano William
128913,NanohanA. (NanohanA.)
128924,Nao
128926,Nao Matsushita (松下　奈緒)
128927,Nao Suzuki
128928,Naohito Fujiki (藤木直人)
128930,Naoki Kishimoto (岸本直樹)
128936,Naomi
128937,Naomi & Goro
128944,Naomi Pilgrim
128950,Naomi Tatsuoka
128952,Naotaro Moriyama (森山直太朗)
128954,Naoufel
128957,Nap Eyes
128961,Napalm Death
128985,Nappy Roots
128996,Nara Leão
129001,Narciso Yepes
129002,Narciso Yepes|Godelieve Monden|Luis Antonio Garcia Navarro
129006,Narcosis
129026,Nari & Milani
129055,Nas
129063,Nascuy Linares
129073,Nash Ensemble
129075,Nash One
129082,Nashville Cast
129099,Nashville Session Singers
129100,Nashville Session Stars
129163,Nas| Dave East| Lin-Manuel Miranda & Aloe Blacc
129169,Nat Conway
129176,Nat King Cole
129181,Nat King Cole Trio
129199,Nat 鶴天賜
129206,Natacha Atlas
129207,Natacha Kudritskaya
129215,Natali Noor
129224,Natalia Gutman| Elisso Wirssaladze
129226,Natalia Jiménez
129229,Natalia Kills
129231,Natalia Lafourcade
129248,Natalie
129251,Natalie Bassingthwaighte
129253,Natalie Brown
129256,Natalie Clein
129257,Natalie Clein/Charles Owen
129259,Natalie Cole
129263,Natalie Dessay
129274,Natalie Emmons
129277,Natalie Gang
129279,Natalie Grant
129281,Natalie Hamler
129284,Natalie Imbruglia
129285,Natalie Jean
129286,Natalie Joan
129287,Natalie La Rose
129292,Natalie Maines
129298,Natalie Merchant
129299,Natalie Oliveri
129301,Natalie Pearson
129304,Natalie Prass
129309,Natalie Taylor
129310,Natalie Walker
129324,Natascha
129331,Natasha Bedingfield
129345,Natasha Marsh
129348,Natasha Mosley
129358,Natasha St-Pier
129359,Natasha Thomas
129361,Natasha Watts
129374,Nate Dogg
129375,Nate Evans
129384,Nate James
129387,Nate Marialke
129395,Nate Radley
129398,Nate Ruess
129402,Nate Smoove
129448,Nathan Carter
129457,Nathan Fake
129460,Nathan Furst
129462,Nathan Goshen
129467,Nathan Gunn
129468,Nathan Halpern
129469,Nathan Hartono
129473,Nathan Jess
129481,Nathan Lanier
129492,Nathan Milstein
129499,Nathan Milstein|Claudio Abbado
129518,Nathan Sykes
129524,Nathan Wang
129526,Nathan Watson| Steve Salvari & Ashley Clark
129530,Nathaniel
129537,Nathaniel Merriweather
129539,Nathaniel Rateliff
129540,Nathaniel Rateliff & The Night Sweats
129563,National Anthems of the World Orchestra
129568,National Chinese Orchestra Taiwan
129573,National Lampoon Lemmings
129583,National Skyline
129612,Native Daughters
129632,Natrue White Noise
129634,Natsuki
129636,Natsuki Morikawa
129637,Natsuko Hosokawa
129639,Natsume Mito (三戸なつめ)
129648,Nattsmyg
129658,NatuSounds
129670,Natural Forest Sounds
129671,Natural Healing
129675,Natural Matiz
129676,Natural Mind
129686,Natural Sleep Aid Baby Club
129691,Natural Sounds
129701,Natural Water Sounds
129703,Natural White Noise for Sleep| Relaxation| Spa and Healing
129706,Naturally 7
129708,Nature
129726,Nature Music Sanctuary
129734,Nature Sound Effect
129738,Nature Sound Series
129745,Nature Sounds
129760,Nature Sounds Nature Music| Meditation Music Zone & Asian Zen Spa Music Meditation
129775,Nature Sounds Sleep Solution for Tinnitus & Meditation Yoga Music & Zen Music Club
129793,Nature Sounds| Zen Meditation and Natural White Noise and New Age Deep Massage| Nature Sounds Nature Music
129801,Nature White Noise for Relaxation and Meditation
129806,Nature's Harmony
129812,Nature's Spa Music
129816,Naturescapes for Mindfulness Meditation & Oasis of Meditation & Zen Musik Guru
129819,Natusumba Dance
129826,Naughty Boy
129829,Naughty by nature
129832,Nause
129851,Navi
129853,Navi feat. Kebee
129854,Navi(나비)
129866,Navigators
129867,Navii
129878,Nawan Alisin
129888,Naya
129889,Naya Rivera feat. Big Sean
129890,Naybahud F.O.L.K.S
129891,Nayer
129903,Nazar
129906,Nazareno Aversa
129907,Nazareth
129909,Naze
129915,Nazim| HYBYM
129924,Naïve
129931,Ncs Production
129936,Ndidi O
129946,Ne Obliviscaris
129949,Ne-Yo
129976,Neal Schon
129982,Near The Parenthesis
130000,Nebu Kiniza
130001,Nebula
130008,Neck Deep
130013,Necro
130020,Necrophagist
130037,Ned Nash Orchestra
130052,Neeb Bogatar
130057,Needle&Gem
130064,Neekoh
130070,Neele Ternes
130080,Neeme Järvi|Göteborgs Symfoniker|Gil Shaham
130088,Neeti Mohan
130101,Nefé
130116,Negicco
130118,Nego Bam
130123,Negra Li
130124,Negramaro
130126,Negrita
130128,Negro Jari
130137,Negura Bunget
130138,Negwhite Major
130162,Neil Charles
130169,Neil Diamond
130173,Neil Finn| Paul Kelly
130175,Neil Halstead
130189,Neil Ogley
130196,Neil Sedaka
130200,Neil Sekada| Roy Orbison| Jerry Lee Lewis
130202,Neil Young
130205,Neil Young And Crazy Horse
130207,Neil Zaza
130222,Nek
130224,Nekfeu
130225,Neko Case
130240,Nel$on
130247,Nell
130256,Nellie Lutcher
130265,Nelly
130267,Nelly Furtado
130278,Nels Cline & Julian Lage
130288,Nelson Freire
130295,Nelson Ned
130297,Nelson Rangell
130299,Nelson Riddle
130303,Nelsons Platinum Themes
130315,Nemesea
130316,Nemesis
130324,Nems
130325,Nena
130331,Neneh Cherry
130343,Neo
130344,Neo Geo
130345,Neo Ghetto
130355,Neocolours
130361,Neon
130365,Neon Bunny
130369,Neon Dreams
130371,Neon Hitch
130373,Neon Hits
130377,Neon Jungle
130378,Neon Lights
130381,Neon Neon
130387,Neon Trees
130402,Neotokio3
130403,Neoul
130404,Neovaii
130405,Nepan Sher
130411,Nephren-ka
130414,Neptune Black
130417,Neptunica
130419,Neptunica feat. Matt DeFreitas
130420,Nera
130431,Neri Per Caso
130434,Nerina Pallot
130438,Nero
130446,Neru
130454,Nervochaos
130459,Nervous July 2014 - DJ Mix
130472,Nesian Mystik
130486,Nesta
130512,Netsky
130530,Neumeyer Consort
130532,Neuports
130534,Neuraxis
130541,Neurobash
130543,Neuromanzer
130546,Neurosis
130547,Neurosis (Spain)
130559,Neutral Milk Hotel
130570,Nevada
130585,Never Enuf!
130587,Never Let Go
130595,Never Shout Never
130605,NeverMind
130608,Neverest
130610,Neverland
130617,Neverstore
130627,Nevio
130632,New Age
130636,New Age Harp Band
130639,New Age Instrumental Harp
130645,New Age Music Ensemble
130666,New Anime Revolution
130671,New Arcades
130677,New Balance
130679,New Bands Fans
130680,New Batavia Band
130688,New Boyz
130711,New Clear Sound
130714,New Country Collective
130727,New District
130731,New Dynasty (뉴 다이너스티)
130732,New Edition
130735,New Empire
130740,New Found Glory
130743,New Gentury Old Oland
130747,New Hansen
130750,New Heights
130756,New Hollow
130781,New Kids On The Block
130782,New Kids in Town
130790,New Life Worship
130799,New Medicine
130810,New Musical West End Orchestra
130812,New Navy
130816,New Order
130817,New Order / Joy Division
130848,New Pop Studio Orchesta
130851,New Professionals
130855,New Radicals
130860,New Ridaz
130861,New Riders of The Purple Sage
130870,New Soul Funk
130888,New Tribute Kings
130892,New Urban Jazz
130909,New World Sound
130912,New World Sound and Thomas Newson
130923,New Year's Concert 2008
130924,New Year's Eve 2012 - The greatest Hits 2012
130932,New Year's Eve Playlist| New Year's Party| New Year's Party 2016
130936,New Years Day
130941,New York
130948,New York City Jazz
130951,New York City Opera Orchestra|Richard Bonynge|Dame Joan Sutherland|Luciano Pavarotti|Marilyn Horne
130953,New York Community Choir
130955,New York Dolls
130959,New York Jazz Collective
130961,New York Jazz Lounge
130973,New York Movie
130978,New York Philharmonic Orchestra & Zubin Mehta
130995,New York Staff Band
131004,New Young Pony Club
131025,Newborn Baby Sleep Ensemble
131027,Newborn Baby Song Academy
131030,Newborn Sleep Music Lullabies
131044,Newkid
131057,News Out
131058,News for Lulu
131059,Newsboys
131060,Newskal & Kim Jinhyang
131062,Newsong
131068,Newton Faulkner
131072,Newyork Love Diary
131073,New Politics
131078,Next
131081,Next Cool Combo
131090,Nexus Piano Duo
131093,Nexx Chapter
131098,Ney Matogrosso
131119,Ngaiire
131152,Nhật Tinh Anh
131158,NiGE HOOD
131179,Niall Horan
131203,Nic Chagall featuring Jonathan Mendelsohn
131207,Nic Jones
131218,Nica & Joe
131231,Nice & Smooth
131233,Nice As Fuck
131259,Nicholas Angelich/Frankfurt Radio Symphony Orchestra/Paavo Järvi
131262,Nicholas Barron
131264,Nicholas Britell
131268,Nicholas David
131272,Nicholas Gunn
131273,Nicholas Hooper
131280,Nicholas McDonald
131282,Nicholas Merzi
131289,Nicholas Sechaud| Ravin
131292,Nicholas Vitale
131298,Nichole Nordeman
131299,Nicholis Louw
131302,Nick
131312,Nick Bean
131314,Nick Black| Chaotic Order
131315,Nick Brewer
131320,Nick Carter
131323,Nick Cave & The Bad Seeds
131324,Nick Cave & Warren Ellis
131330,Nick Colletti
131331,Nick Cope
131345,Nick De La Hoyde
131356,Nick Drake
131363,Nick Fidenza
131365,Nick Fiorucci
131367,Nick Fradiani
131378,Nick Glennie-Smith
131379,Nick Grant
131383,Nick Hagelin
131385,Nick Hall
131389,Nick Heyward
131391,Nick Hinton
131392,Nick Hissom
131397,Nick Hook
131398,Nick Hook| Martin Sharp
131399,Nick Howard
131402,Nick Ingman
131405,Nick Johnson
131407,Nick Jonas
131408,Nick Jonas The Administration
131413,Nick Kingswell
131417,Nick Lachey
131427,Nick Lopez
131437,Nick Mastermind| Jaybird
131453,Nick Murphy
131458,Nick Nicely
131459,Nick Nicholson
131472,Nick Pride & The Pimptones
131486,Nick Skitz
131498,Nick Swardson
131501,Nick Thayer
131512,Nick Urata
131523,Nick Waterhouse
131525,Nick Wax and Trenix present Eireann Wax
131527,Nick Wells
131529,Nick Willaims
131549,Nicke Borg Homeland
131550,Nicked Drake
131555,Nickelback
131560,Nicki Bliss
131567,Nicki Minaj
131568,Nicki Minaj & Cassie
131572,Nicki Minaj| Mike WiLL Made-It
131573,Nicki Minaj|Jessie J|Ariana Grande
131574,Nicki Parrott
131580,Nickodemus
131591,Nicky Byrne
131595,Nicky Jam
131596,Nicky Jam & Enrique Iglesias
131601,Nicky Marzette
131610,Nicky Romero
131611,Nicky Romero & Mitch Crown
131612,Nicky Romero vs. Krewella
131614,Nicky Romero|Anouk
131627,Nico
131628,Nico & Vinz
131647,Nico Muhly
131648,Nico Muhly & Teitur
131656,Nico Vega
131658,Nico Yaryan
131672,Nicola Barghi
131673,Nicola Benedetti
131676,Nicola Benedetti|Kirill Karabits|Bournemouth Symphony Orchestra
131680,Nicola Conte
131686,Nicola Fasano| Miami Rockets
131689,Nicola Giunta
131691,Nicola Hall
131693,Nicola McGuire| Ailbhe Hession| Kayla McDonagh
131701,Nicola Roberts
131739,Nicolas Jaar
131761,Nicolas Zimmermann
131769,Nicole Atkins
131771,Nicole Bernegger
131772,Nicole Blaze
131783,Nicole Cross
131789,Nicole Ferreira
131791,Nicole Freytag
131793,Nicole Henry
131802,Nicole Knox Murphy
131806,Nicole Millar
131811,Nicole Nelson
131814,Nicole Rayy
131820,Nicole Scherzinger
131821,Nicole Scherzinger| T.I.
131822,Nicole Sheahan
131832,Nicolette Larson
131837,Nicolo Paganini
131838,Nicolo Stilo & Toninho Horta
131866,Niek de Groot| Catherine Klipfel
131867,Niel
131879,Niels Lan Doky
131900,Nigel Hall
131904,Nigel Kennedy
131915,Nigel North
131916,Nigel Stanford
131917,Nigel Westlake
131934,Night Demon
131937,Night Fever
131939,Night Fever High Song
131941,Night Fever Song Best
131947,Night Keepers 守夜人
131955,Night Moves
131956,Night Music
131961,Night Ranger
131963,Night Romance Stories
131973,Night Watchman's Journal Original Soundtrack
131986,Nightbitch
131989,Nightbringer
131991,Nightcore
131992,Nightcore DX
131993,Nightcore Ichiban
131994,Nightcore Reality
132005,Nightgrooves
132017,Nightloverz| Noizy Neighbors| Nova Beat| Outerspace| Ozcan Mninitro| Pen Parker| Petr Kaidash| PurpleStar| Pyramid Legends
132023,Nightly
132030,Nightmares on Wax
132036,Nights In Rodanthe: Original Motion Picture Soundtrack
132044,Nightwish
132045,Nigma
132047,Nigmatica
132052,Nihils
132056,Niia
132057,Niila
132062,Nik & Jay
132070,Nik Kershaw
132074,Nik Raspotnik
132079,Nika Kocharov And Young Georgian Lolitaz
132114,Nikita Magaloff [Artist]
132119,Nikka Costa
132123,Nikki
132124,Nikki Barr
132127,Nikki Chooi| Stephen De Pledge
132129,Nikki Cleary
132132,Nikki Exotika
132140,Nikki Jean
132153,Nikki Phillippi
132156,Nikki Rich
132157,Nikki Russell
132160,Nikki Williams
132161,Nikki Yanofsky
132198,Niko Schwind
132203,Niko Zografos
132207,Nikola Gala / Distale
132212,Nikolai
132221,Nikolai Lugansky
132232,Nikolaj Znaider/Lawrence Foster/London Philharmonic Orchestra (LPO)
132235,Nikolaus Harnoncourt
132236,Nikolaus Harnoncourt & Concentus musicus Wien
132237,Nikolaus Harnoncourt And Chamber Orchestra Of Europe
132238,Nikolaus Harnoncourt and Berliner Philharmoniker
132240,Nikolaus Harnoncourt and Royal Concertgebouw Orchestra Amsterdam
132248,Nikolay Savransky
132262,Nikoretti| Sopik
132283,Nila Kay
132292,Niles Rivers
132307,Nils Frahm
132313,Nils Mönkemeyer
132337,Nimmo
132341,Nimon Toki Lala
132342,Nina
132343,Nina & Amanda Zullo
132348,Nina Badric
132358,Nina Gordon
132367,Nina Kraljic
132369,Nina Kristin
132380,Nina Nesbitt
132383,Nina Persson
132392,Nina Simone
132398,Nina Sky
132403,Nina Zilli
132412,Nine Below Zero
132414,Nine Days
132417,Nine Eleven
132421,Nine Inch Nails
132422,Nine Lashes
132429,Nine Soundtrack
132437,Nine9
132441,Ninepi
132442,Nines
132465,Ninja Tune
132467,NinjaTune 101 Series
132468,Ninjaman
132478,Nino Blink
132482,Nino De Angelo
132498,Nino Rota
132505,Nino Tempo
132522,Nipo809
132532,Nir Felder
132537,Nirinjan Kaur
132538,Nirinjan Kaur Khalsa
132542,Niro
132546,Nirvana
132547,Nirvana Meditation Orchestra
132563,Niska
132568,Nissy(西島隆弘)
132573,Nita Parisa
132576,Nitai Hershkovits
132579,Nite Jewel
132586,Nitin Sawhney
132601,NitroDive
132603,Nitrogenetics
132605,Nitrous Oxide
132606,Nitrous Oxide's Anjunabeats Worldwide Collaborations EP
132610,Nitta Emi (新田恵海)
132611,Nitti Gritti
132612,Nitty
132619,Niu Mariachi
132628,Nivea
132640,Niykee Heaton
132642,Niza
132667,Nneka
132668,Nnenna Freelon
132671,No Age
132678,No BS Brass!
132679,No BS! Brass Band
132690,No Bragging Rights
132691,No Brain
132700,No Crowd Surfing
132706,No Doubt
132717,No Filler Just Killer| Vol. Two
132718,No Fillers Series 3
132721,No Frills Twins
132737,No Innocent Victim
132751,No Limit 無限甜心
132760,No Mercy
132779,No One
132792,No Proyect
132807,No Rome
132840,No Vacation
132841,No Warning
132862,NoBody
132878,NoMBe
132888,Noa Moon
132889,Noa Neal
132894,Noah And The Whale
132898,Noah Cyrus
132902,Noah Georgeson
132904,Noah Gundersen
132919,Noah Neiman feat. Keeley
132920,Noah Neiman vs Andrew Parsons
132922,Noah Neiman| We Are Rome
132941,Noak Kamata (Noak Kamata)
132947,Noaq Ployde Chen
132956,Noble Beauty
132961,Noblesse
132965,Nobody
132992,Nochang
133008,Nocturn
133023,Nocy
133025,Nod One's Head
133037,Noel
133041,Noel Coward
133043,Noel Gallagher's High Flying Birds
133050,Noel McLoughlin
133060,Noel Toto
133063,Noelia
133070,Noemi Smorra
133074,Noer the Boy
133079,Nogizaka46 (乃木坂46)
133088,Noie J
133091,Noir
133095,Noir Désir
133119,Noisettes
133120,Noisewall
133122,Noisia
133125,Noisy Boyz(노이지보이즈)
133136,Noize Generation
133152,Nola Wren| Kill Dave
133162,Noli Aurillo
133165,Nolwenn Leroy
133186,Nomiya Maki (野宮真貴)
133199,Non Opus Dei
133206,Non voglio che Clara
133218,None Like Joshua| Tyler Clark
133222,Nonefree
133227,Nonifi
133234,Nonpoint
133243,Noo Phước Thịnh
133244,Noo Phước Thịnh| Slim V
133257,Noon & i-ny(눈 & 아이니)
133258,Noon(눈)
133264,Noonie Bao
133277,Noosa
133281,Noothgrush/Coffins
133282,Nop.K
133283,Nopager
133297,Nora Collins
133300,Nora En Pure
133302,Nora Norman
133303,Nora Orlandi
133305,Nora Sander
133306,Nora Says
133311,Norah Benatia
133312,Norah Jones
133313,Norah Jones & The Handsome Band
133314,Norah Jones The Peter Malick Group
133318,Noras| A and Norwegian Radio Orchestra and Rasilainen| Ari
133323,Norbert Kristof
133324,Norbert Reinwand
133343,Nordic Lounge
133353,Noreaga
133364,Norico
133371,Noriko Sakai (酒井法子)
133377,Norio Sato
133394,Norma Project| Lyktom
133397,Norma Winstone
133409,Norman Brown
133414,Norman Doray
133416,Norman Doray and NERVO feat. Cookie
133419,Norman Greenbaum
133431,Norman Stolz
133450,Norse
133461,North Country (Motion Picture Soundtrack)
133470,North Mississippi Allstars
133479,North Texas Wind Symphony
133480,North of Nine
133492,Norther
133497,Northern Kings
133502,Northern Lite
133506,Northern Portrait
133512,Northern State
133521,Northlane
133524,Northquest Players
133525,Northside
133532,Northwestern State University Bands
133546,Norwegian Wood
133548,Noréll
133562,Nosliw
133567,Nossa Nossa
133573,Nostalgia 77
133577,Nostalgic
133589,Not Another Boy Band feat. Dave Days| Kurt Schneider| Chester See| Sam Tsui & Tyler Ward
133610,Note For A Chil
133625,Nothing
133628,Nothing But Thieves
133634,Nothing More
133651,NoticeNote
133662,Notre Dame de la Salette
133663,Notre-Dame de Paris
133672,Nouela
133692,Nouvelle Vague
133693,Nouvelle Vague feat. Liset Alea
133701,Nova Bossa Ltd.
133710,Nova Rockafeller
133740,Novella
133741,Noveller
133753,Novika
133755,Novo Amor
133758,Novocaine
133781,Now Top Mixer
133794,Nowhere Boys
133800,Now| Now
133811,Noyz Narcos
133820,Noël Akchoté
133834,Ns-Blues
133835,Nsanity
133848,Ntnn
133863,Nu Flavor
133868,Nu Jazz| Piano Music Specialists| The Piano Lounge Players
133874,Nu Phonic
133876,Nu Shooz
133879,Nu Virgos
133885,Nu-Jazz Divas 2
133886,Nu-Lounge and the City
133887,Nu-Sound of Bossa Lounge
133901,Nuanda
133906,Nubian Divine
133927,Nuemp| Night Talk
133933,Nueva Gente
133952,Nujabes
133955,Nujeel
133968,Nulbarich
133989,Number One Gun
133991,Number Station
133997,Numbnuts
134000,Numenorean
134039,Nuria Swan
134047,Nursery Rhymes
134050,Nursery Rhymes Band
134052,Nursery Rhymes Collective
134058,Nursery Rhymes| Songs For Children| Rockabye Lullaby| lullaby land| Baby Lullaby| kidsongs
134059,Nursery Rhymes| kidsongs| Songs For Children| lullaby land
134070,Nusrat Fateh Ali Khan
134074,Nustrat Fateh Ali Khan
134098,Nuwalker feat. Ken Cesar
134102,Nuyorican Soul
134104,Nvdes
134105,Nwjck
134106,NxWorries
134124,Nyce Brown
134128,Nyco Lilliu
134133,Nylas
134135,Nylo
134142,Nyman/Levin
134155,Nyssa L
134157,Nyte
134159,Nytrix
134161,Nyzzy Nyce
134195,O Crush
134215,O' LEE
134222,O'City tha Don
134250,O-Pavee
134252,O-Town
134253,O-ZONE
134262,O.A.
134264,O.A.R.
134276,O.C.| A.G.
134293,O.O.O
134300,O.S.T
134301,O.T. Genasis
134305,O.WHEN
134310,O2O Goddess
134311,O3ohn
134316,OB OBrien
134323,OBOE
134326,OBSESS
134327,OBSIDIAN Project| Cj Alexis| Eva Thomas| Awio Planet| Antoxa project| CJ Stereogun| Dj Dmitrii| Don Ebal| X-Den Project| Virgil Hill| U.T.E| Frost Miles| Dj Kuznetsov| Mr. BoomJaXoN| Smirnovlezha| Sonhellion| LeoMayer| Mazurenko| T 78| Kirill Mator| Stas
134330,OCAD
134335,OCnotes
134342,ODESZA
134343,ODESZA feat. Shy Girls
134361,OG Ron C
134369,OGRE YOU ASSHOLE
134372,OH MY GIRL
134380,OHNO
134382,OHTA-SAN
134387,OIJ
134395,OK Go
134396,OK Go x Perfume
134399,OK TEENS
134402,OKAMOTO'S
134403,OKAZAKI TAIIKU
134405,OKDAL
134406,OKI (オキ)
134407,OKI DUB AINU BAND
134412,OK繃樂團
134417,OLDCODEX
134419,OLEDICKFOGGY
134422,OLIVIA (オリビア)
134425,OLWIK
134428,OM Lounge
134429,OM Winter Sessions
134431,OM: Beached
134432,OM: Chilled
134434,OM: Lounge
134435,OM: Summer Sessions
134436,OM:Dance Essentials
134437,OM:Ibiza 2008
134452,OM：10 - A Decade Of Future Music
134453,OM：Dubai
134454,OM：Miami
134455,OM：Yoga
134458,ON THE FLOOR
134467,ONE OK ROCK
134473,ONEmanSHO
134474,ONE☆DRAFT
134475,ONIRAMA
134479,OOHYO
134483,OOPARTZ
134488,OPEN小將家族
134494,OR2 Workout Music Crew
134496,ORANGE RANGE
134519,OST PROJECT
134521,OST-Hindi
134525,OSUNLADE
134528,OTC
134537,OUT OF SERVICE
134540,OVDS
134547,OWSLA Presents EGGNOG
134548,OWSLA Spring Compilation 2015
134553,OXXXYMIRON
134563,OZROSAURUS
134571,Oak Pantheon
134582,Oasis
134598,Oathbreaker
134613,Oberhofer
134616,Obey City
134617,Obey The Brave
134618,ObeyTheKing
134623,Obie Trice
134627,Obituary
134630,Objekt
134641,Oblivionized
134647,Oboe| Stefan Cukic
134649,Obolus
134653,Obra Primitiva
134663,Obscure Ride
134664,Obscure Sphinx
134690,Ocd: Moosh & Twist
134697,Ocean Colour Scene
134700,Ocean Drive
134710,Ocean Media
134716,Ocean Sounds
134721,Ocean Wave Sounds
134722,Ocean Waves
134724,Ocean Waves for Sleep
134726,Ocean Wisdom
134727,Ocean's 11 Soundtrack
134730,Ocean's Elephant
134731,Ocean's Twelve Soundtrack - David Holmes
134733,OceanLab
134734,Oceana
134737,Oceano
134777,October Air
134802,Odd Future
134806,Odd Mob
134814,Oddisee
134836,Odett
134837,Odetta
134843,Odhecaton| Paolo Da Col
134844,Odile Bourin & Bernard Cazauran
134848,Odious Mortem
134870,Of Ghost
134873,Of Mice & Men
134874,Of Monsters and Men
134875,Of Montreal
134889,Ofelia K
134890,Ofenbach
134895,Off Axis
134898,Off Course (オフコース)
134904,Off The Beat
134908,Off The Record
134921,Offer Nissim
134924,Offerings
134955,Offset
134965,Ofra Haza
134972,Og Maco
134973,Og Mercury
134982,Oganized Family
134989,Ogie Alcasid| Regine Velasquez
134996,Oguro Maki
135000,Oh Boy Prince
135008,Oh Heejung
135009,Oh Honey
135011,Oh I’m a Gummy Bear
135012,Oh Joon Sung| A.M.I.
135013,Oh Land
135014,Oh Laura
135016,Oh Mercy
135019,Oh My God
135024,Oh No
135025,Oh No Not Stereo
135036,Oh Shit!
135045,Oh Wonder
135053,OhBliss
135057,Ohaeva哥哥電視原聲帶
135058,Ohako
135060,Ohama Jizzy
135063,Ohashi Trio (大橋トリオ)
135073,Ohio Players
135081,Ohmega Watts
135084,Ohno Kenji (大野賢治)
135112,Ojos de Brujo
135114,Ok Ju Hyun 옥주현
135116,Okada Takuro + Duenn
135120,Okasian(오케이션)
135121,Okasian| KOHH
135132,Okey Dokey
135154,Oksu Sajinkwan(옥수사진관)
135164,Ol Skool -60s Girl Groups
135166,Ol' Dirty Bastard
135192,Olanie J.
135195,Olatunji
135209,Old Daisy
135210,Old Dominion
135228,Old Love Song Players
135229,Old Love Songs
135233,Old Man Canyon
135244,Old Riders
135246,Old School Players
135250,Old Sea Brigade
135259,Old Songs Newly Sing
135276,Oldelaf
135277,Oldelaf Et Monsieur D
135278,Olden
135280,Olderic
135284,Oldies 101
135314,Oleg Kagan
135352,Olga Bell
135362,Olga Lounova
135365,Olga Peretyatko
135368,Olga Scheps
135392,Oliva Trencada
135395,Olive
135397,Olive Oil
135409,Oliver Cheatham
135410,Oliver Cherer
135415,Oliver Colbentson| Erich Appel
135418,Oliver De Coque
135423,Oliver Fox
135429,Oliver Heldens
135430,Oliver Heldens & Becky Hill
135432,Oliver Heldens| Mr. Belt & Wezol
135433,Oliver Heldens| Shaun Frank
135441,Oliver Koletzki
135453,Oliver Mtukudzi
135455,Oliver Nelson
135469,Oliver Scheffner
135473,Oliver Schories / Denis Horvat
135479,Oliver Shanti & Friends
135481,Oliver Smith
135505,Olivia
135511,Olivia De Happyland
135513,Olivia Escuyos
135518,Olivia Holt
135519,Olivia Kate
135528,Olivia Newton-John
135529,Olivia Newton-John| Amy Sky| Beth Nielsen Chapman
135532,Olivia O'Brien
135535,Olivia Ruiz
135536,Olivia Sebastianelli
135537,Olivia Somerlyn
135542,Olivier Baumont
135567,Olivier Thiery
135572,Oliviya Nicole
135574,Olivver the Kid
135586,Ollie Loudon
135587,Ollie Muurs featuring Flow Rid A
135591,Olli| Kalevi (Baritone) and Koneffke| Ulrich (Piano)
135592,Olltii
135594,Olly Hence
135596,Olly James| Syzz
135599,Olly Murs
135600,Olly Murs feat. Travie McCoy
135602,Olmos
135637,Olympic Dreams - London Sports Games Anthems 2012
135645,Om - Tibetan Relaxation
135646,Om 15: 15 Years Of Om Records
135647,Om : Hip-Hop Vol.1
135668,Omar
135672,Omar Akram
135686,Omar LinX
135698,Omar Rodriguez-Lopez
135701,Omar Sosa
135708,Omar Varela| XAVI & GI feat. Miss Lina
135712,Omara Portuando
135717,Omarion
135720,Omauha
135730,Omega El Ctm
135735,Omega Sin
135739,Omen
135748,Omer Avital
135751,Omer Klein
135758,Omfg
135759,Omi
135777,Omnia| Audrey Gallagher
135780,Omnigence
135787,Omniscient
135789,Omnium Gatherum
135793,Omoinotake
135799,Omvr
135808,On Dead Waves
135850,Once Human
135851,Once Jamison
135873,Ondskapt
135883,One Case
135895,One Day OST
135900,One Direction
135907,One Fine Day Music From The Motion Picture
135913,One Function
135935,One Love
135947,One Manju Back(만쥬한봉지)
135951,One More Chance
135955,One More Night
135965,One Night in Bangkok
135972,One Piece
135992,One Touch
135995,One Tree Hill Soundtrack
136001,One Two Three Four
136016,One Way Ticket
136017,One Way To Heaven
136019,One World one Dream
136025,One in a Million Project
136028,One year old different(한살차이)
136030,One-T
136038,OneRepublic
136039,OneRepublic| Seeb
136050,Oneness Music
136051,Oneness Sankara
136053,Oneohtrix Point Never
136056,Onething
136057,Onething Live
136060,Ong Ba Ling
136071,Oningyou ni naritai (お人形になりたい。)
136076,Onision
136082,Only Boys Aloud
136083,Only C
136086,Only Fumes & Corpses
136087,Only Girl
136089,Only Hits Group
136097,Only Real
136102,Only The Young
136103,Only U
136105,Only You
136106,Only You - Music From The Motion Picture
136111,Onmyo-za
136121,Onova
136122,Onra
136128,Ontspanning Sound
136129,Onur Betin| Chadash Cort
136137,Onyx
136139,Onyx| Dope DOD
136147,OoharaRyuuta (大原竜太)
136149,Ookay
136157,Oonagh
136163,Ooty Ooo
136165,Ooyamazaki Takenoko Gasshodan| Junko Noda| Mukoudai Oyako Chorus| Tetsu Kitagawa| Nobuyo Hashimoto| Soyokaze Gasshodan| Sasabue Gasshodan| Hajime Nihonmatsu & Yuzuru Nakayama (大山崎たけのこ合唱団，野田淳子，向日台亲子コーラス，きたがわてつ，桥本のぶよ，そよかぜ合唱団，ささぶえ合唱団，二本松はじめ＆中山譲)
136197,Open Taipei
136198,Open Taiwan
136200,Open Your Eyes
136210,Opera 2011
136211,Opera Album 2002
136219,OperaBabes
136229,Opetaia Foa'i| Lin-Manuel Miranda
136239,Opia
136254,Oppenheimer
136267,Opt
136275,Optimus Productions TT| Jamesy P| Kenna T
136280,Optiv & BTK
136285,Opus Five
136307,Oran Etkin
136317,Orange Caramel
136333,Oranssi Pazuzu
136337,Orazio Sciortino
136346,Orbital
136356,Orchester Anthony Ventura
136363,Orchester der Deutschen Oper Berlin|Giuseppe Sinopoli
136364,Orchester der Vereinigten Buhnen Wien
136376,Orchestra Alec Medina
136424,Orchestra Of Sergio Rafael
136474,Orchestra del Teatro alla Scala di Milano|Vladimir Horowitz|Carlo Maria Giulini
136511,Orchestral Manoeuvres In The Dark
136544,Orchestre Philharmonique de Bruxelles| Ronan Maillard
136545,Orchestre Philharmonique de Monté-Carlo| David Garforth
136550,Orchestre Radio-Symphonique
136558,Orchestre Symphonique de Montréal|Charles Dutoit|Jean-Yves Thibaudet
136582,Orchestre de la Suisse Romande| Orchester des Hessischen Rundfunks y NBC Symphony Orchestra
136583,Orchestre des Concerts Colonne| Louis Fourestier (conductor)
136609,Order Of Ennead
136628,Oregon
136631,Oren
136635,Orenda Blu
136636,Orenda Fink
136648,Organic Noise From Ibiza
136662,Orgel Carrol 오르골캐롤
136664,Orgel LAB
136674,Orgy
136681,Orianthi
136689,Oriental Is Beautiful
136694,Orientation EP
136702,Original
136705,Original Broadway Cast
136706,Original Broadway Cast (King And I)
136707,Original Broadway Cast Recording
136708,Original Broadway Cast Rent
136713,Original Broadway Cast of If/Then: A New Musical
136720,Original Cartel
136721,Original Cast
136722,Original Cast & Original Cast Of Cats
136729,Original Cast Recording
136732,Original Cast Vienna & Orchester der Vereinigten Bühnen Wien
136741,Original Dance
136748,Original London Cast
136749,Original London Cast & Andrew Lloyd Webber
136750,Original London Cast Of Funny Girl| Sheridan Smith
136758,Original London Casts: Hair/ Fresh Hair
136759,Original Love
136765,Original Motion Picture Soundtrack
136768,Original Motion Picture Soundtrack Over The Top
136769,Original Motion Pictures Score of The Century
136783,Original Soundtrack
136784,Original Soundtrack Recording Mark Twain - A Film Directed By Ken Burns
136785,Original Studio Cast
136789,Original Television Cast of Hairspray LIVE!
136795,Original West End Cast of Kinky Boots
136799,Orinoco Haven
136801,Orioles
136804,Orion Jai
136809,Orishas
136810,Oriska
136811,Orisma
136813,Orit Ouziel| Dalia Ouziel
136817,Orjan Nilsen
136819,Orjan Nilsen| Jochen Miller
136825,Orkestar Mézé
136829,Orkidea
136832,Orla Fallon
136845,Orlando Quartet
136853,Orlann Divo
136854,Orleans
136856,Orleya
136860,Ornah-Mental
136864,Ornella Vanoni
136868,Ornette Coleman
136869,Ornette Coleman & Prime Time
136870,Ornette Coleman and His Double Quartet
136873,Oro Solido
136881,Orpheus Chamber Orchestra
136903,Orquesta Casino de la Playa
136904,Orquesta Cinerama
136907,Orquesta Color Tango
136912,Orquesta De Tangos Argentina
136913,Orquesta De Tangos Argentina| Argentine Tango Orchestra| Tango Project
136914,Orquesta Del Saxo
136938,Orquesta Lírica de Barcelona| Hugo Alfvén| Ida Czernicka
136942,Orquesta Manuel Martinez
136946,Orquesta Música Maravillosa
136952,Orquesta Panorama
136990,Orquesta de Cámara Eslovaca| Conjunto Sinfónica Dash Quarts.| Igor Martrevich
137005,Orquestra Romanticos de Monte Carlo
137025,Orson
137026,Orson Salvador
137032,Orthrelm
137035,Oruam Zior
137043,Os Cariocas
137048,Os Meus Shorts
137072,Osamu Miyaji (宮路オサム)
137081,Oscar
137093,Oscar Chavez
137104,Oscar G
137105,Oscar G & Ralph Falcon
137116,Oscar Hammerstein II & Richard Rodgers
137123,Oscar Key Sung
137128,Oscar Lindahl
137131,Oscar Losa & Kinactif
137132,Oscar Martín Leanizbarrutia
137143,Oscar Peterson
137150,Oscar Peterson & Roy Eldridge
137154,Oscar Peterson| Oscar Peterson Trio| Oscar Peterson Quartet
137156,Oscar Peterson|Buddy De Franco
137167,Oscar Salguero
137170,Oscar Toney Jr.
137177,Oscar Zia
137178,Oscar and The Wolf
137189,Oshan
137193,Oshi
137197,Osho
137199,Osho International
137205,Osian Ellis
137212,Osiris Trio
137218,Oskar Guerrero
137245,Osmani Gracia
137261,Ost & Meyer
137287,Osvaldo Supino
137289,Osvaldorio
137292,Oswald Kouame| N'Zassa Music
137301,Otaku No Denki
137305,Otep
137314,Other Lives
137318,Other Weapons
137320,Otherkin
137336,Otis Clay
137342,Otis Redding
137343,Otis Redding & Carla Thomas
137366,Ottavio Dantone
137371,Ottawan
137374,Ottmar Liebert
137385,Otto Klemperer
137396,Otto Knows
137405,OttoMattic
137406,Ottopilot
137421,Oumou Sangare
137428,Our Favorite Songbook
137437,Our Lady Peace
137440,Our Last Night
137442,Our Last Night feat. Cody Carson of Set It Off
137444,Our Last Night feat. Matty Mullins
137450,Our New Orleans
137451,Our Next Movement
137454,Our Service is Ready
137467,Oussama Rahbani| Hiba Tawaji| Wadih Abi Raad
137472,Out Of Africa
137478,Out Of The Blue
137492,Outasight
137498,Outcast
137504,Outerspace
137513,Outkast
137547,Outsider
137553,Outsider| 2Tak
137564,Ouverture Gospel Family
137588,OverDose
137609,Overflow
137614,Overkill
137620,Overloud
137624,Overoverman
137627,Overseer
137630,Overspeed Dance Music King
137634,Overtone
137648,Owain Arwel Hughes
137661,Owen Grey
137665,Owen Moore
137669,Owen Ovadoz
137680,Owen Ward
137686,Owkey| Ahsdown
137687,Owl
137691,Owl City
137693,Owl Eyes
137697,OwlMan
137699,Owlle
137718,Oxbow
137746,Oz Noy
137747,Ozaki Hiroya (尾崎裕哉)
137751,Ozan Çolakoğlu
137753,Ozark Henry
137759,Ozgur Ozkan
137771,Ozo Effy
137772,Ozomatli
137781,Ozzie D
137785,Ozzy
137787,Ozzy Osbourne
137796,P Money
137800,P SHINE
137804,P!SCO
137805,P!nk
137807,P$C
137809,P'ARIS
137824,P-Lo
137836,P-Square
137839,P-Type
137844,P. Diddy
137845,P. Diddy & The Family
137884,P.H.O.B.O.S.
137890,P.L. Mack
137903,P.O. Box
137905,P.O.D.
137907,P.O.L.
137908,P.O.L.A.K.i
137909,P.O.P
137923,P.S. I Love You
137934,P0gman
137945,P9
137951,PAAUL
137954,PAELLAS (PAELLAS)
137958,PALGOU
137973,PARACHUTE
137974,PARADE
137975,PARADIGM ORCHESTRA
137978,PARIS 36
137981,PARK Gyeore 박겨레
137985,PARK Jiheon 박지헌
137987,PARK Sujin & Electro boys 박수진 & 일렉트로보이즈
137989,PARK WON
137990,PARRI$
137992,PARTY ROCK ANTHEM.
137994,PARTYNEXTDOOR
137998,PASSEPIED (パスピエ)
137999,PASSPO☆
138002,PATRICIA KAAS
138003,PAUL BUCHANAN
138006,PAUSA
138018,PD BLUE
138023,PDP
138024,PE'Z
138030,PEATLE
138034,PENICILLIN
138035,PENOMECO
138036,PENPALS
138037,PENTAGON
138038,PENs+
138040,PERC%NT
138051,PETERPAN COMPLEX
138052,PETS LOVE MUSIC
138055,PGA
138056,PGLM
138057,PH Electro
138061,PHANTOM
138066,PHASES
138074,PIA
138078,PIERROT'S
138086,PIKO (ピコ)
138087,PIKOTARO (ピコ太郎)
138088,PIMP!IE
138092,PINK FLOYD REDUX
138093,PINK HAZE 平克孩子
138098,PISMO
138099,PIZÁ
138100,PJ
138102,PJ Harvey
138104,PJ Morton
138111,PJ Simas
138120,PLAN-S
138121,PLAN:D
138139,PM Artist Sessions Project
138146,PNC
138161,POLINA
138162,POLKADOT STINGRAY (ポルカドットスティングレイ)
138170,POOLCLVB
138171,POP DANCE
138173,POP ETC
138174,POP OST-It's OK| That's Love
138177,POPS FERNANDEZ
138179,POPVIRUS
138182,POSTMEN
138184,POUNDERS
138185,POWERHITS SUMMER 2011
138188,PPAPER - Anahita
138189,PPAPER - Shiva
138198,PREP
138203,PRIMARY| Dynamic Duo
138204,PRIMARY| OHHYUK| PRIMARY| OHHYUK
138206,PRIMAXS
138208,PRINGLEZ
138212,PROJECT APJ
138222,PRXZM
138224,PRhyme
138225,PRiDE AiD
138226,PS I Love You
138227,PS Youngjun PS영준
138235,PSRT
138237,PSY
138250,PTX
138251,PUFFY
138254,PUNCH PUNCH 펀치펀치
138256,PUNI MUNI (PUNI MUNI)
138261,PUSHIM
138269,PVRIS
138271,PWNDTIAC
138272,PWR BTTM
138273,PYGMALION
138305,Pablo Alboran
138309,Pablo Briales
138315,Pablo Casals
138334,Pablo Green
138340,Pablo Kush
138343,Pablo López
138351,Pablo Montero
138357,Pablo Nouvelle
138377,Pablo Zorzoli
138378,Pablo del Monte
138399,Pachabel's Canon Is Paint The Sky With Stars
138407,Pachelbel Canon| Johann Pachelbel| Canon In D Piano
138413,Pachelbel's Canon in D | Pachelbel 's Kanon in D (Johann Pachelbel)
138421,Pacific Air
138422,Pacific Coast Baby Music Academy
138440,Pacman da Gunman
138444,Paco Cañedo
138449,Paco De Lucia
138468,Paco el Lobo
138470,Pacou
138490,Padi
138510,Paganini
138515,Page Four
138518,Page McConnell
138542,Pain Of Salvation
138547,Painkiller
138553,Paint the Echo
138555,Painted Palms
138573,Paisli Grey
138580,Paje
138581,Paji
138584,Paki Palmieri
138591,Pal One
138594,Palace
138596,Palace| CEA| LK Mania
138608,Palavra Cantada
138615,Pale Chalice
138617,Pale Hands
138621,Pale Saints
138624,Palehorse
138636,Paliulius 樂團
138650,Palm Springs
138654,Palma Violets
138674,Paloma Faith
138675,Paloma Ford
138688,Pam Hall
138694,Pam Tillis
138695,Pam de naz
138746,Pan.thy.monium
138748,Panacea
138756,Panama
138760,Panama Wedding
138779,Panda Bear
138780,Panda Da Panda
138781,Panda Eyes
138787,Panda Riot
138796,Pandemonium
138836,Panic! At The Disco
138837,Panic8577
138844,Panini Brunch
138853,Panopticon
138869,Pantera
138872,Panteón Rococó
138873,Pantha Du Prince
138883,Pantones
138895,Paola
138916,Paolo Bordoni
138920,Paolo Buonvino| Richard Clayderman & Michael Bolton
138928,Paolo De Gaspari
138936,Paolo Fresu
138946,Paolo Meneguzzi
138951,Paolo Nutini
138992,Papa Joe
139001,Papa Roach
139002,Papa San
139011,Papa Ya
139039,Paper Boat Journey
139048,Paper Heart
139049,Paper Lace
139061,Paper Tiger
139062,Paper Tongues
139063,Paper Trails
139074,Papermoon
139075,Papermoons
139076,Paperplane Pursuit
139080,Paperwhite
139090,Papik| Yuma
139099,Papooz
139104,Pappa Kapsyl
139119,Paquito D'Rivera
139125,Para One
139126,Para Para Dancing Collection
139134,Parachutes
139135,Paracompos
139137,Parade Of Lights
139138,Paradigmmm
139139,Paradis
139141,Paradise
139143,Paradise Fears
139148,Paradisiac 01
139151,Paradiso Girls
139159,Paraiso dos PPs
139164,Parallax Breakz & M_Spark
139174,Paramjeet Singh| Kaur
139176,Paramore
139180,Paranoia
139183,Paranoid Android Ft. Cage
139204,Parc Jae Jung
139206,Parcels
139224,Parijat
139233,Paris Blohm
139236,Paris Blohm|Tritonal
139237,Paris Cafe Society
139241,Paris Cimone
139246,Paris Hilton
139248,Paris Jazz Big Band
139250,Paris Je T'aime
139255,Paris Montgomery
139256,Paris Music
139287,Park
139290,Park Boram
139294,Park Garam
139296,Park Hee-jin
139297,Park Hey Kyoung
139299,Park Hye Kyoung
139300,Park Hye Soo
139301,Park Hyo Shin
139302,Park Hyun Bin
139303,Park Hyungsik
139309,Park Ji Yoon
139312,Park Jong Seo
139315,Park Kang Sung
139317,Park Kim (박김)
139319,Park Kyu Ri (KARA) 박규리 (카라)
139320,Park Kyung
139325,Park Myung Soo
139328,Park Sang Min
139329,Park Seo Jun
139330,Park Seung Hwa
139332,Park Shin Won
139333,Park Si Hwan
139340,Park Yongin (Urban Zakapa)| UL
139350,Parker Millsap
139357,Parks| Squares and Alleys
139358,Parkway Drive
139361,Parliament
139383,Parov Stelar
139384,Parov Stelar Trio
139387,Parquet Courts
139391,Parra for Cuva| Egokind| Jona Mayr
139402,Parrot Dream
139408,Parson James
139414,Part Native
139417,Part Six
139419,Part Time Musicians
139432,Partikel
139440,Party All Night
139443,Party Alliance
139446,Party Animal
139447,Party Animal$ (Party Animal$)
139448,Party Animal's
139452,Party Biz Combo
139456,Party City
139458,Party Collective
139468,Party Favor
139469,Party Favor| Meaux Green
139473,Party Harder
139475,Party Hit Kings
139477,Party Hits
139479,Party Kid's DJ
139485,Party Machine
139489,Party Mix All-Stars
139493,Party Mix Masters
139495,Party Music Central
139502,Party Nation
139509,Party Pride
139513,Party Rock Is in the House Tonight
139514,Party Rocker
139529,Party Time Generation
139532,Party of Five
139550,Pasabordo
139556,Pascal
139579,Pascal Obispo
139582,Pascal Pinon
139584,Pascal Roeder
139585,Pascal Rogé
139599,Pascaneer Is Kayos
139602,Pascol
139612,Pashaa| Anything But Monday
139627,Pasquale Catalano
139634,PassCode
139639,Passenger
139641,Passengers
139646,Passi Jo| Kichar
139647,Passion
139650,Passion Band
139654,Passion Pit
139684,Pastor T.L. Barrett and the Youth for Christ Choir
139688,Pastora
139699,Pat Appleton
139700,Pat Benatar
139701,Pat Benesta
139703,Pat Boone
139709,Pat C.
139713,Pat Coil
139715,Pat D
139725,Pat Farrell
139731,Pat Guadagno
139735,Pat James Band
139745,Pat Lok
139748,Pat Martino
139751,Pat Metheny
139752,Pat Metheny & Brad Mehldau
139753,Pat Metheny Group
139754,Pat Metheny/Ornette Coleman
139755,Pat Monahan
139764,Pat Shortt
139774,Pat Van Dyke
139780,Patagonia Airmail Flag
139801,Pathfinder
139823,Pato Banton
139832,Patrem
139854,Patrice Rushen
139858,Patricia Barber
139862,Patricia Hase
139864,Patricia Kaas
139869,Patricia Kraus
139880,Patricia Petibon| Hans-Werner Bunz| Christian Gerhaher| Symphonieorchester des Bayerischen Rundfunks| Daniel Harding| Chor des Bayerischen Rundfunks| Der Tölzer Knabenchor
139884,Patricia Racette
139887,Patricia Rozario
139891,Patricia Spero
139892,Patricia Spero| Malcolm Ball
139901,Patrick Ames
139904,Patrick Baker
139913,Patrick Bruel
139920,Patrick Cornelius
139931,Patrick Doyle
139932,Patrick Droney
139937,Patrick Fiori
139959,Patrick Jonsson
139970,Patrick Lauden
139974,Patrick Lentz
139981,Patrick Metzker| Chris Thor
139985,Patrick Nuo
139988,Patrick Park
139993,Patrick Rapold
140011,Patrick Stump
140014,Patrick Tayol
140016,Patrick Watson
140022,Patrick the Pan
140025,Patrick| Adele| Amelie
140039,Patrizio Buanne
140048,Patsy Cline
140058,Pattern J| Radium
140063,Patti Austin
140068,Patti LaBelle
140071,Patti LuPone
140072,Patti Page
140079,Patti Smith
140095,Patty Griffin
140100,Patty Loveless
140105,Patty Shukla
140106,Patty Smyth
140117,Pau Dj
140120,Pau Jené| Oscar Larios & Guim Garcia-Balasch
140139,Paul Andreas
140140,Paul Anka
140149,Paul Attrax
140153,Paul Austin Kelly| Richard Durrant
140154,Paul Avgerinos
140155,Paul Badura-Skoda
140160,Paul Baker
140177,Paul Best
140199,Paul Brandt
140214,Paul Cardall
140219,Paul Carrack
140226,Paul Chambers
140238,Paul Colman Trio
140242,Paul Couture
140248,Paul Cuddeford|Simon Edwards|L Caminero
140252,Paul Da Prince
140259,Paul Davis
140263,Paul Desmond
140276,Paul Draper
140290,Paul Eubanks
140306,Paul G Luv
140326,Paul Hanford
140329,Paul Hardcastle
140355,Paul Horn
140369,Paul Johnson
140372,Paul Jolley
140379,Paul Kalkbrenner
140395,Paul Kuentz Chamber Orchestra|Paul Kuentz
140410,Paul Lansky
140411,Paul Laone
140417,Paul Leonard-Morgan
140427,Paul Mac
140434,Paul Marsteller
140437,Paul Mauriat
140444,Paul McCartney
140445,Paul McCartney| Jon Bon Jovi| Sheryl Crow| Fergie| Colbie Caillat| Natasha Bedingfield| Leona Lewis| Sean Paul| Johnny Rzeznik| Krewella| Angelique Kidjo| Kelsea Ballerini| Nicole Scherzinger| Christina Grimmie| Victoria Justice| Q'orianka Kilcher
140447,Paul McCartney| Jon Bon Jovi| Sheryl Crow| Fergie| Colbie Caillat| Natasha Bedingfield| Sean Paul| Leona Lewis| Johnny Rzeznik| Angelique Kidjo| Krewella| Nicole Scherzinger| Kelsea Ballerini| Christina Grimmie| Victoria Justice| Q'orianka Kilcher
140449,Paul McCartney| Wings| Timo Maas| James Teej
140454,Paul McDonald
140456,Paul McGahan
140479,Paul Morrell featuring Vicky Jackson
140481,Paul Motian
140487,Paul Neubauer|David Finckel|Wu Han|Daniel Hope
140492,Paul Oakenfold
140500,Paul Overman
140502,Paul Oxley's Unit
140507,Paul Parsons
140519,Paul Potts
140529,Paul Renna
140530,Paul Revere & The Raiders
140531,Paul Rey
140547,Paul Santisi
140548,Paul Saunderson
140559,Paul Simon
140563,Paul Simpson Connection
140572,Paul Stewart
140580,Paul Tait
140582,Paul Taylor
140583,Paul Thomas Saunders
140584,Paul Thomas featuring Ladystation
140590,Paul Tortelier
140591,Paul Tortelier and Robert Veyron-Lacroix
140600,Paul Van Dyk feat. Sue McLaren
140613,Paul Weller
140614,Paul Westerberg
140639,Paul Young
140649,Paul van Dyk
140652,Paul van Dyk & Roger Shah feat. Daphne Khoo
140653,Paul van Dyk and Roger Shah feat. Daphne Khoo
140654,Paul van Dyk| Aly & Fila feat. Sue McLaren
140655,Paul van Dyk| Jessus & Adham Ashraf feat. Tricia McTeague
140656,Paul van Dyk| Plumb
140657,Paul van Dyk| Ronald van Gelderen
140664,Paula Abdul
140670,Paula Cole
140672,Paula DeAnda
140680,Paula Morelenbaum
140684,Paula Rojo
140713,Paulina Rubio
140714,Paulina Starborn
140720,Pauline Croze
140721,Pauline En La Playa
140735,Paulini
140768,Pausal
140769,Pause
140775,Pavel Dovgal
140781,Pavel Jakub Ryba and The Fish Men
140791,Pavement
140792,Pavi With Tropicalia
140794,Pavilion Productions
140821,Pawl
140834,Paxus Productions
140841,Pay money To my Pain [P.T.P]
140855,Paysage d'Hiver
140859,Paz
140860,Paz del Castillo
140869,Pchy
140873,Pds
140881,Peabo Bryson
140883,Peace
140884,Peace & Jin
140897,Peace_Tone & Rhythm Jung
140901,Peaceful Mind Music Consort
140904,Peaceful Piano
140908,Peaceful Romantic Piano Music Consort
140910,Peacekeeper
140911,Peacemakers
140916,Peach Kelli Pop
140923,Peaches
140924,Peaches & Herb
140925,Peaches feat. Feist| Peaches
140945,Pearl Harbor - Original Motion Picture Soundtrack
140947,Pearl Jam
140950,Pearl:K
140956,Pearls Of Music
140959,Pearson Sound
140974,Pedicab
140978,Pedrito Camacho y EL CLAN
140985,Pedro Autz
140988,Pedro Bromfman
140999,Pedro Del Mar
141000,Pedro Del Mar & illitheas
141001,Pedro Del Mar - Mellomania 23
141009,Pedro Guerra Con Estrella Morente Y Josemi Carmona
141028,Pedro Moutinho
141035,Pedro Sierra
141046,Pedry Fernández
141057,PeeWee
141079,Peet Peera
141084,Peetboy| Mr. Tom Wave feat. Rya
141086,Peewee Emece
141089,Peg Parnevik
141095,Pegasus Bridge
141096,Pegboard Nerds
141100,Pegboard Nerds| Grabbitz
141107,Peggy Gou
141111,Peggy Lee
141120,Peggy March
141147,Pelican
141152,Pell
141155,Pelle Carlberg
141162,Pellini Devid
141165,Pellumair
141168,Pell| Stephen| Caleborate| Pell| Stephen| Caleborate
141186,Pendulum
141195,Peng Yen-kai & Fan Tsung-pei
141198,Penguin Cafe Orchestra
141199,Penguin Prison
141200,Penguin Research
141212,Pennan Brae
141219,Penny
141221,Penny & The Quarters
141241,Pentakill
141245,Pentatonix
141246,Penthouse
141248,Penthouse Penthouse| Bobby Saint
141250,Penthox
141252,Pento Feat. Tim
141265,People Help The People
141274,People Underground
141276,People and people
141279,People's Choice
141280,People's Choice30
141282,Pep & Rash
141306,Pepe Romero
141307,Pepe Romero| Academy of St. Martin in the Fields| Iona Brown
141310,Pepe Shimada
141324,Pepote| Chris Hale| Subject English| Stephan Crown| Thomas Totton| Lolitta| Reagan (IE)| Dark Beat & Dark Child| Fabrizio Pettorelli| Redub| Robbie Jay| Oliver Gross| Tamer Fouda| J. Osciua| Artyom Junior| Aiho
141329,Peppa Pig
141336,Pepper Adams
141337,Pepper Adams Quintet
141350,Peppino Gagliardi
141351,Peppino Principe
141381,Percival
141391,Percy Faith
141397,Percy Kelly
141399,Percy Sledge
141402,Perdisian
141415,Perez Prado
141429,Perfect Love
141431,Perfect Piano Collection
141432,Perfect Pitch
141435,Perfect Silence
141443,Perfect Two
141449,Performance Artist
141452,Perfume
141453,Perfume Genius
141469,Periphery
141473,Perk Pietrek
141475,Perkins Twins
141486,Perma
141503,Perrey And Kingsley
141513,Perry Como
141549,Perthil
141550,Perttu
141561,Perú
141581,Pet Care Music Therapy
141587,Pet Music Academy
141590,Pet Music World
141593,Pet Shop Boys
141603,Petar Obradovic
141608,Pete Astor
141622,Pete Coulman
141642,Pete Huttlinger
141644,Pete Jolly
141650,Pete Kelly's Orchestral Blue
141658,Pete MacLeod
141666,Pete Murray
141673,Pete Rock
141674,Pete Rock & CL Smooth
141675,Pete Rodriguez
141682,Pete Seeger
141684,Pete Seeger & The Weavers
141686,Pete Shelley
141696,Pete Tong
141698,Pete Townshend
141703,Pete Winter| Mark Bender
141704,Pete Yorn
141709,Peter & Gordon
141712,Peter & The Magician
141721,Peter Allen
141722,Peter Anders
141723,Peter Andre
141741,Peter Bic Project
141742,Peter Bjorn And John
141746,Peter Broderick
141750,Peter Brown
141751,Peter Bruns
141752,Peter Bruntnell
141757,Peter Cetera
141771,Peter Croton
141773,Peter Cruseder
141778,Peter Damm|Academy of St. Martin in the Fields|Sir Neville Marriner
141790,Peter Doherty
141795,Peter Erskine
141801,Peter Frampton
141803,Peter Frankl
141805,Peter Frankl|Tamás Vásáry
141811,Peter Gabriel
141836,Peter Hollens
141846,Peter Hollens feat. George Watsky
141851,Peter Hollens feat. Lindsey Stirling
141853,Peter Hollens feat. Madilyn Bailey
141854,Peter Hollens feat. Mike Tompkins
141856,Peter Hollens feat. Sam Tsui
141869,Peter Hurford
141871,Peter I. Tschaikovsky
141874,Peter Ilyich Tchaikovsky
141876,Peter Jablonski
141878,Peter Jackson
141881,Peter Jeffes| Philippe Huttenlocher| Jennifer Smith| Charles Farncombe & English Bach Festival Baroque Orchestra
141883,Peter Joback
141888,Peter Karp
141889,Peter Kater
141893,Peter Katin
141895,Peter Katz
141908,Peter Kraus
141917,Peter Leitch
141918,Peter Lemongello
141936,Peter Martin
141947,Peter Mergener & Klaus Hoffmann-Hoock
141949,Peter Michi Miyazaki (宮﨑 道)
141955,Peter Murphy
141972,Peter Pan Original Soundtrack
141973,Peter Pan Pixie Players
141979,Peter Paul & Mary
141989,Peter Plaznik
142001,Peter Rauhofer| The Pet Shop Boys
142008,Peter Roe
142013,Peter Samuels
142017,Peter Schilling
142025,Peter Schmalfuss| Klaus-Peter Hahn| Chamber Orchestra of the Electoral Palatinate
142041,Peter Seeger
142048,Peter Silberman
142057,Peter Storr
142068,Peter Tosh
142084,Peter White
142085,Peter Wiig (Family & Friends)
142095,Peter Zimmermann
142109,Peter| Wendy & The Tick Tock Boys
142115,Petit Biscuit
142123,Petite Meller
142141,Petra Sihombing
142153,Petros Klampanis
142163,Pette Hutton & The Beyonders
142164,Petter
142169,Petty Joy
142174,Petula Clark
142180,Peven Everett
142190,Peyton Vs. Eric Kupper
142203,Pg.lost
142210,Phaeleh
142213,Pham
142215,Pham Phuong Thao
142226,Phantogram
142233,Phantom Of The Opera Original London Cast
142245,Pharaon
142256,Pharmakustik
142264,Pharrell Williams
142267,Phase Five
142282,Phat Kat a.k.a. Ronnie Euro
142284,Phat Tunes
142307,Phenix Beatz
142311,Phenom Da Don| Migos
142313,Phenomden
142316,Phenotas (ふぇのたす)
142321,Phf
142337,Phil Best
142342,Phil Collins
142343,Phil Cook
142346,Phil Coulter
142349,Phil Daniels
142355,Phil Donkin
142357,Phil Driscoll
142358,Phil Elter
142363,Phil Flowers
142369,Phil Good
142375,Phil Hart
142392,Phil Marwood
142397,Phil Mountford
142402,Phil Ochs
142409,Phil Perry
142410,Phil Phillips
142416,Phil Satterline
142430,Phil Turner
142434,Phil Wharton| Lauren Wharton
142435,Phil Wickham
142438,Phil Woods
142450,Phil4Kids
142452,Philadelphia - Music From The Motion Picture
142465,Philadelphia Studio Band
142474,Phildel
142478,Philharmonia Orchestra
142503,Philharmonia Quartett Berlin
142508,Philharmonia Slavonica| The New Philharmonia Orchestra London
142513,Philharmonic Ensemble Vienna
142518,Philharmonic Wind Orchestra & Marc Reift
142520,Philharmonic Wind Orchestra| Marc Reift Orchestra
142530,Philian
142536,Philip Bader
142548,Philip Dizack Quintet
142553,Philip George
142554,Philip George| Anton Powers
142555,Philip George| Dragonette
142556,Philip Glass
142567,Philip Glass| Samuel Barber| Felix Mendelssohn| Frédéric Chopin| Wolfgang Amadeus Mozart| Ludwig van Beethoven| Franz Liszt| Johann Sebastian Bach| Franz Schubert| Camille Saint-Saëns| Claude Debussy| Robert Schumann| Maurice Ravel| Ravel| Musique Classi
142586,Philip Oakey & Giorgio Moroder
142592,Philip Selway
142593,Philip Sheppard
142606,Philipp Kempnich
142613,Philipp Ray & Victoriya Benasi
142626,Philippe Bestion
142645,Philippe Herreweghe
142648,Philippe Jaroussky
142650,Philippe Jaroussky/Ensemble Artaserse
142653,Philippe Jaroussky/Venice Baroque Orchestra/Andrea Marcon
142654,Philippe Jaroussky/William Christie/Max Emanuel Cencic/Les Arts Florissants
142657,Philippe Kahn
142661,Philippe Mermoud|Arthur Grumiaux|Christiane Jaccottet
142676,Philips Westin Orchestra
142684,Phillie MC
142698,Phillip Phillips
142699,Phillip Roebuck
142708,Phillips| Craig & Dean
142723,Philm
142733,Philthy Chit
142736,Philtre
142742,Phinehas
142747,Phish
142750,Phlake
142753,Phlebotomized
142754,Phlex
142769,Phoebe Ryan
142772,Phoenix
142778,Phoenix Ho
142788,Phonat
142793,Phonebooth
142806,Phonte
142807,Phonte| Eric Roberson
142808,Phony PPL
142810,Phora
142812,Phoria
142815,Photek
142822,Photograph
142826,Phrasement
142834,Phrixus
142835,Phrom Hymm
142839,Phum Viphurit
142855,Phuture
142863,Phylemn K Cheruiyot
142870,Phyllis Allen
142873,Phyllis Hyman
142878,Phynn
142885,Physics
142887,Phyzikal
142899,PiA吳蓓雅
142912,Pia Mia
142915,Pia Toscano
142920,Piana
142922,Pianissimo Brothers
142924,Pianista sull'Oceano
142926,Piano
142931,Piano & Relax & Musique Piano Spa
142932,Piano 01
142944,Piano Bar Music Oasis
142954,Piano Brothers
142959,Piano Christmas
142964,Piano Christmas| Christmas Piano Music| Christmas Music Piano
142971,Piano Classics 101 & French Dinner Music Collective & Musique Romantique Ensemble
142979,Piano Covers Club
142981,Piano Diary
142982,Piano Dreamers
142985,Piano Duet Players
142987,Piano Gaga
142989,Piano Hymns
142990,Piano Hymns Music
142996,Piano Jazz Calming Music Academy
142997,Piano Jazz Masters
142999,Piano Karaoke
143001,Piano King
143003,Piano Lounge
143006,Piano Love Songs
143015,Piano Love Songs: Classic Easy Listening Piano Instrumental Music
143028,Piano Lullabies
143029,Piano Lullaby Music
143032,Piano Magico
143033,Piano Man
143036,Piano Masters
143040,Piano Moods featuring Len Rhodes
143043,Piano Movies
143049,Piano Music Classical Player
143050,Piano Music Experts
143051,Piano Music For Christmas
143052,Piano Music Guru
143054,Piano Music Reflection
143062,Piano Music Spa
143069,Piano Music for Christmas & Instrumental Christmas Music Orchestra & Relaxing Piano Music: Greatest Hymns: Best Loved Religious Hymns and Spiritual Songs for Christian Devotion
143072,Piano Music for Christmas| Last Christmas Stars| Merry Christmas Party Singers
143079,Piano Pop Players
143091,Piano Solos
143092,Piano Songs
143094,Piano Songs Music Guru
143097,Piano Squall
143101,Piano Therapy
143109,Piano Tribute Players
143111,Piano Tribute Players| Relaxing Music| Relaxing Music Therapy
143125,Piano: Classical Relaxation
143128,PianoClassicsOnline.com
143129,PianoSista
143130,Pianobar
143134,Pianobebe
143143,Pianos Become The Teeth
143151,Piano|Piano Relaxation Music Masters
143160,Picastro
143162,Piccanto
143166,Picco
143174,Piccolo Coro
143175,Piccolo Coro Dell'Antoniano
143178,Piccolo| Saxo & Cie
143195,Pictures
143201,Pida
143204,Piece By Piece
143207,Pieces Of A Dream
143222,Pierce Fulton
143224,Pierce The Veil
143225,Pierce Turner
143230,Pierluigi Colangelo
143240,Piero Fabrizi
143252,Piero Umiliani
143253,Pierpoljak
143256,Pierre Akendengue
143257,Pierre Amoyal
143259,Pierre Amoyal| Klaus Storck| Marielle Nordmann| Helga Storck| Armin Jordan & Lausanne Chamber Orchestra
143265,Pierre Bensusan
143291,Pierre Favre
143297,Pierre Fournier
143301,Pierre Hantaï
143306,Pierre Lapointe
143311,Pierre Monteux
143332,Pierre Santino
143346,Pierre-Laurent Aimard
143348,Pierre-Stephane Meugé
143351,Pierre| Cox| Ward and Phuture
143357,Piet Kuijken
143371,Pietro De Maria
143391,Pigeon John
143396,Pigface
143403,Pignoise
143415,Pikachu (Character Voice: Ikue Otani)
143419,Pikku G
143433,Pilates Trainer
143436,Pilates Workout
143439,Pilates Workout Music Specialists
143440,Pile
143464,Pilot
143467,Pilot Speed
143475,Pim Pam Vocal Band
143488,Pimpin Porter
143502,Pinball
143505,Pinchas Zukerman
143507,Pinchas Zukerman/Daniel Barenboim/Jacqueline du Pre
143510,Pinchas Zukerman| Royal Philharmonic Orchestra
143513,Pinchers
143540,Pink BnN (에이핑크 보미|남주)
143541,Pink Buddha Lounge Café
143546,Pink Flamingo Rhythm Revue
143547,Pink Floyd
143558,Pink Lady Mode
143560,Pink Martini
143563,Pink Mountaintops
143569,Pink Pineapple
143573,Pink Slip
143581,Pinkie Maclure
143605,Pinocchio
143607,Pinocchio Original Soundtrack
143608,PinocchioP (ピノキオP)
143610,Pinodyne
143620,Piolo Pascual
143621,Piolo Pascual| Morissette
143627,Piotr Anderszewski
143628,Piotr Anderszewski/Die Deutsche Kammerphilharmonie Bremen
143629,Piotr Anderszewski/Scottish Chamber Orchestra
143630,Piotr Anderszewski/Sinfonia Varsovia/Dorotea Anderszewska
143635,Piotr Ilyich Tchaikovsky
143643,Piotr Szewczyk
143646,Pip
143665,Pippin
143678,Pirates Of The Caribbean
143688,Pirupa
143695,Piso 21
143701,Pistol Annies
143714,Pitbull
143715,Pitbull & Ne-Yo
143716,Pitbull Feat. Lil Jon| Sensato| Black Point & El Cata
143719,Pitbull VS Afrojack
143720,Pitbull feat. Chris Brown
143721,Pitbull feat. Don Miguelo
143722,Pitbull feat. G.R.L.
143723,Pitbull feat. Gente De Zona
143724,Pitbull feat. John Ryan
143725,Pitbull feat. Mohombi & Wisin
143726,Pitbull feat. Sensato & Osmani García
143727,Pitbull featuring Christina Aguilera
143728,Pitbull featuring T-Pain
143729,Pitbull featuring TJR
143733,Pitch Black
143738,Pitch Perfect
143739,Pitch Perfect Soundtrack
143746,Pitoro
143750,Pittbull
143763,Pity Sex
143771,Pixar Greatest
143778,PixelToy
143785,Pixie Lott
143787,Pixies
143789,Pixinguinha (Alfredo da Rocha Viana Filho) & his Band
143790,Pixl
143793,Pixx
143795,Piyasiri
143801,Pj Francis
143811,Placebo
143817,Placid Hawk
143823,Placido Domingo| José Carreras und Diana Ross
143829,Plaid
143833,Plain White T's
143836,Plamen Dereu
143838,Plan B
143842,Plan-B
143843,Plan-D (プランディ)
143847,Planes Mistaken For Stars
143858,Planet Funk
143864,Planet Perfecto Featuring Grace
143873,Planetary Assault Systems
143876,Planethard
143878,Planetshakers
143882,Planning For Burial
143889,Plants and Animals
143894,Plasdance
143910,Plastic Bertrand
143915,Plastic Lines
143916,Plastic Little
143922,Plastic Plates
143926,Plastic Tree
143934,Plastik Funk
143938,Plastikman
143941,Plastiscines
143944,Platform
143949,Platinum Collection Band
143951,Platinum Deejayz
143952,Platinum Hit Players
143953,Platinum Hook
143958,Platinum Themes Pro
143960,Platizone
143985,Play School
143987,Play-n-Skillz
144002,Playaz Circle
144005,Playboi da City
144011,Playday
144013,Player
144018,Players Since Creation
144020,Playfield Tunes
144026,Playhookey
144028,Playin' Buzzed
144030,Playing for Change
144032,Playing with Fire
144033,Playless
144034,Playlist DJs
144040,Playmen feat. Demy
144043,Playsongs People
144046,Playtime Pals
144054,Pleasantville -Music From The Motion Picture
144058,Pleasure
144059,Pleasure Dome (Pleasure Dome)
144076,Plies
144086,Plover
144087,Plts
144092,Plug In Stereo
144096,Plumb
144097,Plump Djs
144106,Plus Nine Boys
144107,Plus One
144114,Pluto Affairs
144118,Pluto x ye.
144119,Plutonius (ハヤカワP)
144122,Pluto| Molly Moore
144124,Plvtinum| Tarro
144130,Plácido Domingo
144138,Plácido Domingo|José Carreras|Orchestra del Maggio Musicale Fiorentino|Zubin Mehta|Luciano Pavarotti|Orchestra del Teatro dell'Opera di Roma
144144,PnB Rock
144153,Pnut & Jelly
144161,PocaBanda
144166,Pocket Biscuits
144175,Poco
144183,Podsy| Speed Weed| STVNNVTS| The Provence| Asstroman| Invictus| Rautu| L.State| Heit Stae| Recvst| Distonikk| Matro| Linki
144188,Poema
144196,Poeta Magica
144212,Point 22
144215,Point Break
144221,Point Point
144230,Poison
144235,Poison The Well
144242,Pokemon
144243,Poker Face
144244,Poker Faces
144249,Pol Omedes
144253,Polar
144254,Polar Bear
144263,Polarity
144266,Polaroid
144281,Poli Genova
144283,Polica
144289,Polina Gagarina
144290,Polina Mokshina
144306,Pollie Pop
144308,Polluted Mindz
144311,Polly Paulusma
144312,Polly Scattergood
144337,Poly
144338,Poly Rob
144345,Polycat
144352,Polynation
144354,Polyphia
144356,PolyphonicBranch
144369,Pomo
144375,Pompeya
144379,Poncho Sanchez
144384,Pond
144398,Pont Aeri
144417,Poo Bear
144429,Pool service-summer chill
144435,Poom
144442,Poor Moon
144452,Pop Beatz
144457,Pop Classics
144459,Pop Crystal Piano Music
144462,Pop District
144464,Pop Divas United
144467,Pop Evil
144470,Pop Feast
144471,Pop Fitness Junkies
144473,Pop Goes The Weasel
144474,Pop Hit Makers
144475,Pop Hits
144482,Pop Karaoke
144486,Pop Legends
144492,Pop Lullaby Ensemble
144494,Pop Mania
144495,Pop Merchants
144498,Pop Music: The Golden Era 1951-1975
144499,Pop Music: The Modern Era 1976-1999
144506,Pop Pistols
144512,Pop Soleil Orchestra
144523,Pop Tracks
144527,Pop Tracks| Todays Hits| Top 40 DJ's
144533,Pop Voice Nation
144540,PopMusik
144544,Popa Chubby
144547,Popcaan
144549,Popcorn Boys
144554,Popeda
144560,Popidiot
144572,Poppin'Party (戸山香澄(CAST:愛美)、花園たえ(CAST:大塚紗英)、牛込りみ(CAST:西本りみ)、山吹沙綾(CAST:大橋彩香)、市ヶ谷有咲(CAST:伊藤彩沙))
144587,Popstock Productions
144588,Popstrangers
144589,Popu Lady
144592,Popular Chic
144602,Populous| J_T| Florin H| FLUID CUBO| Martin Millar| PLATO| Ramsi| Gijs De Mik| Unhappiness| Primewave| Boy Funktastic| Bocuma| D-Noise| Giangi Cappai| Fabric| Robber Hawk| Locket Soul| Dj Hlokzen| Schaller| EXOPHONIA| Christopher De Bart| Midisoldier| Sa
144605,Porcelain Black
144608,Porches
144609,Porcupine Tree
144621,Porno For Pyros
144622,Porno Graffitti (ポルノグラフィティ)
144624,Porno Star
144636,Porsche Smith
144656,Porter Robinson
144657,Porter Robinson & Madeon
144665,Portion Boys
144666,Portishead
144674,Portofino Sunrise
144675,Portrait
144678,Portugal. The Man
144681,Posable Action Figures
144703,Posmoderna
144710,Post Malone
144718,Post War Years
144730,Postmen & Vanilla Acoustic
144759,Pouya
144775,Powderfinger
144776,Powell
144794,Power Hits
144795,Power Hits Summer 2011
144796,Power In Numbers
144802,Power Music Workout
144808,Power Rangers
144835,Powerman 5000
144836,Powers
144841,Powerwolf
144847,Pozitív
144852,Ppap Pineapple Pen
144857,Pr0files
144897,Prairie WWWW
144900,Praise Hymn Tracks
144906,Praise and Worship Orchestra
144916,Prana & Healing Music Spirit
144923,Pras
144925,Prash
144932,Pravin Kunwar| Kunal Bhagat
144940,Prayer in C
144941,Prayforme
144960,Precision Tunes
144970,Prefab Sprout
144972,Prefekt
144984,Pregnant Women Music Company
144990,Prelow
145015,Premium Kids 프리미엄 Kids
145020,Prenatal Education Lullaby 태교자장가
145029,Preoccupations
145034,Prepix
145041,Presence Of Soul
145049,Preservation Hall Jazz Band
145052,President Brown
145055,President of Pint
145067,Pressha Dinero & Jimmy da Gent Conway
145084,Preston Hutto
145087,Preston School Of Industry
145093,Presuntos Implicados
145094,Presuntos Inocentes
145106,Pretty Boy Floyd
145111,Pretty Brown
145115,Pretty Green
145117,Pretty Lights
145119,Pretty Pink
145122,Pretty Ricky
145131,Pretty Yende
145136,Previn
145143,Price Tag
145144,Priceless da Roc
145149,Pride & Glory
145154,Prides
145164,Primal Fear
145166,Primal Scream
145167,Primary
145177,Prime Time TV
145180,Primitive Man
145183,Primitive Radio Gods
145185,Primitive Weapons
145192,Primus
145193,Prince
145196,Prince AJ
145199,Prince Alla
145205,Prince Buster
145208,Prince Charles and the City Beat Band
145229,Prince Fox
145245,Prince Malachi
145254,Prince Paul
145255,Prince Paul and DJ P. Forreal
145262,Prince Rama
145265,Prince Ronnie Love
145266,Prince Royce
145268,Prince Royce feat. Jennifer Lopez and Pitbull
145270,Prince Royce feat. Pitbull
145271,Prince Royce feat. Snoop Dogg
145316,Printz Board & the Boardmemberz
145322,Priory
145324,Priscilla Ahn (プリシラ・アーン)
145336,Prismatic
145337,Prismo
145347,Pritam
145351,Pritam| Arijit Singh| Badshah| Jonita Gandhi| Nakash Aziz
145359,Private
145373,Priyam Thind
145374,Priyanka Chopra
145378,PrizmaX
145396,Pro Musica Orchestra Vienna
145399,Pro Sound Effects Library
145403,ProSound Karaoke Band
145404,ProSound Tribute Band
145406,ProTracks (Karaoke)
145413,Problem
145426,Procol Harum
145433,Prodigy
145453,Professional Fatboyz
145461,Professor Eightbit
145463,Professor Green
145464,Professor Green Feat. Ed Drewett
145470,Professor Longhair
145494,Progressive House
145497,Progressive House EP
145499,Progressive Jazz Band
145500,Progressive PsyTrance (Edition 2010)
145504,Project 1
145507,Project 314
145509,Project 46
145511,Project 86
145520,Project Blue Sun
145523,Project Ccok
145524,Project Emotions
145532,Project Move
145538,Project Pat
145556,ProjectBabyQuez
145558,Projekt Black
145559,Projekt G-Triebe
145574,Prolurv Charm
145578,Promenade
145591,Promised Land Sound
145600,Proofsound
145601,Propa Charts
145614,Prophets Of Rage
145623,Prosanctus Inferi
145631,Prosternatur
145638,Protein
145639,Protest The Hero
145646,Protochild
145648,Protoculture
145653,Protomartyr
145662,Proudly People
145675,Proxy & Supremacy
145711,Przemysław Strączek & Teriver Cheung
145719,Psalm
145735,Psiko
145770,Psychedelic Trance| Goa Trance| Psytrance
145771,Psychedelic Trance| Masters of Trance| Goa Trance| Psytrance| DJ Acid Hard House| DoctorSpook
145772,Psychedelic Trance| Masters of Trance| Goa Trance| Psytrance| Goa Psy Trance Masters
145773,Psychedelic Trance| Progressive Goa Trance| Goa Trance| Psytrance| DoctorSpook| Goa Psy Trance Masters
145793,Psycho le Cemu
145804,Psychophony
145808,Psychovox
145813,Psycroptic
145829,Pt. Bhimsen Joshi
145835,Ptah Williams
145841,Pub Night Fever Song
145847,Public Enemies Soundtrack
145848,Public Enemy
145860,Publivox Orquesta
145868,Puck
145873,Puddle Of Mudd
145877,Puding Pani Elvisovej
145881,Puer Kim
145886,Puff Daddy
145887,Puff Daddy & The Family
145889,Puff Nation Superman Cypher 超人接力
145892,Puffy AmiYumi
145896,Pugliese
145908,Pulcino Pio
145913,Pulled Apart By Horses
145917,Pullip
145918,Pullover
145919,Pulp
145930,Pulsedriver
145936,Pulser
145942,Pulz
145963,Pumpkin Jack
145966,Pun Paibuljkiat Kheokao
145968,Punch (펀치)
145974,Punch| Silentó
145977,Punish
146001,Pup
146007,Pupo
146008,Puppet
146026,Pure
146030,Pure Bathing Culture
146045,Pure Hitstars
146061,Pure Prairie League
146073,Pure... Series
146076,Purelabel J'k
146078,Puresque
146080,Puretone
146081,Purfles
146086,Purity Ring
146104,Purple Fizz
146112,Purple Rains Band
146121,Purpose
146125,Pursuit Of Happiness
146129,Puscifer
146139,Pusha T
146152,Puspita
146153,Puss N Boots
146155,Pussy Cat & Chill Out
146161,Pussycat Dolls
146162,Pussylovers
146167,Put Your Hands In The Air
146168,Put Your Hands Up In The Air
146199,Pyero
146208,Pyotr Ilyich Tchaikovsky
146212,Pyramid
146234,Pzk
146241,Pää-äijät
146250,Pérez Prado y Su Orquesta
146277,Q'ulle
146282,Q-Genz 巧千金
146287,Q-Tip
146303,Q;indivi Starring Rin Oikawa
146304,QB Finest
146309,QJ
146313,QN
146314,QN From SIMI LAB
146317,QOOLAND (QOOLAND)
146327,QUARTET NIGHT
146330,QUEEN BEE
146335,QURULI (くるり)
146336,QWOTE
146351,Qi
146355,Qian Bai Hui 千百惠
146359,Qiu Qing Yun
146360,Qluster
146374,Qu
146378,Quad City DJs
146381,Quadriga Consort
146383,Quadron
146404,Quantic
146405,Quantic & Alice Russell
146411,Quantum Foam
146413,Quantum Hits
146415,Quantum Of Solace
146419,Quares
146425,Quarterbacks
146432,Quartet Sine Nomine
146436,Quarteto Em Cy
146460,Quasimode
146461,Quasimoto
146476,Quatuor Diotima
146487,Quatuor Ébène
146490,Quaziq D
146493,Que
146498,Que Sera Sera
146505,Queda Vegas
146507,Queen
146508,Queen + Paul Rodgers
146520,Queen Latifah
146524,Queen Of The Damned - The Score Album
146527,Queen V
146534,QueenSuitcase
146535,Queena
146537,Queena Tam
146539,Queens Of The Stone Age
146542,Queensbridge Finest
146546,Queensrÿche
146547,Queenston
146548,Queen| Tanda
146553,Quelle Chris
146563,Quentin Mosimann
146567,Quentin Sirjacq
146569,Quentin Tarantino's Inglourious Basterds Motion Picture Soundtrack
146570,Quentin Tarantino’s Django Unchained Original Motion Picture Soundtrack
146575,Quest
146578,Quest One
146591,Quia Nicole
146603,Quicksilver Messenger Service
146604,Quicktrip
146615,Quiet Nights Of Quiet Stars
146619,Quiet Riot
146623,Quietdrive
146626,Quil Tanachen
146631,Quilt
146648,Quincy Jones
146659,Quinka|with a Yawn
146660,Quinn
146683,Quintino
146685,Quintino & Blasterjaxx
146686,Quintino & FTampa
146689,Quintino x Cheat Codes
146711,Quizmaster
146712,Qulinez
146713,Qulinez feat. Belle Humble
146733,Qwel
146738,Q群仙傳 Online
146739,R & B Chartstars
146743,R & B Chartstars|R n B Allstars
146745,R & B Christmas Hits
146748,R & B Urban All Stars
146750,R & B Urban All Stars| Urban All Stars
146751,R & B and Soul Roots| Vol. 3
146761,R n B Allstars
146764,R&B
146766,R&B BOSSA
146767,R&B Boutique - In The Party (Mixed by DJ Kenkaida)
146768,R&B Boutique - In The Party 2nd Floor (Mixed by DJ Kenkaida)
146770,R&B Christmas
146772,R&B Collaborations 2007
146776,R&B Fitness Crew
146780,R&B Hits
146784,R&B Throwbacks
146786,R&B/SOUL Love Song Collection
146788,R&B情歌寶典
146793,R'mone Entonio
146805,R-指定
146808,R. City
146809,R. City feat.  Adam Levine
146816,R. Kelly
146825,R. Punch| II
146826,R. Schumann : Concerto for piano and orchestra in A minor/Konzertst? G major - F. Schubert : Musical moments
146831,R.A. The Rugged Man
146846,R.E.M.
146853,R.I.O.
146871,R.O.O.O.M
146899,R3HAB & DEORRO
146900,R3HAB & KSHMR
146901,R3HAB & VINAI
146902,R3HAB| Skytech
146906,R3NY
146913,R3hab
146914,R3hab & NERVO
146915,R3hab & NERVO & Ummet Ozcan
146916,R3hab & Sander van Doorn
146917,R3hab & Trevor Guthrie
146918,R3hab| Zroq
146921,R3x Wonder
146923,R5
146929,RAC
146930,RAC feat. Chelsea Lankes
146932,RAC feat. Little Boots
146933,RAC feat. Madi Diaz
146935,RACHEL SERMANNI
146938,RADIO
146940,RADWIMPS
146948,RAIN (정지훈)
146949,RAINBOW
146950,RAINBOW99
146955,RAIZEN × BOCKY
146958,RAM
146959,RAM HEAD
146960,RAM RIDER (ラムライダー)
146964,RAMP
146967,RANK 1
146980,RAY BLK feat. Stormzy
146982,RAY CONNIFF and his ORCHESTRA and CHORUS
146985,RAZIKA
146990,RBL Posse
147013,RECORDBELL
147019,RED 紅樂團
147033,REIRA starring YUNA ITO (レイナスターリングユナイトウ)
147035,REJ3CTZ
147037,RELAX WORLD
147041,REMEDIOS
147043,REMIX
147047,RENT Soundtrack
147048,REOL
147051,RESH
147052,RETA
147053,RETA feat. Mackoy
147058,REVOCATION
147072,RHODES
147073,RHODES| Felix Jaehn
147084,RICHARD SPAVEN
147106,RIVRS
147109,RIZE
147121,RJD2
147131,RK金承熙
147132,RL
147134,RL Grime
147135,RL Grime| What So Not
147151,RO Online
147156,ROAR
147162,ROBOTS
147171,ROCS
147172,RODEO
147183,ROMEO
147184,ROMERO LUBAMBO
147190,ROO
147192,ROOKiEZ is PUNK'D
147194,ROOMIE
147195,ROOT FIVE
147196,ROOTMERGE
147201,ROTH BART BARON
147203,ROY KIM
147204,ROYALcomfort
147208,RPG
147210,RPM 2000
147222,RSP
147228,RTM ALL STARZ
147229,RTS
147236,RUBY-CATMAN
147243,RUGGERI ENRICO
147250,RUN-DMC
147254,RUNAGROUND & Taryn Southern
147268,RX黃浩邦 (RX WONG Ho Pong)
147269,RY X
147271,RYAT
147272,RYDAH J KLYDE
147273,RYEOWOOK
147275,RYINA| tika| Saori Fukuyama| em4n (RYINA| 千花| 福山沙織| えむよん)
147290,RYUTist
147295,Ra Ra Riot
147298,Ra'lou
147299,Ra.D
147300,Ra.D| d.ear| BrotherSu| JooYoung
147301,Ra.L
147310,Raaf Hekkema
147318,Raashan Ahmad
147334,Rabbit
147335,Rabbit Boy
147360,Race
147363,Racer X
147374,Rachael Sage
147378,Rachael Yamagata
147379,Rachaurd the Writer
147389,Rachel Believes In Me
147393,Rachel Chan
147395,Rachel Costanzo
147396,Rachel Diggs
147397,Rachel Divà
147401,Rachel Goswell
147417,Rachel Mercer
147420,Rachel Platten
147421,Rachel Podger
147425,Rachel Portman
147426,Rachel Potter
147433,Rachel Stevens
147435,Rachel Taylor
147442,Rachele Lynae
147446,Rachelle Ferrell
147458,Racing Glaciers
147465,Rad Van Cor| Anna Verdi
147467,Radames Gnattali
147477,Radek Baborak [Horn] & Ales Barta [Organ]
147481,Radha
147491,Radial Spangle
147498,Radiation City
147505,Radical Face
147508,Radical SIGN
147509,Radical Something
147529,Radio Blazers
147540,Radio Days
147541,Radio Deluxe
147544,Radio Edit
147553,Radio Hits
147560,Radio Killer
147567,Radio Meditation Music
147578,Radio Remix DJ
147614,Radioactive
147621,Radiohead
147622,Radion6
147624,Radiophone
147637,Radomuzik
147640,Radovan Vlatkovic/English Chamber Orchestra/Jeffrey Tate
147642,Radu Lupu
147646,Rae
147651,Rae Morris
147652,Rae Okino
147654,Rae Spoon
147655,Rae Sremmurd
147657,RaeLynn
147658,Raef
147660,Raekwon
147666,Raelee Nikole
147673,Raf
147675,Raf Marchesini & DJ Favorite
147706,Rafael Fruhbeck de Burgos
147718,Rafael Malul
147726,Rafael Riqueni
147736,Rafal Blechacz
147740,Rafel Kubelík
147747,Raffaela Wais
147773,Rafolino
147783,Rag'N'Bone Man
147788,Ragazzi Boys Chorus
147790,Rage
147792,Rage Against The Machine
147805,Ragga Ragga Ragga 2011 (Explicit Version)
147840,Rah Digga
147841,Rah Rah
147850,Rahat Nusrat Fateh Ali Khan
147853,Raheem DeVaughn
147863,Rahs E Invicto
147865,Rahsaan Patterson
147866,Rahsaan Roland Kirk
147871,Rahul Misra
147877,Rahzel
147886,Raiden
147903,Raimond Lap
147908,Raimundo Amador
147910,Rain
147914,Rain Johannes
147915,Rain Man
147918,Rain Paris
147919,Rain Plow
147923,Rain Sound
147924,Rain Sounds
147937,Rain Sounds| Nature Sounds for Sleep and Relaxation & Deep Sleep Relaxation
147947,Rain.Dog
147948,Raina
147954,Rainbow
147955,Rainbow Arabia
147956,Rainbow Blaxx
147958,Rainbow Cartoon
147962,Rainbow Diamond
147964,Rainbow Jo Hyun Yeong(레인보우 조현영)
147966,Rainbow Kids(레인보우 Kids)
147983,Rainer + Grimm
147999,Raining Pleasure
148000,Raining White Noise Sleep Sound: Increase Focus| Concentration| Privacy - Heal Migraines| Headaches| Tinnitus with Raind
148001,Raining White Noise Sleep Sound: Increase Focus| Concentration| Privacy - Heal Migranes| Headaches| Tinnitus with raind
148013,Raisa
148014,Raisa K
148016,Raise
148021,Raising Jupiter
148048,Rajaton
148061,Rajitheone
148064,Rajiv Dhall
148069,Rajna
148079,Rake
148088,Rakim
148095,Ralana
148096,Raleigh Ritchie
148117,Ralo
148119,Ralph Bowen
148120,Ralph Burns & His Orchestra
148122,Ralph Felix & SDJM
148124,Ralph Flanagan
148129,Ralph Kirkpatrick
148130,Ralph Kirshbaum
148137,Ralph Myerz And The Jack Herren Band
148140,Ralph Rousseau
148143,Ralph Stanley II
148146,Ralph Vaughan Williams
148149,Ralphi Rosario
148168,Ram Jam
148177,Rama Writes
148184,Ramana Vieira
148190,Ramba Zamba
148200,Ramda
148201,Ramdesh Kaur
148204,Rameez
148206,Rameses B
148207,Rameses B| Soundr
148212,Rami Fortis
148216,Ramin Djawadi
148247,Ramon der singende Türsteher
148252,Ramona Roberson Gregory
148255,Ramones
148261,Rampage
148262,Rampus
148263,Ramriddlz
148266,Ramses
148282,Ramzi
148310,Rancid
148330,Randolph Rose
148335,Random Encounters
148346,Randomajestiq
148351,Randy Brecker
148355,Randy Coven
148356,Randy Crawford
148364,Randy Jackson Band
148368,Randy Lance
148375,Randy Newman
148382,Randy Raymond
148389,Randy Travis
148390,Randy VanWarmer
148395,Randy and the Rainbows
148398,Ranee Lee
148402,Ranga
148412,Rangleklods
148415,Rania
148424,Ranking Joe
148426,Ranlusy Louis Mor
148434,Rantisuno Minna (ランティスのみんな)
148450,Rap Allstars
148466,Rap:Ster
148475,Raphael
148481,Raphael Saadiq
148502,Rapman
148512,Rapper MV
148518,Rappin' 4-Tay
148524,Rapsoul
148534,Raptools
148544,Raquel Castro
148548,Raquel Sofía
148559,Rarehuman_NO3| GUMI (レアヒューマン・ナンバースリー| GUMI)
148577,Ras Gee
148591,Ras Michael
148594,Ras Shiloh
148602,Rascal Flatts
148632,Rasmus Faber
148638,Rasmus Nøhr
148639,Rasmus Rändvee
148643,Rasmus Walter
148646,Raspberry Field(라즈베리필드)
148651,Rasputin Stash
148661,Rasta Roosta
148675,Rat Boy
148684,Ratatat
148685,Ratatouille
148686,Ratatouille: What’s Cooking?
148697,Rather Be
148700,Rati Durglishvili
148703,Rationale
148710,Rats
148713,Ratt
148722,Raudive
148724,Rauhnacht
148725,Raujika
148727,Raul Di Blasio
148728,Raul Facio
148738,Raul Midon
148750,Raulzinho
148754,Raury
148763,Rave Hits
148764,Rave Hits 2006
148765,Rave Hits Of The 90's
148774,Rave Style| DJ Generic
148782,Raven
148784,Raven Felix
148792,Ravenscry
148794,Raveon| Christian Tanz
148797,Ravi (feat. SAM&SP3CK)
148801,Ravi Shankar
148805,Ravi Varma
148811,Raving George
148817,Ravyn Lenae
148833,Raw Silk
148837,Raw-G
148842,Rawcus
148850,Rawsome Russ & NWI
148860,Ray Anthony
148864,Ray Blk
148869,Ray Brown
148870,Ray Brown / John Clayton
148885,Ray Charles
148886,Ray Charles & Betty Carter
148887,Ray Charles - Norah Jones
148901,Ray Chen
148904,Ray Conniff
148912,Ray Conniff and The Singers
148919,Ray Davies
148927,Ray Foxx
148931,Ray Gibson
148943,Ray J
148947,Ray Kajioka
148949,Ray Keith
148950,Ray Kennedy
148955,Ray LaMontagne
148965,Ray MD| Estephany Hernandez
148982,Ray Parker| Jr.
148986,Ray Peterson
148988,Ray Price
148996,Ray Robinson
149007,Ray Silver
149013,Ray Volpe
149017,Ray West
149018,Ray Wil
149022,Ray Worx
149024,Ray Yamada
149041,Raydio
149042,Raye
149047,Rayka
149055,Raymond & Maria
149066,Raymond Jaquez
149089,Rayne Michael
149091,Rayneeds
149099,Rayon-X
149101,Rayray劉軒蓁
149107,Rayven Justice
149110,Rayvon Owen
149133,Razihel
149147,Razorlight
149171,Re-Trick
149173,Re-Wind
149178,Re:Locate
149182,Re:ply
149188,ReNeyDj
149189,ReOrder & Lee Osborne with Roxanne Emery
149192,ReVe
149199,Reachback
149204,Read All About It
149209,Reading
149227,Ready Revolution
149241,Reagenzclaas
149249,Real Deal
149251,Real Estate
149253,Real Friends
149255,Real Gone| Maggs| Yaymee K
149263,Real McCoy
149267,Real Smell
149275,RealLiifeEmojiS
149279,Reality
149291,Reamonn
149295,Reap Night Dj
149303,Reasonable Love  OST PART3
149304,Reasonable Love  OST Part4
149305,Reasonable Love OST Part1
149311,Reba McEntire
149319,Rebecca & Fiona
149322,Rebecca Black
149331,Rebecca Ferguson
149339,Rebecca Hwang
149371,Rebekka Bakken
149374,Rebekka Karijord
149378,Rebel
149401,Rebelution
149403,Rebirth
149404,Rebirth Brass Band
149405,Reboot
149413,Rebound!
149430,Reckonerz
149442,Recondite
149455,Recto Verso
149459,Red
149462,Red Alert
149481,Red Callender
149486,Red Chair 빨간의자
149488,Red City Radio
149492,Red Dragon Cartel
149499,Red Foley
149501,Red Fox
149504,Red Galand
149505,Red Garland
149517,Red Hot Chili Peppers
149518,Red Hot Chilli Pipers
149522,Red House Painters
149524,Red Illusions
149526,Red Invasion
149559,Red Planet
149565,Red Rat
149617,Red Velvet
149619,Red Vocal Academy
149630,RedDJ
149633,RedMoon| Meron Ryan
149634,RedOne
149642,Redbone
149645,Redd Gobblin Cartel
149652,Reddman UK
149657,Reddy(레디)
149672,Redfoo
149676,Redholic
149684,Redlight
149685,Redlight King
149714,Redtxanela
149722,Reece Finnegan
149724,Reece Loc
149725,Reece Low
149727,Reece Mastin
149729,Reecey Boi
149732,Reed Deming
149751,Reeko
149754,Reel 2 Real
149756,Reel Beetz
149758,Reel Big Fish
149765,Reema Datta
149767,Reeno
149782,Reez
149786,Reez| Mandy Jiroux
149794,Reflective Moments Of Praise
149799,Reflex
149807,Refugees for Refugees
149819,Rega Avoena
149820,Rega Avoena| 1Touch| LuOrchestra| Doors in the Sand| Iris Dee Jay| Dj Impuls| Alexander Volosnikov| Georgy Om| Moonnight| Crush| NYD| Dj Artak| Sub Orchestra| Matthew Billings| Submersion| Sunbird| idenline| Jack-o'-Lantern| Vika Romanova| Rj Chevalier| 
149821,Regain
149825,Regaliz
149835,Reggae Allstars
149842,Reggae Flavor R&B Original Best
149843,Reggae Gold
149844,Reggae Gold 2012
149847,Reggae Lasting Love Songs
149850,Reggae Machine| Reggae Beat| Reggae Revolution
149883,Reggie 'N' Bollie
149884,Reggie B
149888,Reggie P
149911,Regina Belle
149915,Regina Lund
149918,Regina Spektor
149928,Reginald William
149932,Regine Velasquez
149933,Regine Velasquez & Ogie Alcasid
149937,Regine Veleasquez
149939,Regis
149955,Rei Narita
149956,Rei Natsuki (奈月れい)
149958,Rei Yasuda (安田 レイ)
149968,Reid Stefan
149972,Reigan
149982,Reik
149985,Reiki
149987,Reiki Armonía
149997,Reiki Healing Zone
150001,Reiki Music & Kundalini: Yoga| Meditation| Relaxation & Reiki Healing Music Ensemble & Reiki Healing Music Ensemble
150002,Reiki Music Academy
150005,Reiki Tribe
150013,ReinXeed
150031,Reinhard Mey
150039,Reinoud van Mechelen / A Nocte Temporis
150045,Reiya Yamaguchi (山口レイヤ)
150051,Rejjie Snow
150058,Reki
150061,Rekid
150062,Rekishi (レキシ)
150066,Reks
150088,Relax
150091,Relax & Deep Sleep Music Delta Binaural 432 Hz & Piano 101
150093,Relax & Relax
150097,Relax & Unwind
150100,Relax Around the World Studio
150103,Relax Baby Music Collection
150106,Relax Cafe・・・
150108,Relax Deeply 2
150109,Relax Deeply BLOOM
150110,Relax Folk from the Planet Studio
150129,Relax Vol.I: Smooth Classics
150135,Relax α Wave
150137,RelaxMyCat
150138,Relaxamento
150150,Relaxation Big Band
150156,Relaxation Guitar Maestro
150157,Relaxation Guru
150164,Relaxation Meditation Yoga Music
150171,Relaxation Music
150172,Relaxation Music For Pregnant Women
150181,Relaxation Personal Guru
150182,Relaxation Piano
150205,Relaxation Synthesis
150207,Relaxation Yoga Instrumentalists
150220,Relaxation: A Windham Hill Collection
150226,Relaxed Piano Music
150240,Relaxing Chillout Music Zone
150242,Relaxing Cinema Classics
150245,Relaxing Classical Piano Music
150257,Relaxing Instrumental Jazz Academy
150260,Relaxing Instrumental Jazz Ensemble
150265,Relaxing Instrumental Music
150273,Relaxing Jazz Guitar Academy| Classical Jazz Guitar Club| Instrumental Jazz Music Ambient| Jazz Erotic Lounge Collective
150277,Relaxing Jazz Music
150279,Relaxing Jazz Music & Drum and Bass Party DJ & Piano Shades
150286,Relaxing Meditation Yoga Music for Buddhism & Scents of Spa & Positive Thinking: Music for Meditation| Yoga & Deep Sleep/
150295,Relaxing Moods
150296,Relaxing Music
150307,Relaxing Music Therapy
150324,Relaxing Piano Bar Masters
150330,Relaxing Piano Jazz Music Ensemble
150331,Relaxing Piano Man
150332,Relaxing Piano Masters
150333,Relaxing Piano Music
150338,Relaxing Piano Music Academy
150339,Relaxing Piano Music Consort
150353,Relaxing Piano Music Consort| Piano Tribute Players| Relaxing Piano Music
150357,Relaxing Piano Music Ensemble
150363,Relaxing Piano Music for Meditation| Relaxation| and Yoga
150365,Relaxing Piano Music for Pregnancy
150383,Relaxing Sounds Lab
150386,Relaxing Sounds of Nature White Noise 4 Mindfulness Meditation Relaxation Specialists
150392,Relaxing Sounds of Rain Music Club
150396,Relaxing Spa Music Zone| Lucid Dreaming World-Collective Unconscious Mind| Chakra Meditation Specialists
150397,Relaxing Spa Sounds
150403,Relaxing Zen Music Ensemble
150419,Relient K
150436,Rellex
150438,Relly Great
150441,Reload
150454,Remady| Manu-L
150469,Remedy Drive
150481,Remenber Me
150484,Remi Chaudagne| David Starck
150493,Remix & Repent
150495,Remix Explosion The Hottest Remixes
150496,Remix Fitness Factory
150499,Remix Me
150501,Remix Radio DJ
150508,Remmi
150509,Remmi| Taptone| Not Your Dope
150524,Remu Link
150526,Remus Stana
150530,Remy Banks
150535,Remy Kay
150536,Remy Ma
150538,Remy Shand
150542,Ren Harvieu
150545,Ren Woods
150546,Ren da Gemini
150561,Renan Luce
150568,Renata Scotto
150575,Renata Tebaldi| Giorgio Favaretto| Richard Bonynge
150587,Renato Falerni
150592,Renato Hoffman
150612,Renaud Capuçon/Gautier Capuçon/Gérard Caussé/Nicholas Angelich
150619,Rend Collective
150631,Rene Ablaze & Jacinta
150633,Rene Amesz Baggi Begovic
150639,Rene Lopez
150641,Rene Marie
150646,Rene Rodrigezz
150662,Renee & Jeremy
150663,Renee Fleming
150665,Renee Olstead
150674,Renegade Five
150675,Renegade Hit Makers
150678,Renegade Stars
150682,Renegades Of Jazz
150690,Renita Cotton
150698,Rennie
150702,Reno Ka
150707,Rent
150731,René Noçon
150742,Reo Cragun
150743,Reo Speedwagon
150745,Reonda
150751,Repentina
150762,Reply 1988 (Original Soundtrack)
150763,Reply 1994 (Original Soundtrack)
150766,Repow
150767,Repow & THALES
150770,Reptar
150775,Republic Of Brickfields
150778,Republic of Korea Navy Symphonic Band
150782,Republica
150804,Reset Safari
150837,Rest Super Music Maestro
150845,Restaurant Music Academy
150862,Restaurant Music| Acoustic Guitar Tribute Players
150863,Restaurant Music| Café Lounge
150864,Restaurant Music| Perfect Dinner Music
150874,Restless Streets
150896,Retro Bomb
150901,Retro Jazz：Jazz FM in the City
150906,Retro Virus
150913,Retrohandz
150922,Return To Forever
150928,Retz Reine Krantz
150937,Reuby
150951,Rev Theory
150964,Rev. I.B. Ware With Wife And Son
150977,Reva DeVito
150999,Reverend Horton Heat
151018,Revodj
151020,Revoke
151031,Revolution Worship
151034,Revolutionary Road
151037,Revolva
151040,Revolverheld
151041,Revolverheld feat. Marta Jandová (Die Happy)
151043,Revolvr
151052,Rex Allen Jr. And Rex Allen Sr.
151063,Rex Wilson Trio
151066,Rex.D
151079,Rey Fonder
151082,Rey Little
151086,Rey Salinero
151098,Reykon
151100,Reyli Barba
151105,Reynard Silva
151128,Rhapsody
151130,Rhapsody Of Fire
151155,Rhian Sheehan
151156,Rhianna
151170,Rhodes & Birdy
151187,Rhonda Vincent
151189,Rhonda's Experience
151200,Rhye
151206,Rhymefest
151215,Rhys| Eggsy
151226,Rhythm On the Radio
151227,Rhythm Power
151230,Rhythm Spectacle
151232,Rhythm Starz
151236,Rhythmking
151237,Rhythmking feat. Bumkey| Yenny & Shorry J
151238,Rhythms Del Mundo
151246,RiTa Pax
151250,Ria Mae
151256,Rialto
151259,Rian Swanepoel
151262,Rianne
151266,Ribamar
151269,Ribs
151280,Ric Tann
151284,Rica Matsumoto (松本梨香)
151288,Ricardo
151290,Ricardo Arjona
151315,Ricardo Montaner
151320,Ricardo Padua feat. Hatsune Miku
151324,Ricardo Ribeiro
151334,Ricardo Williams
151346,Riccardo Chailly|Gewandhausorchester Leipzig
151355,Riccardo Eberspacher
151360,Riccardo Minasi
151363,Riccardo Muti/Andre Previn/London Symphony Orchestra
151369,Riccardo Muti/Philadelphia Orchestra
151375,Riccardo Muti/Wiener Philharmoniker/Konzertvereinigung Der Wiener Staatsopernchor
151384,Ricchi E Poveri
151403,Rich Chef
151404,Rich Chigga
151409,Rich Edwards
151414,Rich Gang
151415,Rich Gang 2
151420,Rich Homie Quan
151423,Rich Hopkins
151428,Rich Ko
151435,Rich Mullins
151436,Rich O'Toole
151439,Rich Perry
151440,Rich Quick
151453,Rich The Kid
151461,Rich the Factor
151470,Richard Adams| Gumbo & Vincent Webb
151471,Richard And Linda Thompson
151472,Richard Anthony
151475,Richard Ashcroft
151488,Richard Berry
151493,Richard Bona
151524,Richard Cheese
151527,Richard Clayderman
151529,Richard Clayderman|China Broadcasting Chinese Orchestra
151536,Richard Devine
151541,Richard Durand
151543,Richard Durand & Pedro Del Mar featuring Roberta Harrison
151544,Richard Durand featuring Hadley
151545,Richard Durand featuring Simon
151546,Richard Durand vs. the World (Africa & Middle East)
151547,Richard Durand vs. the World: South America
151552,Richard Elliot
151554,Richard Evans
151561,Richard Galliano
151572,Richard Goode
151579,Richard Groove Holmes
151586,Richard Hartley
151591,Richard Hawley
151597,Richard Hickox
151598,Richard Hickox/Catherine Dubosc/Westminster Singers/City Of London Sinfonia
151599,Richard Hickox/Jean-Bernard Pommier/Anne Queffélec/Maggie Cole/Dame Gillian Weir/City of London Sinfonia
151601,Richard Hiebinger
151617,Richard Kapp| Eugene Ormandy| Juilliard String Quartet| Aaron Copland| Metamorphosen Chamber Orchestra| Leonard Slatkin| Maurice Sharp| Louis Lane| John Williams
151629,Richard MacKenzie
151637,Richard Marx
151639,Richard McMurtrey
151652,Richard Parkers
151662,Richard Rodgers
151667,Richard Sanderson
151672,Richard Shulman
151674,Richard Smallwood
151675,Richard Smallwood+Vision
151684,Richard Strauss
151706,Richard Wester
151710,Richard With Crystal piano
151716,Richard Yongjae O'Neill|Alte Musik Köln
151719,Richard Zelada
151748,Richie Kamuca Bill Holman
151751,Richie Kotzen
151754,Richie May
151765,Richie Scarlet
151770,Richie Stephens| Gentleman| Richie Stephens| Gentleman
151772,Richie Valens
151778,Richter
151787,Rick Astley
151790,Rick Braun
151800,Rick Dei
151807,Rick Hale
151809,Rick James
151820,Rick Mims Band
151821,Rick Mitchells
151822,Rick Moore
151831,Rick Price
151832,Rick Rack
151836,Rick Riso
151840,Rick Ross
151843,Rick Sanders
151844,Rick Springfield
151848,Rick Verboom
151863,Ricki And The Flash
151864,Ricki Flight
151866,Ricki-Lee
151868,Rickie Lee Jones
151877,Ricky
151887,Ricky Blaze feat. Chelley
151913,Ricky Martin
151914,Ricky Martin Feat. Joss Stone
151918,Ricky Martin feat. Pitbull
151919,Ricky Martin feat. Yotuel
151927,Ricky Nelson
151929,Ricky Nelson| Rick Nelson
151931,Ricky Official
151933,Ricky Pellegrino
151938,Ricky Remedy
151942,Ricky Skaggs
151944,Ricky Van Shelton
151948,Ricky White
151949,Ricky Young
151954,Rickyxsan
151964,Rico Bernasconi & Lotus feat. Nicki Minaj & Shiloh & Gravy
151971,Rico G TheMayor
151974,Rico Love
151991,Ricoshëi / Dave DK
151994,Rictor
151999,Ridan
152006,Riddim Driven: (R.A.W.) Ready And Willing
152010,Riddim Driven: Bingie Trod
152019,Riddim Driven: Flava
152020,Riddim Driven: G-string
152032,Riddim Driven: Salsa
152039,Riddim Driven: Tiajuana
152051,Ride
152062,Ridillo
152067,Ridsa
152068,Ridsa & Lil'lya DS
152074,Rie Sinclair
152075,Rie Tomosaka (ともさかりえ)
152076,Rie a.k.a. Suzaku
152089,Riff Raff
152095,Rifleman
152100,Riggi & Piros
152112,Right Said Fred
152114,Right The Stars
152132,Rihanna
152135,Rihanna| Kanye West| Paul McCartney
152136,Rihanna| Sean Paul
152139,Riho Iida (飯田里穂)
152140,Rihwa
152144,Riin
152181,Riley Lee
152191,Rilo Kiley
152200,Rimi Natsukawa (夏川りみ)
152201,Rimi and Potato(리미와 감자)
152220,Rina Trillz
152239,Ringo Starr
152250,Ringtone Theme Busters
152251,Ringtone Truetones
152252,RingtoneFeeder
152258,Ringtones Stars
152259,Ringworm
152269,Rino(IO)Dj
152273,Rio
152291,Rio: Music From The Motion Picture
152292,Rio: Music from the motion picture
152299,Riot Grrrl
152302,Riots
152313,Ripley
152315,Ripmen
152318,Ripple 2.0
152331,Rise Against
152338,Rise To Remain
152354,Rising Sons
152369,Rita Coolidge
152377,Rita Hayworth
152380,Rita Lee
152384,Rita Ora
152386,Rita Pavone
152393,Rita Streich
152397,Rita Wilson
152406,Ritchie Valens
152408,Rithma
152417,Riton
152420,Riton featuring Kah-lo
152424,Rittz
152425,Ritual
152438,Rival Consoles
152439,Rival Sons
152448,River
152453,River Flows In You
152461,River Styx
152462,River Tiber
152481,Rivers Cuomo
152483,Rivers in the Desert Music (荒地に川ミュージック)
152490,Rivertree
152495,Rivet button
152499,Riviere
152502,Rivvrs
152505,Rixton
152508,Riyoko feat. Silent Jazz Case (リヨコ フィーチャリング サイレントジャズケース)
152528,Rizzle Kicks
152538,Rkcb
152541,Rkia Damssiria| Omar Aglaou
152545,Rmaster
152548,Rmx Running Team
152550,RnB 2016
152551,RnB Classics
152564,Ro James
152569,Ro-Lew
152578,Roach Motel
152580,Road 23
152585,Road Of Major
152594,Roadrunner United
152604,Roast Beatz
152605,Rob
152606,Rob $tone
152607,Rob & Chris
152609,Rob & Jack
152612,Rob Amboule
152615,Rob Bailey & The Hustle Standard
152620,Rob Base & DJ EZ Rock
152637,Rob Curly
152652,Rob Garza
152653,Rob Gasser
152655,Rob Gasser| Laura Brehm
152684,Rob Mazurek & Emmett Kelly
152702,Rob Simonsen
152703,Rob Simonsen| Faux Fix
152706,Rob Starr & The Hollywood Singers and Orchestra
152712,Rob Thomas
152727,Rob Woods| Celly Ru
152729,Rob Write
152732,Rob Zombie
152739,Robaer & PlusMinus
152745,Robb Bank$
152758,Robba
152759,Robben Ford
152766,Robbie Dupree
152767,Robbie G
152776,Robbie Rivera
152787,Robbie Rivera pres. Keylime
152794,Robbie Tronco
152796,Robbie Williams
152798,Robbie Williams and Gary Barlow
152800,Robbin
152801,Robbin with 찬영 Robbin with Chanyoung
152809,Robby Hunter Band
152836,Robert Babicz
152840,Robert Bartko
152856,Robert Casadesus
152858,Robert Casadesus| Annie Fischer
152863,Robert Chacon
152866,Robert Cohen
152871,Robert Cray
152878,Robert Delong
152884,Robert Downey Jr.
152893,Robert Farnon & His Orchestra
152897,Robert Forster
152907,Robert Gass & On Wings Of Song
152911,Robert Glasper
152912,Robert Glasper Experiment
152913,Robert Glasper Trio
152918,Robert Gordon & Link Wray
152921,Robert Gorick
152924,Robert Haggarty
152937,Robert Hood
152945,Robert John
152947,Robert Johnson
152949,Robert Jíša
152962,Robert Levin
152964,Robert Levin|Malcolm Bilson
152975,Robert M Bio Punk
152977,Robert M.& Dirty Rush
152987,Robert Miles
153002,Robert Nicklas
153009,Robert Owens
153011,Robert Palmer
153012,Robert Parker
153019,Robert Plant
153021,Robert Plant & The Strange Sensation
153030,Robert Randolph & The Family Band
153033,Robert Rich
153049,Robert Shaw
153066,Robert Velvet
153083,Robert de Boron
153089,Roberta Flack
153090,Roberta Flack & Donny Hathaway
153091,Roberta Flack & Peabo Bryson
153092,Roberta Flack/Dionne Warwick
153094,Roberta Gambarini
153095,Roberta Howett
153110,Roberto Alagna
153118,Roberto Benzi|José Carreras|English Chamber Orchestra
153123,Roberto Cacciapaglia
153134,Roberto Daris And Guests
153136,Roberto Drovandi
153137,Roberto Fabbri
153152,Roberto Menescal
153153,Roberto Menescal Feat. Claudio Pinheiro
153158,Roberto Murolo And His Guitar
153169,Roberto Prosseda
153175,Roberto Roena
153198,Roberto de Haro
153200,Robery feat. Kdot King & MDott Fresh
153216,Robin Bengtsson
153218,Robin Berrygold
153232,Robin Flynn
153233,Robin Foster
153236,Robin Gibb
153243,Robin Hirte
153248,Robin Kenyatta
153254,Robin Mark| Stuart Townend| Gary Sadler| John Hartley
153255,Robin McKelle
153257,Robin Meloy Goldsby
153265,Robin S.
153267,Robin Schulz
153268,Robin Schulz & David Guetta
153271,Robin Schulz| J.U.D.G.E.
153272,Robin Spielberg
153273,Robin Stjernberg
153275,Robin Thicke
153287,Robin des Bois
153289,Robin 罗宾
153295,Robo Opatovsky
153303,Robot Koch| Delhia de France
153310,Robotaki
153326,Roby Fayer
153327,Roby Lakatos|Lakatos
153329,Roby M Rage
153332,Roby Moss
153341,Robyn
153342,Robyn & La Bagatelle Magique
153352,Robyn Sherwell
153353,Robynn
153354,Robynn & Kendy
153355,Robzard
153358,Roc 'C'
153366,Roc-A-Fella Records Presents The Roc Files Volume 1
153374,Rocco
153392,Rocco feat. Khensy
153395,Roch Voisine
153398,Rochelle
153400,Rochelle Jordan
153417,Rock 'N' Roll Radio
153421,Rock Aid Armenia - Smoke On The Water: The Metropolis Sessions
153434,Rock Feast
153441,Rock Heroes
153442,Rock Hits
153443,Rock Hits| Vol. 1
153448,Rock Jaynesta
153460,Rock N' Roll DJ's
153464,Rock Of Ages OST
153472,Rock Riot
153486,Rock n' Roll Baby Lullaby Ensemble
153488,Rock of Ages
153494,Rock'n'Roll 39-59
153498,Rock-Olga
153512,Rockabye Lullaby
153532,Rocket Empire
153551,Rockie Fresh
153555,Rockin Rebels
153571,Rockit Gaming
153578,Rocko
153588,Rockstars| Classic Rock Masters
153592,Rockstroh
153595,Rockwell
153596,Rocky
153605,Rocky Loves Emily
153636,Rod McKuen
153643,Rod Stewart
153651,Rodamons
153652,Rodd Craig
153654,Roddy Frame
153655,Roddy Hart & The Lonesome Fire
153664,Rodg
153666,Rodgers & Hammerstein
153672,Rodion| Khan
153676,Rodney Crowell
153710,Rodrigo Amarante
153712,Rodrigo B
153720,Rodrigo Leão
153730,Rodrigo Y Gabriela
153733,Rodriguez
153738,Rody Martins
153752,Roger
153765,Roger Doyle
153784,Roger Miller
153793,Roger Norrington
153796,Roger Robin
153801,Roger Sanchez
153802,Roger Shah
153804,Roger Shah & Nicholas Eli
153808,Roger Shah presents Sunlounger featuring Chase
153817,Roger Tarry
153818,Roger Taylor
153826,Roger Waters
153829,Roger Whittaker
153833,Roger Wolfe Kahn and His Orchestra
153836,Roger-M
153847,Rogue
153852,Rogue Traders
153855,Rogue Wave
153863,Rohff
153867,Rohnie Tan
153874,Roijacker| Maelstrom & Louisahhh
153883,RokCity
153895,Rol'hans Innocent| Fabienne Innocent
153896,Rola
153905,Roland Dre'| L.S.D
153920,Roland S. Adam
153960,Roll Deep
153974,Rolling Blackouts Coastal Fever
153978,Rollo Jean
153983,Rolo Tomassi
153998,Romain Virgo
154002,Roman Butina
154014,Roman Meier| Oliver Blessinger| Egon Stocker & Martin Vogt
154028,Romance
154030,Romance Collection
154047,Romantic City
154048,Romantic City| As One
154069,Romantic Jazz Piano Music Academy
154072,Romantic Love Songs Academy
154073,Romantic Lovers Music Song
154075,Romantic Melody Chobi
154076,Romantic Moment
154084,Romantic Piano
154091,Romantic Piano Ensemble
154096,Romantic Piano Music Masters
154102,Romantic Piano Songs
154118,Romantic Wedding Piano Music Ensemble
154119,Romantica
154128,Romantisco
154131,Romare
154136,Rome
154137,Rome 56
154152,Rome: Music From the HBO Series
154155,Romenowski
154156,Romeo
154157,Romeo & Juliette-En Live
154162,Romeo Santos
154180,Romuald Szalek
154184,Romy Low
154189,Romà Alonso
154191,Roméo Testa
154195,Ron Basejam
154208,Ron Carter
154231,Ron Henley
154243,Ron Korb
154249,Ron Oseland featuring Helena Nour
154253,Ron Pope
154259,Ron Sexsmith
154260,Ron Sky Nesher
154283,Ronald Isley
154292,Ronald Ng
154307,Ronan Hardiman
154308,Ronan Keating
154312,Ronan Teague| Meik| Aima| R3tric| Shin Nishimura| Akos Veecs| Etai Tarazi| Pepote| Renderlive| Banjhaman| Bathsh3ba| Dubit| Daniel Whyte| J. OSCIUA| Fasol| Rocco Careri| Arturo Macchiavelli| Melo| Jorge| Manu P| Marcus Oliveira| DODX| 2LS 2 Dance| Morena
154322,Ronderlin
154323,Rondinara
154329,Rondos
154330,Rondò Veneziano
154339,Rongman Black Dad
154344,Roni Size
154349,Ronika
154355,Ronn McFarlane
154387,Ronnie Dean Tinsley| The Dark Horse Rodeo
154391,Ronnie Dyson
154394,Ronnie Flex
154396,Ronnie Foster
154404,Ronnie Jones
154409,Ronnie Lott
154413,Ronnie Milsap
154414,Ronnie Montrose
154430,Ronny Jordan
154444,Ronrico Slapz
154457,Roo Panes
154458,Roo'ra
154460,Rooftop Gigs
154465,Rookie Jam
154471,Room 5 Featuring Oliver Cheatham
154472,Room 94
154485,Roommate
154489,Rooney
154492,Roosevelt
154496,Roost Tunes
154505,Rooted Channel Brothers
154507,Rootkit
154511,Roots Manuva
154512,Roots Manuva Featuring Rokhsan
154519,Roque Baños
154525,Rory & The Island
154537,Rosa
154545,Rosa Passos
154554,Rosalia De Souza
154571,Rosanne Cash
154572,Rosario
154586,Roscoe Dash
154590,Rose
154594,Rose Carleo
154595,Rose City Gang
154601,Rose Falcon
154613,Rose Motel
154618,Rose Royce
154620,Rose Tattoo
154622,Rose-Marie
154623,RoseM
154625,Roseau
154633,Rosemary Clooney
154656,Rosendo
154663,Roses & Revolutions| Kiso
154673,Rosette feat. Kardinal Offishall
154682,Roshelle
154701,Rosie Lowe
154702,Rosie O'Donnell
154704,Rosie Thomas
154712,Roska
154719,Ross Breen
154721,Ross Copperman
154733,Ross Lynch(Austin Moon)
154744,Rossana Casale
154754,Rossini
154757,RossoPorpora| Walter testolin
154760,RossyPP
154764,Rostany & Rude Boys
154772,Rosy Daze
154774,Rotary Connection
154778,Rotem Sivan
154782,Rotfront
154789,Rotimi
154796,Rotterdam Philharmonic Orchestra/Finnish Radio Symphony Orchestra/Jukka-Pekka Saraste
154800,Rotting Out
154813,Rough Citizen
154814,Rough Copy
154829,Roulsen
154830,Round Midnight
154831,Round Table Knights
154848,Route 94
154855,Row Rocka
154858,Rowdy Rebel
154873,Roxanne Emery
154877,Roxanne Shante
154879,Roxette
154890,Roxy Music
154893,Roy Acuff
154903,Roy Brown
154915,Roy Eldridge
154927,Roy Hamilton
154929,Roy Hargrove
154937,Roy Kim+Bae Dahae
154938,Roy Kim+Kim EZ (Ggotjam Project)
154941,Roy Lee Johnson And The Villagers
154942,Roy Lembo
154948,Roy Montgomery
154952,Roy Orbison
154953,Roy Parker| Marco Margna & Darius Kinderis
154962,Roy Staton
154966,Roy Wood
154968,Roy Woods
154980,Royal Bliss
154981,Royal Blood
154995,Royal Concertgebouw Orchestra|Herman Krebbers|Kyrill Kondrashin
155005,Royal Crown Revue
155007,Royal Deluxe
155011,Royal Film Orchestra
155014,Royal Flush
155027,Royal Music Paris
155046,Royal Music Paris| Mike Splash| Nezo| Highland Bird| Hairdryer| Shahruh| Artem Roman| Antitoxin| Cj Edu Pozovniy| Ramzeess| D.Malinin| Rain's People| Filek| D.Matveev| Pasha Line| Aleksey Skvortsov| Mike Sweet| Deep Control| DJ Roma Nike
155080,Royal Nursery Rhymes
155084,Royal Philharmonic Orchestra
155095,Royal Philharmonic Orchestra/Sir Thomas Beecham
155100,Royal Philharmonic Orchestra| Pinchas Zukerman
155111,Royal Philharmonic Orchestra|Rudolf Kempe|Orchestre Symphonique de Montréal|Charles Dutoit|Kyung Wha Chung
155114,Royal Pirates
155121,Royal Rizow
155130,Royal Tailor
155131,Royal Tailor feat. Capital Kings
155152,Royalty Free Music Factory
155154,Royalty Free Music Public Domain
155159,Royce Da 5'9'
155163,Royce Wood Junior
155165,Roykey
155168,Royville
155169,Royz
155177,Rozalla
155181,Roze
155183,Rozes
155186,Rozes| Stélouse
155188,Rozi Plain
155191,Rozza
155193,Rozzi Crane
155195,Rp-Q & Akoustiq
155201,Rrose| Orphx
155213,RuPaul
155224,Rubalcaba| Luis Frank Arias
155230,Rubber Soul
155231,RubberBand
155233,Rubberlips
155266,Ruben Studdard
155270,Ruben Zurita
155271,Ruben de Ronde
155278,Ruben de Ronde| LTN
155302,Rubrezensky
155303,Ruby
155319,Ruby Jean Rose
155329,Ruby The RabbitFoot
155332,Rubyhorse
155354,Rude
155359,Rude Paper
155371,Rudenko
155379,Rudimental
155384,Rudolf Baumgartner| Ralph Kirkpatrick| Lucerne Festival Strings
155385,Rudolf Buchbinder
155391,Rudolf Kempe/Fritz Wunderlich/Pilar Lorengar/Gottlob Frick/Bamberger Symphoniker
155400,Rudolf Serkin
155405,Rudolf Serkin| Harold Wright| Myron Bloom| Michael Tree
155410,Rudolph The Rednosed Reindeer
155411,Rudolph The Rednosed Reindeer| Santa Claus| Silent Night
155414,Rudolph| The Red-Nosed Reindeer
155442,Rue
155444,Rue Royale
155445,Rue du Soleil
155449,Ruelle
155451,Ruen| Mister Gray
155456,Ruff Endz
155457,Ruff Ryders
155469,Rufus
155477,Rufus Wainwright
155490,Ruggiero Ricci
155502,Rui En
155506,Rui Si
155521,Ruki
155539,Rumba
155547,Rumble Fish
155553,Rumer
155569,Run
155579,Run River North
155581,Run The Jewels
155585,Runa
155587,Runaground
155589,Runallacta
155592,Runaway Bride - Motion Picture Soundtrack
155609,Rune
155613,Rune Herholdt
155616,Rune RK
155617,Rune RK  ft. Laura V
155625,Runner Runner
155628,Running
155633,Running & Jogging Club| Running Tracks| Running Workout Music
155638,Running Music
155642,Running Music Academy| Running Songs Workout Music Club| Running Songs Workout Music Trainer
155643,Running Music DJ
155647,Running Music Workout
155654,Running Music|Running Music Workout|Running Trax
155691,Rupert Gregson-Williams
155695,Rupert Stroud
155702,Rururu
155707,Rush
155710,Rush Of Fools
155720,Rusko
155733,Ruslan-set featuring Eva Kade
155735,Russ
155737,Russ Chimes
155751,Russ Lossing| John Hebert
155766,Russell McWilliams
155777,Russell Watson
155782,Russian Circles
155785,Russian National Orchestra/Mikhail Pletnev
155792,Russian Red
155795,Russill Paul
155813,Rustie
155834,Ruth B.
155837,Ruth Berman
155843,Ruth Etting
155850,Ruth Lorenzo
155852,Ruth Notman
155862,Ruthie Foster
155863,Ruthie Henshall
155869,Ruudolf feat. Karri Koira
155871,Ruvin feat. Ryu Gahee of Sudaband
155901,Ry Cuming
155911,Ryan Adams
155924,Ryan Cabrera
155928,Ryan Dan
155930,Ryan Davis
155933,Ryan Dolan
155936,Ryan Farish
155941,Ryan Gosling
155942,Ryan Gosling| Emma Stone
155943,Ryan Hemsworth
155944,Ryan Hemsworth| Lucas
155945,Ryan Higa
155953,Ryan Keen
155955,Ryan Kinder
155961,Ryan Leslie
155970,Ryan Miltiades
155974,Ryan O'Donnell| Rachel O'Donnell
155976,Ryan O'Shaughnessy
155981,Ryan Playground
155995,Ryan Shore
156003,Ryan Star
156005,Ryan Stevenson
156011,Ryan Teague
156015,Ryan Thistlebeck
156018,Ryan Umez
156024,RyanDan
156033,Ryder Green
156037,Rye Rye
156043,Rykashay
156045,Ryki
156056,Ryley Walker
156065,Ryn Weaver
156068,Ryo (supercell) feat.chelly
156074,Ryo Yoshimata
156078,Ryoco／Lutile (リョウコルチル)
156079,Ryoh Mitomi
156086,Ryoko Shintani (新谷良子)
156092,Ryota Fujimaki (藤巻亮太)
156094,Ryota Kikuchi (キクチリョウタ)
156095,Ryozi Mazda (松田亮治)
156106,Ryu
156107,Ryu Goto
156108,Ryu Goto (五嶋龍)
156109,Ryu Hyejung
156115,Ryuichi Kawamrua (河村隆一)
156116,Ryuichi Sakamoto (坂本 龍一)
156117,Ryuichi Sakamoto| Alva Noto
156123,Ryuseokwon
156128,Ryuzetsuran (竜舌蘭)
156132,RÜFÜS
156145,Réo
156150,Río Roma
156152,Róisín Murphy
156156,Rökkurró
156157,Röyksopp
156158,Röyksopp & Robyn
156164,S
156168,S Club 7
156184,S!N
156195,S-8ighty
156196,S-File
156207,S. Carey
156222,S. P. Vasanthalakshmi| Usharaj| Ramu
156237,S.C.R.D.
156242,S.Dot Soldjer
156244,S.E.N.S.
156245,S.E.S.
156246,S.E.V.
156251,S.H. Project
156252,S.H.E
156265,S.L.A.B.| Trae Tha Truth| S.L.A.B.| Trae Tha Truth
156271,S.M. THE BALLAD
156272,S.M. Wolf
156274,S.M.K.
156277,S.Money Mastermind
156293,S.P.Y
156294,S.Pri Noir
156310,S.U.N. PROJECT
156313,S.W.I.M. feat. Natasha Giannaraki
156318,S.d.r. Ensamble
156321,S.s.kumaran
156325,S/mileage
156329,S3rl
156347,SAFIA
156348,SAGAS
156356,SAKOHIME (SAKOHIME)
156357,SAKURA FUJIWARA (藤原さくら)
156362,SALES
156363,SALTNPAPER
156365,SALU
156375,SAND
156376,SANDEUL
156380,SANTEY
156381,SANTIGOLD
156385,SARA
156389,SASA (莎莎)
156394,SASH!
156404,SATTO (SATTO)
156412,SAVINA & DRONES
156414,SAVOY & Heather Bright
156415,SAWA
156420,SAYURI (さユり)
156423,SB
156429,SBCR
156431,SBI Audio Karaoke
156439,SBTRKT
156442,SC-Mirai
156446,SCANDAL
156449,SCH
156459,SCOTTY
156460,SCOTTY pres. YAMBOO feat Dr. ALBAN
156463,SCREEN mode
156481,SE O
156483,SE7EN
156488,SEAMO
156493,SECHSKIES
156497,SEEDA
156501,SEGARE (SEGARE)
156506,SEISHUN ! TROPICAL-MARU
156509,SEJEONG
156510,SEKAI NO OWARI
156512,SELFIE
156513,SEL《WE》
156514,SEL《童謠歌曲》
156515,SEMIFUSA
156517,SENSATION
156528,SET IT OFF
156532,SEVEN NATION ARMY.
156534,SEVENTEEN
156538,SEX MACHINEGUNS (セックスマシンガンズ)
156542,SF9
156543,SFB
156545,SFC. Jaguar
156546,SFJazz Collective
156547,SFK
156550,SG Lewis
156551,SG Wannabe
156558,SHA
156559,SHA MAN
156564,SHAKALABBITS (シャカラビッツ)
156578,SHDW & Obscure Shape
156579,SHE'S
156598,SHINHWA (神話)
156602,SHINee
156604,SHION
156607,SHIROCK
156609,SHISHAMO
156610,SHISHIDO KAVKA (シシド・カフカ)
156613,SHO
156616,SHODO
156618,SHOGUN
156623,SHORRY feat. K. will
156628,SHOWA BOMB (昭和爆弾)
156636,SHUUBI (秀美)
156638,SHXCXCHCXSH
156639,SHYIZM
156641,SHeDAISY
156646,SICK INDIVIDUALS| Holl & Rush
156647,SID (シド)
156652,SIGMA
156656,SILHOUETTE FROM THE SKYLIT
156659,SIMI LAB
156661,SIMON JAP
156664,SIN
156665,SIN*SKI
156670,SINQMIN
156677,SISTAR
156678,SISTAR19
156679,SISTAR| Giorgio Moroder
156682,SIU2
156689,SJUR
156691,SK
156698,SKARAOKE ╳ All Japan Goith
156701,SKE48
156707,SKULL
156708,SKULL&HAHA
156711,SKY-HI
156712,SKY-HI×SALU
156713,SKYL1NK
156717,SLACKCiRCUS
156720,SLASH
156722,SLAVA
156744,SM X BANA
156747,SMASH
156749,SMASH Cast
156760,SMNM
156767,SMS
156769,SMTOWN
156770,SMTOWN X Steve Barakatt
156773,SMiTHMUSiX
156777,SNAILS X Botnek
156779,SNAKADAKTAL
156780,SNAP!
156782,SNBRN
156783,SNBRN feat. Andrew Watt
156784,SNBRN feat. Kerli
156785,SNBRN feat. Nate Dogg
156788,SNH48
156791,SNK SOUND TEAM (SNK サウンドチーム)
156793,SNUPER
156795,SOAK
156797,SODA
156798,SOFFet
156800,SOHN
156802,SOIL&'PIMP'SESSIONS
156803,SOJA
156805,SOLA MIYAZAWA
156813,SOLIDEMO
156814,SOLO-DUO ギラ・ジルカ&矢幅歩
156819,SONAMOO
156822,SONG Haye 송하예
156825,SONGHEERAN
156830,SONPUB
156832,SONY2000學年度 亞洲新生開學了!
156834,SOPHIA (ソフィア)
156835,SOPRANO ТУРЕЦКОГО
156837,SORAMIMI (SORAMIMI)
156843,SOS (Society Of Seven Japan)
156844,SOSOSO(TSUKUI KAZUHITO) (そそそ (津久井箇人))
156850,SOULHEAD
156853,SOUNDSTEM
156854,SOUONKE (Gon-z)
156855,SOUR
156859,SOiL
156866,SPA & Wellness Massage Masters
156869,SPACE GIRLS PLANET
156873,SPANKERS
156875,SPARE PARTS
156876,SPARKLEHORSE + FENNESZ
156880,SPECIAL OTHERS
156882,SPEED
156890,SPICA
156891,SPICY CHOCOLATE
156894,SPIRAL SPIDERS (a.k.a. SPASPA) (スパイラルスパイダース)
156897,SPL
156899,SPOD
156900,SPONGE
156901,SPONGEBOB'S GREATEST HITS
156906,SPY Original Soundtrack
156907,SPYAIR
156911,SPZRKT
156913,SQÜRL
156917,SRNO
156922,SS501
156927,ST RISH
156930,ST. PAUL & THE BROKEN BONES
156939,STAL
156944,STARMARIE
156945,STARS
156947,STARVINGMAN
156956,STEFY- K
156957,STEFY-K
156964,STEREOKAI
156970,STK
156979,STRAIGHTENER (ストレイテナー)
156983,STRFKR
156986,STRIZZO
156990,STS x RJD2
156993,STUTS
156998,STi
157000,ST☆RISH
157003,SUBOI
157007,SUEMITSU & THE SUEMITH
157014,SUITE CHIC (スイートシーク)
157017,SUKI
157018,SUKIE CLAPP
157025,SUNNYSIDEMJ
157031,SUPER BEAVER
157035,SUPER JUNIOR
157036,SUPER JUNIOR DONGHAE & EUNHYUK
157037,SUPER JUNIOR-K.R.Y.
157038,SUPER JUNIOR-M
157043,SUPER★DRAGON
157044,SUPER☆GiRLS
157047,SUZUKI| NORIE
157051,SVRCINA
157074,SWR Rundfunkorchester/Sebastian Lang-Lessing; Werner Andreas Albert
157076,SWV
157080,SYLOSIS
157086,SZA
157087,SZSTER
157088,S_W_Z_K
157100,Saad Ayub| Jennifer Rene
157121,Sabaton
157138,Sabicas
157143,Sabina Ddumba
157146,Sabina Krovakova
157148,Sabina Yasmim
157150,Sabine Devieilhe
157154,Sabine Meyer
157156,Sabine Meyer/Academy Of St Martin-In-The-Fields/Kenneth Sillito
157159,Sabine Meyer/Berliner Philharmoniker/Claudio Abbado
157161,Sabine Meyer/Emmanuel Pahud/Sir Simon Rattle/Berlin Philharmonic Orchestra
157163,Sabine Meyer/Oleg Maisenberg
157165,Sabine Meyer/Orchester der Oper Zürich/Franz Welser-Möst
157166,Sabine Meyer/Rudolf Buchbinder/Heinrich Schiff
157167,Sabine Meyer/Staatskapelle Dresden/Hans Vonk
157172,Sable
157179,Sabotage
157183,Sabrepulse
157184,Sabrina
157187,Sabrina Carpenter
157188,Sabrina Carpenter| Paige O'Hara| Chorus - Beauty And The Beast| Richard White
157193,Sabrina Malheiros
157208,Sabu
157209,Sabu Martinez
157212,Sabão
157233,Sacha Vee
157250,Sachsenberg
157251,Sack & Blumm
157257,Sacre
157258,Sacred
157260,Sacred Earth
157263,Sacred Oath
157266,Sacred Spirit
157276,Sad Eyes
157282,Sad Music Zone
157287,Sad Songs Music
157300,Sadao Watanabe
157307,Saddle Stitch
157309,Sade
157313,Sadek
157318,Sadie
157323,Sadiki
157325,Sadistic Mika Band (サディスティック・ミカ・バンド)
157326,Sadistik
157328,Sadistik| Kno
157339,Sadza
157343,Saeed Younan
157348,Saevom
157352,Safaree
157362,SafetySuit
157373,Safree
157374,Safri Duo
157385,Sage
157387,Sage Francis
157389,Sage The Gemini
157417,Sahara Sakamoto (坂本サハラ)
157457,Saigon Kick
157471,Sailor & I
157490,Saint Cava
157493,Saint Deamon
157495,Saint Etienne
157501,Saint Legion
157503,Saint Lou Lou
157505,Saint Lu
157510,Saint Michel
157511,Saint Motel
157515,Saint Pepsi
157526,Saint Raymond
157529,Saint Saens
157534,Saint Tropez Caps
157543,Saint300
157545,Sainte
157554,Saints Row 3
157556,Saintseneca
157563,Saje
157569,Sak Noel
157570,Sak Noel & Sito Rocks
157572,Sak Noel| DJ Kuba & Neitan feat. Mayra Veronica
157574,Sak Noel| Luka Caro| Ruben Rider
157575,Sak Noel| Salvi
157581,Sakari Oramo
157593,Saku
157594,Sakura
157604,Sal Da Vinci
157614,Sala Kurokawa (黒川沙良)
157618,Salaam Remi Music Hall (feat. Akon)
157644,Salena Jones
157658,Salinas feat. Suzana
157659,Saliva
157666,Sally Anthony
157670,Sally Fletcher
157672,Sally Harmon
157673,Sally Jost
157679,Sally Seltmann
157680,Sally Shapiro
157691,Salmonella Dub
157714,Salsa
157729,Salsa Mania
157755,Salt-N-Pepa
157769,Salut Salon
157772,Salute
157789,Salvador Mas Conde| Württembergische Philharmonie Reutlingen
157799,Salvatore Accardo
157810,Salvatore Adamo
157818,Salvatore Licitra| Kronos Quartet| Orchestra Of The Royal Opera House| Covent Garden| Sian Edwards
157824,Salvina y Miren al Lobo
157836,Salzburg Mozarteum Orchestra| Salzburg Mozarteum Chorus
157838,Sam & Dave
157842,Sam ''Mr Fashion'' Sarpong
157847,Sam Amidon
157850,Sam Bailey
157862,Sam Bruno
157870,Sam Callahan
157879,Sam Cooke
157881,Sam Cooke & The Soul Stirrers
157884,Sam Cooke| Sam Cooke & Dinah Washington
157893,Sam Dew
157901,Sam Feldt
157903,Sam Feldt & Kav Verhouzer
157904,Sam Feldt & The Him Feat. ANGI3
157911,Sam Gellaitry
157914,Sam Greens
157915,Sam Grow
157925,Sam Hunt
157926,Sam Hyman
157932,Sam KDC
157938,Sam Kim
157939,Sam Kim| Loco
157947,Sam Levine
157951,Sam Ludeman
157966,Sam Morrison and Turn the Page
157968,Sam Newman
157970,Sam Ock
157974,Sam Padrul
157983,Sam Prekop
157989,Sam Rivers
157996,Sam Rui
158010,Sam Smith
158011,Sam Sparro
158014,Sam Spiegel| Ape Drums
158019,Sam TIba
158022,Sam The Sham The Pharaohs
158025,Sam Tolson
158026,Sam Tsui
158027,Sam Tsui & Ahmir feat. Kurt Schneider
158028,Sam Tsui & Alex G
158029,Sam Tsui & Alyson Stoner
158030,Sam Tsui & Casey Breves
158031,Sam Tsui & Chrissy Costanza
158032,Sam Tsui & Kina Grannis
158033,Sam Tsui & Kirsten Collins
158034,Sam Tsui & Kurt Schneider
158035,Sam Tsui & Kylee
158036,Sam Tsui & Max Schneider
158037,Sam Tsui & Megan Nicole
158039,Sam Tsui & Tyler Ward
158041,Sam Tsui| Kina Grannis| Alex G & Kurt Schneider
158042,Sam Tsui| MAX| Kina Grannis| Diamond White| Macy Kate & Kurt Schneider
158043,Sam Tsui| Madilyn Bailey| Alex G & Kurt Schneider
158047,Sam Walkertone
158051,Sam Wickens
158054,Sam Woolf
158056,Sam Zircon
158057,Sam and the Womp
158074,Samantha Crain
158078,Samantha Fox
158084,Samantha Jade
158085,Samantha Jade feat. Pitbull
158087,Samantha James
158091,Samantha Mumba
158093,Samantha Sams
158094,Samantha Sax
158105,Samaris
158113,Samba 10
158115,Samba Daki
158117,Samba De Raiz
158119,Samba Eu Você e Sua Mãe
158125,SambaDá
158126,Sambalanço Trio
158129,Sambassadeur
158134,Sambomaster
158140,Sameblod
158145,Samename
158149,Sami
158152,Sami Ford
158170,Samir & Viktor
158182,Samiyam
158184,Samm Henshaw
158190,Sammi Sanchez
158191,Sammi Smith
158192,Sammie
158203,Sammy Adams
158204,Sammy Adams feat. B.o.B
158205,Sammy Adams featuring Mike Posner
158208,Sammy Davis Jr & Carmen McRae
158217,Sammy Hagar
158220,Sammy Johnson
158233,Sammy Peralta & DJ Rooster
158234,Sammy Porter feat. Grace Fleary
158237,Sammy Roos
158240,Sammy Smalls
158243,Sammy Wilk
158247,Samo
158261,Sampha
158262,Sample Answer
158269,Samsara
158273,Samsaya
158277,Samson Francois
158286,Samuel
158301,Samuel Feijoo
158308,Samuel J Morris
158311,Samuel Joseph
158312,Samuel Katarro
158314,Samuel L Session
158316,Samuel La Manna
158317,Samuel Laflamme
158335,Samuel Sanders
158338,Samuel Seo
158340,Samuel Singh
158341,Samuel Singz
158363,Samuri & Divided Souls feat. Abi
158369,Samy Deluxe
158371,Samy Goz
158381,San Cisco
158383,San E
158384,San E| 레이나
158385,San E| 매드클라운
158390,San Francisco Sessions Vol. 6
158391,San Francisco Symphony
158395,San Holo
158402,San Quinn
158410,SanE & SulJ & Ultima & Cosmic Sound 산이 & 술제이 & 스티 & 울티마 & 코스믹 사운드
158423,Sanchez
158430,Sanctus Real
158434,Sandaime J Soul Brothers from EXILE TRIBE (三代目 J Soul Brothers from EXILE TRIBE)
158449,Sander Kleinenberg
158453,Sander van Doorn
158455,Sander van Doorn & Mayaeni
158456,Sander van Doorn & Oliver Heldens
158459,Sander van Doorn| Martin Garrix| DVBBS ft Aleesia
158463,Sandhja
158469,Sandi Thom
158483,Sandra
158499,Sandra Kim
158502,Sandra Lyng
158509,Sandra Nasic
158510,Sandra Ndebele
158516,Sandra Wapniarski
158517,Sandra Wright
158520,Sandrine
158522,Sandrine Kiberlain
158523,Sandrine Piau/Bernard Deletre/Maria-Tecla Andreotti/Irene Troi/Christophe Coin/Willem Jansen
158535,Sandro Martinez Featuring Sandra
158546,Sandro Silva
158548,Sandro Silva & Junkie Kid
158550,Sandro Silva| (S)haan
158551,Sandro Silva| Quintino
158559,Sandy
158568,Sandy Dane
158572,Sandy Ground Factory
158573,Sandy Jones
158585,Sandy Rivera
158593,Sandy Turnbull
158597,Sandy&Mandy
158602,Sanel
158612,Sangatsu no Phantasia
158613,Sangdo Park
158657,Sanjin & Youthman
158672,Sanna Nielsen
158681,Sannie
158701,Santa & The Reindeer
158703,Santa Baby
158704,Santa Baby| Jingle Bells| Julesanger
158706,Santa Claus
158707,Santa Claus & The Snowmen
158708,Santa Claus Is Coming To Town
158709,Santa Clause
158715,Santa Cruz
158716,Santa Esmeralda
158732,Santa's Little Rockerz
158738,Santaflow
158742,Santana
158748,Santana featuring Jennifer Lopez
158750,Santander Spark
158752,Santa’s Carolers
158769,Santiago Lara
158793,Santogold
158798,Santos Colon
158815,Sanya Shelest
158824,Saori Yuki (由紀さおり)
158826,Saosin
158833,Sapient
158834,Sapo
158852,Sara Bareilles
158857,Sara Evans
158860,Sara Gazarek
158864,Sara Hartman
158865,Sara Haze
158871,Sara Jackson-Holman
158879,Sara Lov
158881,Sara Lugo
158897,Sara Nussara Pungprasert
158898,Sara Paço
158899,Sara Pi
158901,Sara Ramirez
158908,Sara Storer
158916,Sara Wasserman
158924,Sarafina
158925,Sarah
158932,Sarah Blackwood
158934,Sarah Blasko
158935,Sarah Bollinger
158938,Sarah Brightman
158939,Sarah Brightman Andrew Lloyd Webber
158944,Sarah Chang
158946,Sarah Chang/Orpheus Chamber Orchestra
158951,Sarah Connor
158967,Sarah Geronimo
158970,Sarah Harmer
158976,Sarah Jaffe
158980,Sarah Jarosz
158989,Sarah Kelly Taylor
159006,Sarah Masen
159009,Sarah McKinney
159010,Sarah McLachlan
159017,Sarah Moir
159018,Sarah Morgann
159031,Sarah Paulson
159047,Sarah Solovay
159050,Sarah Vaughan
159051,Sarah Vaughan & Billy Eckstine
159058,Sarah Vaughn
159070,Sarah Àlainn
159088,Sarantos
159091,Saraswati
159110,Sardor Rahimxon
159134,Sarsa| Tom Swoon
159145,Sarvi
159149,Sasai Kudasai
159158,Sascha Muller
159163,Sasha
159166,Sasha Alazy
159167,Sasha Boldachev
159176,Sasha Lopez
159177,Sasha Lopez feat. Broono
159178,Sasha Lopez feat. Broono & Ale Blake
159211,Sassa
159219,Sat Kirin Kaur Khalsa
159220,Sat Purkh
159222,Satan Takes A Holiday
159228,Satchmode
159235,Satellite Stories
159247,Satin Circus
159248,Satin Jackets
159251,Satin Starr
159269,Satorio
159296,Saturday Mix Dj.
159299,Saturday Night At The Movies
159301,Saturday Night Fever
159302,Saturday Night Fever Non-Stop Dancing Tracks
159308,Saturi Kim
159338,Saul Williams
159355,Sauro Montenero
159366,Savage Garden
159374,Savages
159377,Savanity
159386,Savannah Outen
159396,Save Ferris
159398,Save My Soul
159412,Saverio Dolcimascolo
159413,Saves The Day
159415,Saving Abel
159417,Saving Jane
159425,Savoir Adore
159426,Savoy
159430,Savrin (Car Ad Collection)
159432,Savulu & Laway
159438,Saw Lam
159440,Sawa Kobayashi
159443,Sawako Yoshida (吉田佐和子)
159447,SawanoHiroyuki[nZk]
159455,Sawyer Fredericks
159460,Sax Appeal
159468,Sax Hit Players
159471,Sax Project
159476,SaxoFOUR
159477,Saxobeat
159478,Saxomatto| Arena| Tribalistik| Pole Pole| Voodoo King| Alex Neuret| Zhidra| Black Nation| Zulu Crew| Davidino| Neuret
159480,Saxon
159481,Saxon Shore
159483,Saxophone
159492,Say
159493,Say Anything
159495,Say Hi
159496,Say Hi To Your Mom
159500,Say Lou Lou
159511,SayWeCanFly
159512,Saya
159517,Sayaka Sasaki (佐咲紗花)
159518,Sayaka Shionoya (塩ノ谷早耶香)
159531,Sayonara Maxwell
159546,Sbassship
159549,Sbornaya Soyuza
159552,ScHoolboy Q
159554,Scala & Kolacny Brothers
159567,Scandal
159571,Scandinavian Guitar Duo
159572,Scandroid
159580,Scar The Martyr
159585,Scarborough Fair
159595,Scarface
159602,Scarlet Box
159607,Scarlet Pleasure
159616,Scarlet Youth
159618,Scarlett Johansson
159630,Scarnite
159636,Scars On 45
159655,Scary Tale
159658,Scatman John
159663,Scavenger Hunt
159672,Scent Of A Woman
159674,Scent of Sound ' Polar Lights'
159678,Scha Dara Parr (スチャダラパー)
159695,Scheer
159698,Scheinizzl
159704,Schero Black
159712,Schlachthofbronx
159713,Schlafes Bruder
159729,Schmoxx
159732,Schnappi(Joy)
159733,Schnauser
159739,Schneider TM
159745,Schnuckenack Reinhardt
159746,Schnuffel
159765,Scholar Who Walks the Night
159771,School Bus Kids
159776,School Of Seven Bells
159778,School of Architecture
159789,Schubert
159796,Schulleri
159800,Schumann - 200th Anniversary
159801,Schumann - Chopin
159803,Schumann : Chamber Music
159804,Schumann Quartett
159806,Schuyler Fisk| Carl Anderson
159810,Schwarz Dont Crack
159813,Schwarz/Bolcom
159846,Scissor Sisters
159869,Scooter
159875,Scorcher
159881,Scorpions
159882,Scorpz
159886,Scosco
159896,Scott & Brendo
159901,Scott Aitken| Laura Aitken
159905,Scott Aplin
159909,Scott Bond & Charlie Walker
159910,Scott Bond| Adam White
159911,Scott Bradlee feat. Sara Niemietz
159912,Scott Bradlee's Postmodern Jukebox
159918,Scott Bradlee's Postmodern Jukebox feat. Casey Abrams & The Sole Sisters
159921,Scott Bradlee's Postmodern Jukebox feat. Haley Reinhart
159928,Scott Bradlee's Postmodern Jukebox feat. Maiya Sykes
159932,Scott Bradlee's Postmodern Jukebox feat. Morgan James
159939,Scott Bradlee's Postmodern Jukebox feat. Von Smith
159941,Scott Brenner & Levites
159943,Scott Briggs
159957,Scott Glasgow
159959,Scott Grooves
159968,Scott Helman
159978,Scott James+ Mike Robia
159979,Scott Joplin
159993,Scott Matthews
159994,Scott McKenzie
159996,Scott Moon
160006,Scott Ross
160012,Scott Shannon
160014,Scott Shields
160022,Scott Tixier
160035,Scott Wilkie
160041,Scott of the Antarctic
160042,ScottDW
160066,Scotty McCreery
160069,Scotty V
160076,Scout Niblett
160077,Scouting For Girls
160082,Scrapdollars| Cokeboy Cheese
160091,Scream & Shout
160097,Scream and Shout
160101,Screamin' Jay Hawkins
160113,Screen Team
160118,Screwball
160119,Screwdriver
160141,Scrubb
160150,Scubba
160154,Sculptured
160162,Sd Wade
160166,Se & 80t
160171,Se-A & Kisum 세아 & 키썸
160172,Se-jeong Min
160173,Se7en
160179,Sea 'N' Soul
160181,Sea Bee
160187,Sea Lion
160199,Sea Wolf
160201,Seabear
160203,Seabird
160204,Seacat
160210,Seafret
160211,Seagull
160214,Seal
160215,Seal Pillow
160217,Seals & Crofts
160227,Sean Bay
160232,Sean Bones
160234,Sean Bradford
160237,Sean Brown
160242,Sean Callery
160254,Sean Feucht
160262,Sean Foran
160271,Sean Hall
160272,Sean Harkness
160284,Sean Kingston
160285,Sean Kingston & Justin Bieber
160286,Sean Kingston featuring Cher Lloyd
160289,Sean Lennon
160292,Sean Mathews
160305,Sean Na`auao
160306,Sean Nicholas Savage
160307,Sean O'Boyle
160313,Sean Paul
160319,Sean Rowe
160328,Sean Tizzle
160329,Sean Tyas
160330,Sean Tyas & Noah Neiman with Fisher
160337,SeanFresh
160352,Seasick Steve
160356,Season Five
160361,Season five x ฟักกลิ้ง ฮีโร่
160380,Seaway
160386,Seb Dhajje
160388,Seb Skalski
160393,Sebadoh
160394,Sebas Mato
160397,Sebastian
160399,Sebastian Bach
160407,Sebastian Eduardo
160408,Sebastian Fleischer
160409,Sebastian Gampl
160412,Sebastian Gudding
160413,Sebastian Heda
160414,Sebastian Hämer
160416,Sebastian Ingrosso
160417,Sebastian Ingrosso & Alesso
160421,Sebastian Klinger| Natalia Prischepenko| Tatyana Melnychenko| Plamena Mangova
160422,Sebastian Kole
160423,Sebastian Krieg
160432,Sebastian Noelle
160433,Sebastian Olzanski
160434,Sebastian Paiza| Chad Andrew| Agustin Alvarez
160437,Sebastian Porter
160440,Sebastian Russell
160443,Sebastian Szczerek
160445,Sebastian Valla
160446,Sebastian Velza & Loudness
160452,Sebastian Yatra
160453,Sebastian Zond
160458,Sebastien
160461,Sebastien Drums
160472,Sebastien feat. Hagedorn
160474,Sebastien| Boy Tedson
160482,Sebjak & Jaz Von D
160493,Secession Studios
160496,Secilia Luna
160508,Second Moon
160519,Second Venue
160521,SecondCity
160524,Secondhand Serenade
160530,Secrer Garden/New Age Voices
160531,Secret
160545,Secret Garden
160547,Secret Garden OST
160552,Secret Nation
160560,Secret Service
160562,Secret Sight
160564,Secret Someones
160567,Secret Sphere
160577,Secrets
160578,Secrets In Stereo
160585,Section Boyz
160594,Sedan
160611,See New Project
160616,See Siang Wong
160620,See You In Vegas
160626,Seeb
160629,Seed'n'feed| 7Years
160631,Seeed
160632,Seeed Feat. Sizzla
160633,Seeed Feat. Zerhan Safak
160635,Seefeel
160638,Seekae
160641,Seekers Keepers
160644,Seeking the ocean
160652,Seenroot
160654,Seer
160657,Seether
160658,Sef
160672,Segun Adewale
160681,Seha(세하)
160682,Sei
160686,Seid Gebari
160707,Seiko Matsuda (松田聖子)
160710,Seinabo Sey
160712,Seira Hoshino (星野星良)
160713,Seira Kariya (仮谷せいら)
160714,Seirom
160717,Seismic
160723,Seizo
160724,Sejo Cvolic
160729,Sekhar Chandra
160730,Sekka Ging Bina Remaja Ubud
160738,Sektor Gaza
160740,Sekuoia
160744,Selah Sue
160762,Selena
160765,Selena Gomez
160766,Selena Gomez & The Scene
160771,Self
160774,Self Defense Family
160777,Self Evident
160788,Selfish Marionette
160789,Selfkill
160792,Selim Kagee
160797,Selina Gan 颜愫蓉
160816,Selvans
160820,Selwyn
160826,Sem Vox
160830,Semaj The Poet
160835,Semi
160837,Semi-Pro OST
160843,Semisonic
160847,Semplicemente
160857,Semyon Bychkov| Wiener Philharmoniker
160862,Senbeï
160878,Sennen
160889,Sensacion
160903,Sensi Sye| Cresce| Cresce| Sensi Sye
160906,Sensifeel
160913,Sensorman
160931,Sensual Piano Music Consort
160937,Sentimental Classics
160940,Sentimental Scenery
160959,Seo In Guk
160960,Seo In Young
160961,Seo Inguk| VIXX| Park JungA| Park Yunha
160962,Seo Ji Ahn 서지안
160963,Seo Man Seok
160964,Seo Seo Woo Jae
160967,Seohyun
160969,Seokman Cheon & Blue Mangtto
160972,Seong-Jin Cho
160973,Seong-Jin Cho| London Symphony Orchestra| Gianandrea Noseda
160977,Seoul Music Ensemble
160981,Seoulmoon
160983,Seoyeon 서연
161005,September Girls
161016,Sepultura
161019,Sequentia
161023,SerGIO
161026,Sera Cahoone
161029,Serafim Tsotsonis
161035,Serani
161037,Seraphim
161048,Serdar Ortaç
161051,Serebro
161058,Serena Ryder
161066,Serendi Pity
161067,Serendipity - Motion Picture Soundtrack
161078,Serenity Relaxation Music Spa
161079,Serenity Relaxation for Spa
161083,Serenity Spa Music Relaxation
161092,Serenity Spyer feat. Tevin
161100,Serge Devant
161108,Serge Gainsbourg
161121,Serge Reggiani
161137,Sergei Nakariakov
161143,Sergei Rachmaninoff
161147,Sergei Rachmaninov
161159,Sergey Alyohin featuring TankTop
161171,Sergey Lazarev
161176,Sergey Nevone| Simon O'Shine
161188,Sergey Schepkin
161199,Sergi Vicente
161201,Serginio Chan
161206,Sergio Bilous
161213,Sergio Casas
161219,Sergio Dalma
161225,Sergio Fernandez
161233,Sergio Guillén
161241,Sergio Marini| Luciano Mancini
161245,Sergio Mauri| Sysma
161248,Sergio Mendes & João Gilberto
161251,Sergio Mendes Trio
161253,Sergio Minimalb| Jordi V
161261,Sergio Perez & Ruben Zambrano
161263,Sergio Puccini
161270,Sergio Sylvestre
161272,Sergio Tiempo|Mischa Maisky
161282,Sergiu Celbidache
161283,Sergiu Celibidache
161284,Sergiu Celibidache/Munchner Philharmoniker
161286,Sergiu Luca
161287,Sergiu Nastasa Renato Ripo La Camerata & Athens Loukas Karytinos Vangelis Christopoulos Nikos Guinos Spyros Kazianis Vangelis Skouras A
161288,Sergiù Celibidache/Münchner Philharmoniker
161310,Serj Tankian
161312,Serk
161328,Serrano Rosita
161330,Serrini
161343,Seryoga
161344,Ses Plus Beaux Chefs-D'Oeuvre
161347,Sesame Street
161357,Set 2
161359,Set Fire To Flames
161363,Set It Off
161366,Set Mo feat. ALPHAMAMA
161369,Set To Stun
161372,Set to Reflect
161386,Seth Adam
161396,Seth Ennis
161398,Seth Glier
161402,Seth Harris
161408,Seth MacFarlane
161432,Seul Ong
161438,Seung Hu
161439,Seung Yeon Son
161441,SeungA[SunnyHill] 승아 [써니힐]
161447,Sevadar Sehaj
161452,Sevasti
161453,Sevdaliza
161454,Seve
161458,Seven & Seven
161464,Seven Davis Jr.
161470,Seven Lions
161472,Seven Lions & Xilent
161475,Seven Lions| Jason Ross
161478,Seven Mary Three
161501,Sevencolors
161502,Sevendust
161507,Seventh Day Slumber
161517,Several Definitions
161529,Sevin
161532,Sevn Alias
161536,Sevyn Streeter
161541,Sex And The City Volume 2
161555,Sex Music Zone
161557,Sex Pistols
161563,Sex Whales & Roee Yeger
161568,Sexion D'Assaut
161569,Sexparty
161570,Sexplosion
161582,Sexto Sentido
161589,Sexual Piano Jazz Collection
161594,Sexy Bitch| Vol. 2
161602,Sexy Dance
161604,Sexy Enough
161605,Sexy Girl Ringtones
161607,Sexy Hard Beats
161608,Sexy Jazz Music
161613,Sexy Music
161618,Sexy Music Club
161627,Sexy Music Mar Dj
161631,Sexy Sex Music Guru
161633,Sexy Songs Music
161656,Seyran
161665,Sf
161667,Sfera Ebbasta| Charlie Charles
161670,Sfx Professional Resource Studio
161673,Sgt Boudreau| Gabe Boudreau
161685,ShaMain
161696,Shabak
161699,Shabazz Palaces
161701,Shabba Ranks
161708,Shaboom
161710,Shachar Elnatan
161722,Shade Sheist
161727,Shades Of Christmas: Jazz & Blues
161729,Shades of Blue & Frank Piano
161732,Shades of Grey
161741,ShadoWhisperS
161750,Shadow Dancer
161779,Shady Bizniz feat. Taylor Swift and Kendrick Lamar
161802,Shaggy
161806,Shaggy feat. Mohombi| Faydee| Costi
161809,Shah & The Long Blacks
161815,Shaheen
161818,Shahmen
161822,Shahram Shahrouz
161826,Shai
161827,Shai Maestro
161844,Shaka Shamba
161856,Shake It Up: Break It Down
161857,Shake It for Me Girl
161858,Shake Shake Go
161879,Shakin' Stevens
161881,Shakira
161882,Shakira Feat. El Cata
161883,Shakira Knightley
161884,Shakira Wilkerson
161886,Shakira's Karaoke Band
161887,Shakka
161888,Shakra
161893,Shakti| John McLaughlin
161894,Shakuhachi Sakano
161903,Shalamar
161915,Shallow Side
161922,Sham SMG
161928,Shaman's Harvest
161943,Shamir
161945,Shamir Mg
161949,Shampoo
161956,Shan 916
161958,Shan Di Orchestra
161959,Shan Vincent De Paul
161962,Shana Halligan
161972,Shanay
161973,Shanay Holmes
161986,Shane Filan
161988,Shane Harper
161989,Shane Harte
161990,Shane Jones
162006,Shang Guan Ping
162008,ShangHai Fashion
162014,Shanghai Experimental Kindergarten of Nanjing Military Region
162016,Shanghai Lounge
162018,Shanghai Restoration Project
162022,Shania Twain
162026,Shanice
162032,Shankar Ehsaan Loy
162037,Shankar Modi
162041,Shanks
162044,Shannon
162050,Shannon Funchess| Ford & Lopatin| Tamaryn
162052,Shannon LaBrie
162053,Shannon McArdle
162056,Shannon Noll
162059,Shannon Saunders
162061,Shannon Sweeney
162069,Shannon|vasco|Giriboy
162071,Shantaia Poulin
162079,Shanti Powa
162102,Shapeshifters
162106,Shapov
162118,SharaX
162127,Sharaya J
162144,Sharissa
162158,Sharleen Spiteri
162162,Sharmain Kendrick
162175,Sharon Forrester
162179,Sharon Isbin
162180,Sharon Jones & the Dap-Kings
162186,Sharon Leal
162189,Sharon Needles
162195,Sharon Robinson
162196,Sharon Shannon
162200,Sharon Smith
162201,Sharon Spinato
162203,Sharon Tseng
162204,Sharon Van Etten
162205,Sharon Van Etten with Glass Ghost
162206,Sharon Vorster
162207,Sharon Woolf
162208,Sharon Zhai
162212,Sharpay's Fabulous Adventure
162213,Sharrietta
162222,Shastro & Nadama
162225,Shatalov
162232,Shattered
162241,Shauli Einav Quartet
162250,Shaun Bartlett
162254,Shaun Chrisjohn
162255,Shaun Escoffery
162256,Shaun Frank & Vanrip
162257,Shaun Horton and the Tennessee Trio
162259,Shaun Martin
162264,Shaun Reynolds feat. Jodie Mellor
162282,Shawn
162283,Shawn Anthony
162285,Shawn Baltazor
162291,Shawn Colvin
162296,Shawn Hook
162300,Shawn Lee
162304,Shawn McDonald
162305,Shawn Mendes
162306,Shawn Mendes| Camila Cabello
162308,Shawn Mullins
162322,Shawn Young
162325,ShawnTurner
162327,Shawna Yang
162329,Shawnna
162332,Shawtee Re
162335,Shawty Lo | Snoop Doggy Dogg
162347,Shayan Amiri
162349,Shaye
162363,Shayne
162369,Shayne Ward
162376,Shazz
162379,She
162380,She & Him
162387,She Her Her Hers
162389,She Is We
162396,She Said Disco
162398,She Wants Revenge
162399,She Was Country When Country Wasn't Cool (A Tribue To Barbra Mandrell)
162400,She Wolf
162406,She'z
162416,Shean
162421,Shearwater
162427,Shed
162428,Shed Seven
162432,Sheek Louch
162436,Sheena Easton
162437,Sheena Ringo (椎名林檎)
162443,Sheeva Lounge
162454,Sheikh Haikel| Yeng Constantino
162463,Sheila Conolly| Hetty Sponselee
162465,Sheila E
162468,Sheila Jordan
162469,Sheila Jordan & E.s.p. Trio
162470,Sheila Jordan & E.s.p.trio (Feat. Modern Ensemble)
162472,Sheila On 7
162474,Sheila Star
162477,Sheka Marie
162485,Shel Silverstein
162486,Shel'e
162497,Shelby Lynne
162513,Shell Shock
162514,Shell Squad Ent
162522,Shelleyan Orphan
162537,Shelly Manne & His Men
162538,Shelly佳
162546,Shem Thomas
162551,Shenandoah
162568,Sheppard
162603,Shermanology
162604,Shermanology & Amba Shepherd
162606,Shermanology & R3hab
162619,Sherry Vine
162628,Sheryfa Luna
162629,Sheryl Crow
162631,Sherylm
162635,Sheva
162641,ShiGGa Shay
162647,Shibuya Sunrise
162657,Shift And Groove
162658,Shift K3Y
162667,Shifty
162673,Shigeru Umebayashi
162674,Shigeru Umebayashi| Kathleen Battle
162675,Shigeto
162677,Shiggy Jr.
162685,Shila Amzah 茜拉
162699,Shimizu Shota Feat. Oda Kazumasa (清水翔太+小田和正)
162707,Shin
162712,Shin Hyesung
162713,Shin Hyesung and LYn
162725,Shin Yong Jae
162726,Shin Yong Jae (4MEN) X LUNA
162727,Shin Yong Jae (Of 4Men)| Ben
162730,ShinLa
162731,ShinSight Trio
162732,Shina-E
162734,Shine
162741,Shinedown
162742,Shinehead
162747,Shinichi Mori (森 進一)
162748,Shinichi Osawa
162752,Shining
162753,Shining Disco
162768,Shinomiya Natsuki| Ichinose Tokiya
162769,Shinomiya natsuki（CV.Taniyama kiyoshi） & Mikado nagi（CV.Yonaga tsubasa） (四ノ宮那月（CV.谷山紀章）＆帝 ナギ（CV.代永 翼）)
162771,Shinsei kamattechan (神聖かまってちゃん)
162776,Shintaro Sakamoto
162785,Shione Yukawa (湯川潮音)
162789,Ship Wrek feat. Mia Vaile
162790,Ship Wrek| Zookeepers
162793,Ships in the Night
162797,Shirabe Tsukuyomi (CV: Yoshino Nanjo)
162799,Shiran Wang| Christian Schulz| Wiener Meister
162807,Shiritsu Ebisuchugaku (私立恵比寿中学)
162810,Shirley Abicair
162811,Shirley Bassey
162814,Shirley Brown
162816,Shirley Caesar
162820,Shirley Grimes
162821,Shirley Horn
162824,Shirley Jones
162831,Shirley Setia
162841,Shiro Sagisu| Akira Ifukube
162842,Shirobon
162843,Shiroku
162857,Shit Robot
162867,Shiva's Garden
162870,Shivaree
162872,Shiva´s Harmoniesgarden
162880,Shizuka Kudo (工藤静香)
162890,Shlohmo
162891,Shlomi Levi| LEL Brothas| Anne Marie Bush| Ivan Craft| Mirko Rinaldi| Energy Drink| Daviddance| United Funk Order| Project 99| Chemical Nature Project| Klaudia Kix| Marco Crastia| Yehuda Matan| Dj Mixender
162897,Shlomo Mintz
162910,Shock G
162911,Shock Machine
162919,Shockron & Badztone
162931,Shoegaze
162938,Shoffy
162945,Shogo Hamada (浜田省吾)
162948,Shogun
162954,Shoko Nakagawa (中川翔子)
162959,Shola Ama
162961,Shomari
162973,Shontelle
162977,Shook
162979,Shook Twins
162980,Shook Twins| Jam in the Van
162982,Shoot The Girl First
162995,Shop Boyz
162997,Shopping
162999,Shopping Hour
163005,Short Cut| The X-Men
163009,Short Songs & Interludes Masters
163015,Shortee
163019,Shorty
163022,Shorty Rogers
163035,Shosho
163043,Shota Shimizu (清水翔太)
163044,Shota Shimizu X Miliyah kato (清水翔太 x 加藤 ミリヤ)
163046,Shotgun
163057,Shotta Spence
163065,Shout Out Louds
163067,Shout Praises Kids
163072,Shouta Aoi (蒼井翔太)
163079,Show Me The Skyline
163085,Show S.W.| XELL| Robert Babicz| B Bros| DJ Donny| Andy Pitch| Jacob A| Milkwish| Miqro| The Lost Tapes| Dj Moqa| Loxion Deep| Dj Evgrand| Hakan Dündar| Jane Klos| Doublscotch| Rocco Marando| Homar Rossi| AFC AllStars| House Perfect| Bhunu Brill| Khowcie
163094,Showbiz & A.G.
163104,Showtaro Morikubo (森久保祥太郎)
163105,Showtek
163106,Showtek & Noisecontrollers
163107,Showtek Feat. We Are Loud & Sonny Wilson
163108,Showtek| Ookay
163109,Showtek| Technoboy| Tuneboy
163110,Showtek|Justin Prime
163113,Shox
163125,Shreddy Krueger
163126,Shrek
163139,Shrine
163149,Shu Yuan-Min
163162,Shuhei Kita (喜多修平)
163175,Shun ($huN)
163185,Shunny Pooh
163188,Shupie
163190,Shura
163202,Shusaku Uchiyama
163203,Shut Up
163204,Shut Up And Dance
163207,Shuta Hasunuma
163215,ShuuKaRen
163222,Shwayze
163231,Shy Girls
163232,Shy Glizzy
163239,Shy'm
163245,Shyheim
163248,Shympulz
163249,Shyne
163257,Si Jin 시진
163260,Si Wen
163274,Sia
163287,Sianvar
163305,Sibiria
163308,Sibong
163310,Sibongile N
163313,Sibylle Baier
163324,Sick Day!
163327,Sick Individuals
163332,Sick Live
163335,Sick Puppies
163341,Sick2
163348,Sickless & Phong Bak
163381,Side to Side
163388,Sideffect
163390,Sidekick
163394,Sidewalk Prophets
163406,Sidney Bechet
163409,Sidney Bechet's Blue Note Jazzmen
163416,Sidney Oliver
163419,Sidney Samson
163420,Sidney Samson & Eva Simons
163422,Sidney Samson feat. Will.i.am
163424,Sidney Samson| Martin Garrix
163425,Sidney Samson|Far East Movement
163430,Sido
163431,Sidoine
163432,Sidonie
163435,Sidsel Storm
163453,Sien el Letal
163455,Sienna Skies
163459,Sierra Black
163460,Sierra Hull
163476,Sigala
163477,Sigala featuring Bryn Christopher
163478,Sigala| Digital Farm Animals
163482,Sigh
163487,Sigiswald Kuijken
163490,Sigma
163492,Sigma| Rita Ora
163493,Sigmund Groven
163501,Signalrunners
163504,Signals| The Zookeepers
163517,Signum
163527,Sigur Rós
163531,SiiVKM
163542,Sikdope
163543,Sikdope| Ricci
163544,Sike Dog
163553,Silas Magalhães
163554,Silbando
163555,Silbermond
163562,Silence of Pachabel's Canon
163568,Silent Circle
163575,Silent Hill
163583,Silent Night
163587,Silent Night| Holy Night
163591,Silent Planet
163592,Silent Poets
163600,Silent Siren
163602,Silent Sprout
163607,Silent Toads
163613,Silentium
163614,Silento
163626,Silicone
163627,Silicone Soul
163631,Silja Eigi
163634,Silje Andersen
163636,Silje Nergaard
163639,Silk
163646,Silke Aichhorn
163677,Silvano Frontalini
163688,Silver
163693,Silver Cat
163695,Silver Convention
163704,Silver Linings Playbook
163711,Silver Screen Superstars
163724,Silver Trees
163729,SilverRat Band
163733,Silverchair
163740,Silverman
163741,Silverstein
163742,Silverstrike
163743,Silversun Pickups
163746,Silver| Wood & Ivory
163754,Silvia Chiesa|Maurizio Baglini
163769,Silvia Rodrigus
163779,Silvio Bondage
163799,Silya & The Sailors
163809,Simba the Poet
163827,Simian
163829,Simian Mobile Disco
163845,Simon & Garfunkel
163850,Simon And Garfunkel Tribute Band
163857,Simon Bernard-Smith
163861,Simon Casey
163862,Simon Ceeds
163866,Simon Crawford-Phillips| Fredrik Ekdahl| Emmanuel Laville
163870,Simon Curtis
163871,Simon D
163876,Simon Desbruslais| Orchestra of the Swan
163888,Simon Field| Jamie
163898,Simon Groove
163914,Simon Le Grec
163918,Simon Lovelock
163922,Simon Lynch
163943,Simon Patterson
163944,Simon Patterson| Magnus
163954,Simon Preston|Carlos Kleiber|Ferenc Fricsay|Giuseppe Sinopoli|Richard Kraus|Heinrich Steiner|Rafael Kubelik|Karl Richter|Herbert von Karajan|Ion Marin
163955,Simon Preston|Sir Georg Solti|Heather Harper
163963,Simon Says
163972,Simon Standage
163973,Simon Standage|The English Concert|Trevor Pinnock
163985,Simon Viklund
163986,Simon Webbe
163990,SimonBarrSinister
164000,Simona Sgroi
164002,Simone
164006,Simone Barbieri Viale
164017,Simone Di Parigi
164018,Simone Dinnerstein
164024,Simone Kermes
164025,Simone Kermes|Andrea Marcon|Venice Baroque Orchestra
164026,Simone Kopmajer
164044,Simone Toni
164045,Simone White
164047,Simonette Vaja
164052,Simons
164058,Simple Minds
164060,Simple Plan
164067,Simplistic Urge
164074,Simply Red
164078,Simply The Best
164079,Simply The Best Sax: The Hits Of Michael Jackson
164080,Simply Three
164101,Sin Bandera
164108,Sin Fang
164111,Sin Jae 신재
164112,Sin Ji 신지
164113,Sin Mala Intención
164139,Sinatic
164162,Sindhi Music Ensemble
164168,Sindy feat. La Fouine (ภวรัญชนะ เอื้ออริยะภักดี)
164171,Sine Nefas
164174,Sinead Harnett
164175,Sinead O'Connor
164184,Sinfonia Orchestra
164193,Sing Again| Hera Gu OST
164202,Sing Karaoke
164204,Sing King
164205,Sing Like The Famous!
164216,Sing n Play
164234,Singer's Edge Karaoke
164242,Singil Station Romance
164243,Singin In The Rain - Original Cast
164244,Singin' In The Rain - An American In Paris
164246,Singing Bell
164248,Singing Cats And Dogs
164250,Singing Melody
164254,Single
164261,Single Mothers
164266,Singtank
164273,Sini Sabotage
164275,Sinik
164281,Sinister Souls| Loop Stepwalker
164282,Sinitta
164286,Sinkane
164291,Sinne Eeg
164300,Sinobola
164322,Siobhán Owen
164325,Sion
164326,Siopis
164327,Siori (しおり)
164328,Siot
164329,Siou-Shen Lin and Tonic 5
164334,Sip Sip Bubbleheads
164345,Sir Adrian Boult
164365,Sir Colin Davis
164366,Sir Colin Davis| Agnes Baltsa| José Carreras| Simon Estes| Paata Burchuladze| Chor des Bayerischen Rundfunks| Symphonieorchester des Bayerischen Rundfunks
164381,Sir Collins
164382,Sir David Willcocks
164387,Sir Douglas Quintet
164400,Sir Georg Solti| Angela Gheorghiu| Frank Lopardo| Leo Nucci| Chorus of the Royal Opera House| Covent Garden| Orchestra of the Royal Opera House| Covent Garden
164435,Sir Laur
164451,Sir Mix-A-Lot
164459,Sir Neville Marriner| Sir Thomas Allen| Sharon Sweet| Francisco Araiza| Karita Mattila| Simone Alaimo| Marie McLaughlin| Claudio Otelli| Robert Lloyd| Academy of St. Martin in the Fields
164464,Sir Neville Marriner|Alfred Brendel|Academy of St. Martin in the Fields
164483,Sir Roger Norrington
164487,Sir Simon Rattle
164488,Sir Simon Rattle/Berliner Philharmoniker
164498,Sir Sly
164501,Sir Thomas Beecham
164505,Sir Thomas Beecham/Royal Philharmonic Orchestra
164514,Sir William Alexander
164521,Sir the Baptist
164534,Siren
164535,Sirena
164537,Sirenia
164539,Sirens And Whistles
164540,Sirens Of Lesbos
164545,Sirgun Kaur
164548,Siri Vølstad Jensen
164560,Sirsa Shekim
164568,Sisco
164570,Sisi
164579,Sisqo
164581,Sissel
164595,Sistar Hyolyn+Zico+Paloalto
164596,Sistar 孝琳 + JooYoung
164597,Sistars
164600,Sister
164602,Sister Act - Original London Cast
164607,Sister Hazel
164616,Sister Shakedown
164619,Sister Sledge
164622,Sister's Barbershop
164628,Sistine Chapel Choir| Massimo Palombella
164642,Sitti
164654,Sivas
164657,Sivik
164658,Sivu
164662,Siwa
164663,Siwa & Peppermoon
164669,Six Bomb
164688,Six Umbrellas
164692,Six by Seven
164700,Sixpence None The Richer
164710,Sixth Finger
164715,Sixtoo
164720,Sixx:A.M.
164721,Siya
164724,Siyou'n'Hell
164728,Size Matters mixed by Steve Angello AN21
164730,Sizhukong
164733,Sizzla
164784,Skan| Dreamer
164786,Skapes| Golf Clap
164793,Skarra Mucci
164798,Skate
164804,Skee-Lo
164808,Skeeter Davis
164833,Skepta
164836,Skepticism
164847,Skholar Muzik
164849,Ski Beatz
164857,Skid Row
164861,Skies
164869,Skillet
164887,Skinny Days
164896,Skinny Puppy
164914,Skip James
164917,Skip Martin and His Orchestra
164919,Skip Skip Ben Ben
164922,Skip The Use
164928,Skippings
164930,Skism
164942,Skizzy Mars
164951,Skolvan
164952,Skonong
164955,Skool Boy & Marú
164957,Skoolx
164958,Skoop On Somebody
164970,Skream
164983,Skrillex
164984,Skrillex & Alvin Risk
164985,Skrillex & Damian 'Jr Gong' Marley
164986,Skrillex & Diplo
164987,Skrillex & The Doors
164988,Skrillex Tribute Team
164989,Skrillex| Diplo
164990,Skrillex| Jauz
164991,Skrillex| Rick Ross
164998,Skrux
165004,Skull Snaps
165011,Skunk Anansie
165019,Sky
165022,Sky Blu
165025,Sky Ferreira
165030,Sky Hi
165040,Sky Murdoch
165047,Sky Sailing
165050,Sky Smith
165055,Sky n' Streets
165069,Skye
165070,Skye & Ross
165072,Skye Daru
165074,Skye Sweetnam
165076,Skyfall
165086,Skyla
165091,Skylar Grey
165094,Skylar Renee
165096,Skylar Spence
165097,Skylar Stecker
165098,Skylar Stecker & Tyler Ward
165110,Skyline 天際線融合爵士樂團 (Skyline)
165129,Skyy
165152,Slain Illz
165175,Slander
165184,Slap Shot
165191,Slapshock
165193,Slaptop
165195,Slash
165197,Slash feat. Myles Kennedy And The Conspirators
165198,Slash's Snakepit
165203,Slaughter
165207,Slaughterhouse
165214,Slave
165221,Slaves
165225,Slay Jr
165227,Slayer
165230,Sleater-Kinney
165250,Sleep Baby Sleep
165265,Sleep For Body and Mind
165274,Sleep Meditation Dream Catcher| Tranquil Music Sound of Nature| Spiritual Fitness Music
165283,Sleep Music For Babies
165285,Sleep Music Laboratory
165286,Sleep Music Lullabies
165288,Sleep Music Lullabies and Children's Songs
165289,Sleep Music Lullabies for Deep Sleep
165307,Sleep Party People
165321,Sleep Sounds White Noise
165338,Sleeper
165340,Sleeper Agent
165342,Sleeperstar
165346,Sleeping At Last
165348,Sleeping Baby Music
165362,Sleeping Music Masters
165364,Sleeping People
165365,Sleeping Piano
165372,Sleeping With Sirens
165373,Sleeping With The Enemy
165374,Sleeping Wolf
165375,Sleepless In Brazil
165376,Sleepless In Latin
165378,Sleepless Salsa In Cuba
165389,Sleepy
165391,Sleepy Brown
165410,Sleepy Wonder
165411,Sleepy Zee
165415,Sleepytime Lullabies
165419,Sleeveless Meeks and the Right To Bare Arms
165422,Sleigh Bells
165423,Sleigh Ride
165436,Slick Rick
165457,Slim
165468,Slim Dusty
165476,Slim K
165481,Slim Rimografia
165485,Slim Thug
165491,Slimane
165505,Slinkee Minx
165507,Slipknot
165513,Slique Jay Adams
165517,Sllo
165522,Sloan
165536,Slot Machine
165537,Slothrust
165539,Slotta
165542,Slovak Chamber Orchestra
165543,Slovak Chamber Orchestra| Anna Holbling| Guido Holbling
165562,Slove
165569,Slovo
165575,Slow Club
165578,Slow Graffiti
165602,Slowblow
165605,Slowdive
165610,Slowgold
165612,Slowly Rolling Camera
165614,Slowmotion Apocalypse
165618,Slug
165624,Slum Sociable
165625,Slum Village
165630,Slumberjack
165635,Slur
165637,Slushii
165641,Sluts'n'Strings & 909
165643,Sly & Robbie
165646,Sly & The Family Stone
165660,Slyck Twoshadez
165683,Small Faces
165687,Small Jackets
165702,Smallpools
165704,Smalls Uno
165708,Smallville O.S.T.
165710,Smap
165714,Smart Baby Classical
165716,Smart Baby Lullaby
165718,Smart Baby Lullaby Music
165721,Smart Baby Lullaby| Classical Music Radio| Classical Lullabies
165723,Smart Baby Music
165725,Smart Books
165737,Smash Giants
165743,Smash Mouth
165746,Smash TV
165749,SmashRegz 違法
165757,Smells
165758,Smells & Reno
165765,Smidi Beats
165775,Smile
165777,Smile And Forget The Worried Grass
165781,Smile Empty Soul
165783,Smile.dk
165801,Smith & Burrows
165814,Smle
165820,Smoke DZA
165821,Smoke DZA| Pete Rock
165826,Smoke Locc
165850,Smokey Hogg
165856,Smokey Robinson
165857,Smokey Robinson & The Miracles
165863,Smokie
165864,Smokie & Chris Norman
165885,Smooth Attack
165897,Smooth Jazz
165898,Smooth Jazz #1s
165907,Smooth Jazz & Smooth Jazz All-Stars
165909,Smooth Jazz All Stars
165913,Smooth Jazz All-Stars
165914,Smooth Jazz All-Stars & Bossa Nova Guitar Smooth Jazz Piano Club & Winston Jazz Guitar Quartet
165924,Smooth Jazz Café
165925,Smooth Jazz Café| Dinner Jazz| Jazz
165926,Smooth Jazz Chill Out Lounge
165931,Smooth Jazz For Lovers
165932,Smooth Jazz Healers
165944,Smooth Jazz Park
165946,Smooth Jazz Sax Instrumentals
165957,Smooth Jazz Spa| Spa Smooth Jazz Relax Room| Yoga Jazz Music
165963,Smooth Sexy Saxophone Instrumentals Band
165966,Smooth4Lyfe
165969,Smoov
165971,Smoove
165990,Snack Time
165996,Snail's House
165998,Snails
165999,Snails & Antiserum
166000,Snails & heRobust
166003,Snake
166014,Snakehips
166015,Snakehips| MØ
166026,Snare Z| Jared Moreno
166029,Snareskin
166031,Snarky Puppy
166033,Snatam Kaur
166034,Snatam Kaur with GuruGanesha Singh
166035,Snatam Kaur| Mirabai Ceiba| GuruGanesha Singh & Friends
166038,Snavs
166046,Sneaker Pimps
166059,Sngdnc
166061,Sniff 'n' The Tears
166081,Snoop Dogg
166083,Snoop Dogg & Robyn
166084,Snoop Dogg & Wiz Khalifa
166087,Snoop Dogg feat. Charlie Wilson
166088,Snoop Dogg feat. Stevie Wonder
166090,Snoop Doggy Dogg
166091,Snoop Lion
166092,Snoop Lion feat. Miley Cyrus
166098,Snootie Wild
166110,Snow
166117,Snow Patrol
166119,Snow Tha Product
166120,Snow White And The Seven Dwarfs Original Soundtrack
166121,Snow White and The Huntsman O.S.T
166123,Snow Wite
166128,Snowboy
166145,Snúhgie
166146,So Amazing: An All-Star Tribute To Luther Vandross
166156,So Hideous
166166,So Ra Lee
166170,So So Def Bass All-Stars
166171,So So Def Bass All-Stars Vol. III
166172,So Solid Crew
166183,So. Kim
166186,SoKool
166189,SoMo
166200,Sober
166204,Sober Truth
166209,Soca 101
166210,Soca Gold
166212,Soccer Champions
166215,Soccer96
166216,Soccers Fans
166220,Social Distortion
166248,Soda Stereo
166249,SodaBoy
166277,Soffy O
166281,Sofi Tukker
166282,Sofi Tyler
166283,Sofi de la Torre
166286,Sofia Carson
166290,Sofia Jannok
166291,Sofia Karlberg
166293,Sofia Källgren
166305,Sofia Reyes
166315,Sofie Winterson
166320,Soft Background Music
166325,Soft Background Music| Guitar Tribute Players
166328,Soft Background Music| Relaxing Instrumental Music
166330,Soft Cell
166337,Soft Guitar Music
166338,Soft Guitar Music| Guitar Songs| Instrumental Songs Music
166339,Soft Hair
166345,Soft Jazz
166347,Soft Jazz Music| Coffee Shop Jazz| Soft Jazz
166352,Soft Machine
166357,Soft Piano Music
166359,Soft Piano Music| Oasis For Piano| Peaceful Piano
166361,Soft Piano Music| The Cover Crew| Cover Guru
166369,Soft Soul
166375,Softengine
166377,Softest Hard
166378,Softly
166387,Sohee Jung
166396,Sohye
166402,Soilwork
166407,Sojin (Girl's Day)
166408,Sojung Jo
166413,Soko
166417,Sokom
166419,Sol Gabetta
166424,Sol Kaplan & His Orchestra
166439,Sol3 Mio
166440,SolBi
166441,SolBi| Real Smell
166442,SolPie P
166452,Solange
166459,Solano Winds| Bill Doherty
166463,Solar Bears
166467,Solar Energy SPA
166469,Solar Music Club
166470,Solar Nineties
166486,Solarstone & JES
166487,Solarstone & Orkidea
166489,Solarstone featuring Lemon
166490,Solarstone presents
166491,Solarstone presents Pure Trance 2
166493,Solati
166500,Soldat Jahman
166506,Soldiers Of Fortune
166511,Sole
166525,Soleil Fisher
166530,Solenn
166533,Soler
166534,SolerTrio
166543,Solguden & Mannen
166544,Solguden| Moberg
166554,Solidisco
166569,Solji
166570,Solji| Jaehwan Yu| Hyungdon Jung
166587,Solo Piano
166589,Solo Piano Classics
166607,Soloists/Scottish Chamber Orchestra/Sir Charles Mackerras
166611,Solomon Burke
166615,Solomon Grey
166617,Solomon Roberson
166621,Soloukno
166625,Solstay
166627,Solstis
166631,Solvang
166651,Some Poetries
166653,SomeKindaWonderful
166655,Somebirds
166656,Somebody Else
166659,Somebody that I used to know Tribute
166670,Someone Like You Tribute
166671,Someone Still Loves You Boris Yeltsin
166681,Something About Vampires And Sluts
166684,Something Corporate
166700,Something for No One
166703,Something's Gotta Give - Music From The Motion Picture
166704,Something//Something
166712,Somewhere Only We Know
166714,Somewhere Over The Rainbow
166716,Somi
166717,Somkiat
166730,Somrat Sij
166740,Son Ho Young
166745,Son Lux
166747,Son Of Man
166755,Son Sua
166760,Son Tung
166761,Son Tung M-TP
166763,Son Volt
166775,SonReal
166786,Sonar Pocket (ソナーポケット)
166787,Sonar Songs
166788,Sonartek
166790,Sonata Arctica
166792,Sonate pour Violon et Piano
166799,Sondr
166802,Sondre Lerche
166806,Soneros De Verdad
166809,Song Central
166810,Song Given To The Baby
166811,Song Ha Ye
166813,Song Ji Eun
166814,Song Jinyoung
166817,Song Si-Hyun
166823,Song Yu Vin| Ryu Jihyun
166825,Song from a Secret Garden
166826,Song of Car ad. in 2003
166827,Song that Lisa Ono loves most
166841,Songmi Lee
166847,Songs For Kids
166853,Songs Kids Love To Sing - 25 Sleepytime Songs
166855,Songs Of 3C Ads
166860,Songs To Your Eyes
166865,Songs for Children
166870,Songs for the Masses
166905,Sonic One vs twoloud
166915,Sonic Youth
166926,Sonidos de la Naturaleza Relajacion & Musicas de Piano Masters & Beauty Scene
166954,Sonny & Cher
166958,Sonny Alven
166966,Sonny Boy Williamson & The Yardbirds
166972,Sonny Clark
166990,Sonny Fodera
166995,Sonny James
167002,Sonny Rollins
167011,Sonny Seeza
167012,Sonny Sharrock Band
167015,Sonny Simmons
167018,Sonny Stitt
167019,Sonny Stitt & Bud Powell & J.J. Johnson
167020,Sonny Stitt & Jack McDuff
167036,Sonny and Cher
167039,Sonny| Vaech
167046,Sonoko Inoue (井上苑子)
167048,Sonora Cienfuegos
167055,Sonora Tekendama
167066,Sons Of Maria
167067,Sons Of Maria & Angelika Vee
167090,Sons of the Sea
167107,Sony Classical - Great Performances| 1903-1998
167108,Sonya
167119,Soobin Hoang Son
167124,Sool J| Paul Kim| ULTIMA
167131,Soonhwon Kwon 권순훤
167134,Soothing Baby Music Ensemble
167153,Soothing Sounds
167157,Soothing Spa Paradise
167163,Sooyoung Chin Jazz Orchestra
167165,Sopa de Tartaruga (Beats & Rhymes Inspired By The Ruffcats)
167169,Sophia Black
167177,Sophia Grace
167193,Sophie
167203,Sophie Ellis-Bextor
167208,Sophie Hunger
167228,Sophie Zelmani
167232,Sophielou
167247,Sopra (ソプラ)
167248,Soprano
167251,Soraya
167255,Sorcier Des Glaces
167264,Soriani & D'Ambra
167273,Sorry
167289,Sosimboys 소심한 오빠들
167290,Sosohan Project
167298,Sotte Bosse
167299,Sotto Voce Tuba Quartet
167301,Sotus
167302,Sotus Bo
167310,Souf
167318,Soul Archive
167319,Soul Asylum
167321,Soul Avengerz
167335,Soul Clap
167344,Soul Embraced
167345,Soul Explosion
167355,Soul II Soul
167373,Soul Player
167377,Soul Rebels Brass Band
167380,Soul SPA quartet
167385,Soul Sindikate & Dub Trooper
167410,Soul of Ears
167413,Soul'd Out (ソウルドアウト)
167416,SoulChef
167423,SoulGalaxy
167424,SoulJa
167435,Soulciety 소울사이어티
167439,Soulero
167447,Soulfly
167460,Soulights
167465,Soulive
167469,Soulja Boy
167470,Soulja Boy Tellem
167478,Souljah Snoop Loc
167479,Soulkids
167495,Souls Of Mischief
167505,SoulstaR
167510,Soulstice
167516,Soulwax
167530,Sound City - Real to Reel
167533,Sound Code Sirius
167538,Sound Effects
167540,Sound Effects Design Society
167543,Sound Effects Library
167545,Sound Effects Tones
167553,Sound Horizon (サウンドホライズン)
167575,Sound Remedy
167582,Sound Souler
167586,Sound Sultan
167592,Sound Therapy Music Specialists
167597,Sound of Berlin 12 - The Finest Club Sounds Selection of House| Electro| Minimal and Techno
167600,Sound of Ceres
167612,Sound of Worship
167616,Sound.
167622,SoundMachine
167627,SoundWitch
167628,Sounda capo
167636,Soundgarden
167638,Soundiva String Quartet
167650,Sounds Good
167653,Sounds Of Blackness
167661,Sounds Of Summer
167674,Sounds of Nature
167679,Sounds of Nature White Noise Sound Effects
167713,Soundtrack
167715,Soundtrack Allstars
167718,Soundtrack Hit Lab
167726,Soundtrack| Movie Sounds Unlimited| Original Motion Picture Soundtrack
167729,Soundtrax Piano
167731,Soundtrip Argentina
167741,Soundway
167742,Soundz
167744,Soungalo Coulibaly
167764,South Ambulance
167776,South Finesse
167780,South Haven
167783,South Pacific (The New Broadway Cast)
167789,South Park (Television Soundtrack)
167791,South Pitch
167800,Southbound
167808,Southern Drinkstruction| Carcharodon
167829,Southwest German Chamber Orchestra
167832,Southwild
167837,Souxsoul
167849,Soviet Soviet
167852,Sowelu
167866,Soyeon Lee
167868,Soyo
167870,Soyou
167871,Soyou & Junggigo
167872,Soyou+Kwon Jeong Yeol
167880,Spa
167884,Spa & Spa
167889,Spa & Spa| Relaxing Spa Music| Spa Relaxation & Spa
167891,Spa & Spa| Spa| Massage Music
167896,Spa Italian Music Relaxation Nature Sounds
167902,Spa Massage Solution
167908,Spa Music Aficionados
167909,Spa Music Club
167912,Spa Music Collective
167922,Spa Music Guru
167928,Spa Music Relaxation Meditation
167930,Spa Music Relaxation Therapy
167932,Spa Music Spa
167936,Spa Music Therapy
167944,Spa Piano
167945,Spa Piano Music Specialists
167952,Spa Sensations
167953,Spa Smooth Jazz Relax Room
167961,Spa Tribe
167964,Spa Zen
167973,Space Cake 史貝絲考克
167979,Space Cowboy
167983,Space Ear
167987,Space Jesus
168004,Space Race
168007,Space Raiders
168013,SpaceGhostPurrp
168031,Spaces
168035,Spada
168039,Spag Heddy
168042,Spaghetti Western Band
168049,Spandau
168050,Spandau Ballet
168051,Spangle call Lilli line
168076,Spanish Latino Rumba Sound
168083,Spank Happy
168109,Sparkle O.S.T
168110,Sparklehorse
168113,Sparks
168131,Spaze
168135,Spa| Massage Tribe
168139,Spa| Relaxation and Dreams
168148,SpeXial
168159,Speaker Knockerz
168169,Spearhead
168189,SpecialThanks
168190,Specialists of Power Pilates
168204,Spector
168212,Spectrem
168213,Spectres
168250,Spektral Quartet
168252,Spektrem
168253,Spektrem & Jesse Warren
168264,Spence
168265,Spencer & Hill
168266,Spencer & Hill & Nadia Ali
168269,Spencer Brewer
168270,Spencer Brown
168276,Spencer Fort
168281,Spencer Lee
168283,Spencer Ludwig
168299,Speo
168300,Speo feat Budobo
168309,Spice
168310,Spice 1
168315,Spice Girls
168317,Spicy Christmas Girls
168321,Spider Fever
168329,Spider-man
168341,Spike
168350,Spin Doctors
168355,Spindrift
168358,Spineshank
168359,Spinners
168361,Spinnin' 101 - Love to Dance
168362,Spinnin' Dance Volume.5
168363,Spinnin' Records
168364,Spinnin' Records Dance
168365,Spinnin' Records Super Star Series - Sander van Doorn
168367,Spinnin' Records presents...Dance
168381,Spiral Mold
168382,Spiral Stairs
168385,Spire
168389,Spirit
168404,Spirit Project
168406,Spirit Support Station-World Vocal Colletion
168408,Spirit Voyage Artists
168410,Spirit of America Ensemble
168424,Spiritual Fitness Music
168439,Spiritual Rez
168440,Spiritualized
168458,Spitz (スピッツ)
168460,Spitzenklasse feat. Marwan
168474,Splendor of Meditation
168488,Splitbreed| Loud n Killer
168489,Splitbreed| Loud n' Killer
168494,Splyce
168504,Spoken Reasons
168507,Spongebob Squarepants
168509,Spongebob Squarepants Soundtrack
168526,Spooman
168527,Spoon
168532,Spoonfed Hybrid
168534,Spoonie
168544,Sporting Life
168558,Sporty Loco
168566,Spragga Benz
168571,Spraynard
168580,Spring Break DJ Party
168582,Spring Breakers
168583,Spring Breeze Boy 봄바람 소년
168587,Spring Harvest
168588,Spring King
168604,Springloll
168609,Sprinkler
168613,Sprnrml
168618,Spuernova (超新星)
168620,Spugy B
168630,Spyro Gyra
168636,Squad Killa
168644,Square Pegs
168645,Squared
168667,Squizz
168670,Sqweez Animal
168678,Sr. Trigger
168683,Sreejith - Saachin
168684,Sreejoni Nag
168687,Srh
168692,Sri Sivan Namboothiri
168709,St Germain
168714,St Leonards
168724,St. Angels
168725,St. Barthe
168728,St. Elmo's Fire
168743,St. Lenox
168745,St. Lucia
168757,St. Niklas
168773,St. Petersburg Trio
168774,St. Philips Boy Choir
168778,St. South
168785,St. Vincent
168803,Staatspunkrott
168808,Stabby
168818,Stacey Kent
168819,Stacey Kent & Jim Tomlinson
168822,Stacey Q
168823,Stacey Tappan & Ricky Ian Gordon
168825,Stacie Orrico
168831,Stackwell
168834,Stacy Barthe
168841,Stacy Lattisaw
168845,Stadium Anthems
168850,StadiumX| Dzasko feat. Delaney Jane
168862,Stafford Brothers
168863,Stafford Brothers feat. Jay Sean & Rick Ross
168875,Stage: Soul Music
168878,Stagecoach Rock Combo
168888,Staind
168891,Stairway To Heaven
168892,Stairway To Heaven / Sentiment Reasons
168901,Stalking Gia
168902,Stalley
168915,Stammreim
168916,Stampeders
168926,Stan Getz
168928,Stan Getz & Antonio Carlos Jobim
168930,Stan Getz & Charlie Byrd| Stan Getz| Charlie Byrd
168933,Stan Getz & Joao Gilberto
168939,Stan Getz Quartet
168957,Stan Kenton
168975,Stan Walker
168977,Stan Whitmire
168980,Stan Worth
168986,Stand By Me
168991,Stand Up
168999,Standerwick| Chris Schweizer
169003,Standing Waves
169004,Standing egg
169041,Stanley Turrentine
169042,Stanley Turrentine & The Three Sounds
169044,Stanley clarke
169054,Stanton Warriors
169061,Star
169068,Star Cast
169074,Star Fucking Hipsters
169077,Star Hotel
169080,Star Korean Hayllu
169087,Star Slinger
169092,Star Trek V：The Final Frontier
169095,Star Wars D.J.
169096,Star Wars Ringtones
169097,Star of Copenhagen
169101,Star-iSLAND
169107,Starboy
169125,Stardust
169140,Starfucker
169148,Stargroves
169164,Starkillers
169168,Starkillers| Dmitry KO & Amba Shepherd
169174,Starlet
169175,Starley
169176,Starlight
169177,Starlight Christmas Orchestra
169179,Starlight Serenaders
169200,Starry Eyed Night
169202,Starry Sound
169203,Starry Theater
169208,Stars In Stereo
169210,Stars On 54
169213,Stars en scène
169216,Starsailor
169218,Starset
169223,Starship
169226,Starship Planet
169228,Starships Band
169234,Start A Fire
169241,Startline
169252,Stase
169265,State Lights
169271,State Of House
169283,State of Shock
169284,State of Sound
169287,Stateless
169292,States // Capitals
169302,Static Infusion
169306,Static Revenger
169312,Static-X
169316,Statik Selektah
169317,Statik Selektah feat. Action Bronson| Joey Bada$$| Statik Selektah
169329,Status Quo
169330,Status Single
169338,Stavroz
169346,Stay
169349,Stay By Me
169353,Stay Gold
169355,Stay Key
169356,Stay Radical
169357,Stay Smooth
169358,Stay Where You Are
169369,Ste Ingham
169392,Steam Powered Giraffe
169396,Sted-E & Hybrid Heights & Angel Manuel
169404,Steel - Motion Picture Soundtrack
169405,Steel Attack
169411,Steel Engraved
169416,Steel Panther
169417,Steel Pulse
169423,Steel band - Trinidad
169428,Steele
169431,Steelheart
169434,Steely Dan
169447,Steerner| Tobu
169456,Steevy Brooze
169464,Stef Lang
169470,Stefan Askenase [Piano]
169472,Stefan Askenase| Rudolf Serkin| Ginette Neveu| Ferenc Fricsay| Charles Munch| Thomas Beecham| George Szell| Issai Dobrowen| RIAS-Symphonie-Orchester| Boston Symphony Orchestra| Royal Philharmonic Orchestra| Berliner Philharmoniker| Columbia Symphony Orch
169479,Stefan F
169480,Stefan F. Huber & Jazzbirds
169484,Stefan Goldmann
169485,Stefan Grossman
169488,Stefan Gruenwald vs. Jerry Ropero
169497,Stefan Lalov
169498,Stefan Levan
169508,Stefan Obermaier
169513,Stefan Rio
169535,Stefania Rares
169539,Stefanie Heinzmann
169561,Stefano Di Battista
169565,Stefano Gamma vs. Jenny B.
169570,Stefano Guzzetti
169592,Stefano Savoretti
169598,Stefano Valli
169622,Stefflon-Don
169628,Stefon Harris
169630,Stefon Harris & David Sanchez & Christian Scott
169633,Stefy K
169660,Stella Mwangi
169663,Stella Project
169667,Stella Starlight Trio
169673,Stellar
169706,Step Up All Stars
169707,Step Up Original Motion Picture Soundtrack
169714,Steph Pockets
169731,Stephan Evans
169735,Stephan Krawczyk
169741,Stephan Remmler
169747,Stephane Bourassa
169750,Stephane Ginsburgh
169753,Stephane Grappelli| Barney Kessel
169770,Stephanie Kirkham
169776,Stephanie Mabey
169779,Stephanie McCallum
169781,Stephanie Mills
169794,Stephanie Treo
169795,Stephanie Turner
169802,Stephen
169804,Stephen & Zooey
169813,Stephen Bishop
169827,Stephen D. Anderson
169845,Stephen Foster - Memories
169847,Stephen Fretwell
169858,Stephen Hough
169863,Stephen Janetzko & Kinderchor Canzonetta Berlin
169864,Stephen Jerzak
169869,Stephen Kovacevich
169874,Stephen Lambourne
169878,Stephen Malkmus
169879,Stephen Malkmus and The Jicks
169893,Stephen Rennicks
169894,Stephen Rennicks & Brie Larson
169901,Stephen Small
169904,Stephen Sondheim
169906,Stephen Speaks
169910,Stephen Stills
169911,Stephen Swartz
169916,Stephen Warbeck
169924,Stephin Merritt
169930,Steppenwolf
169932,Steps
169933,Steps Ahead
169942,Stereo Coque
169946,Stereo Express
169947,Stereo Fire Empire
169952,Stereo Kicks
169954,Stereo MC's
169960,Stereo Sound Feat. Valentine
169969,Stereoact feat. Chris Cronauer
169977,Stereolab
169993,Stereophonics
170010,Sterling Beaumon
170016,Sterlyng
170018,Sternenton
170033,Steve Alaimo
170038,Steve Angello
170041,Steve Angello & Sebastian Ingrosso
170044,Steve Aoki
170045,Steve Aoki & Afrojack feat. Bonnie McKee
170048,Steve Aoki & Angger Dimas vs. Dimitri Vegas & Like Mike
170049,Steve Aoki & Autoerotique vs. Dimitri Vegas & Like Mike
170051,Steve Aoki & Moxie Raia
170052,Steve Aoki & R3hab
170053,Steve Aoki & Rune RK feat. RAS
170054,Steve Aoki & Sidney Samson
170056,Steve Aoki feat. Flux Pavilion
170057,Steve Aoki feat. LINKIN PARK
170058,Steve Aoki feat. Lil Jon & Chiddy Bang
170059,Steve Aoki feat. Machine Gun Kelly
170061,Steve Aoki feat. Sick Boy
170062,Steve Aoki feat. Waka Flocka Flame
170063,Steve Aoki feat. will.i.am
170065,Steve Aoki| Boehm
170066,Steve Aoki| Chris Lake & Tujamo feat. Kid Ink
170067,Steve Aoki| Chris Lake| & Tujamo
170068,Steve Aoki| Felix Jaehn
170069,Steve Aoki| Headhunterz
170070,Steve Aoki| Louis Tomlinson
170071,Steve Aoki| Marnik| Lil Jon
170073,Steve Aoki| Walk Off The Earth
170084,Steve Barakatt
170102,Steve Bug
170117,Steve Cole
170124,Steve Cropper & Pop Staples & Albert King
170126,Steve Cypress
170146,Steve Forbert
170159,Steve Ghost
170162,Steve Gibbons Band
170167,Steve Goodman
170169,Steve Grand
170174,Steve Gunn
170182,Steve Hauschildt
170187,Steve Hill vs Technikal
170188,Steve Hillman
170196,Steve Hofmeyr
170201,Steve Howe
170202,Steve Huerta
170203,Steve Hunt
170205,Steve Jablonsky
170206,Steve Jablonsky| Gary Clark Jr.
170208,Steve James
170213,Steve Khan
170220,Steve Kroeger
170221,Steve Kuhn
170223,Steve Lacy
170227,Steve Lawler
170228,Steve Lawrence
170230,Steve Lawrence| Eydie Gorme
170239,Steve Lukather
170260,Steve Miller Band
170271,Steve Murrell & CLIMBR
170285,Steve Ouimette - Epic
170288,Steve Perry
170300,Steve Poindexter
170307,Steve Reich
170325,Steve Silk Hurley
170350,Steve Talent
170359,Steve Tyrell
170360,Steve Vai
170372,Steve Wariner
170382,Steve Wingfield
170384,Steve Wingfield| Don Breithaupt
170385,Steve Winwood
170388,Steve Wynn
170413,Steven Curtis Chapman
170428,Steven Halpern
170447,Steven Kimbrough| Dalton Baldwin
170468,Steven Patrick
170471,Steven Price
170475,Steven Russell Harts
170483,Steven Spence
170492,Steven Stone| Jessy Howe
170494,Steven Tyler
170505,StevenStone
170508,Stevie Appleton
170509,Stevie B
170512,Stevie Hoang
170513,Stevie Hoang| Mumzy Stranger
170521,Stevie Nicks
170523,Stevie Ray Vaughan
170524,Stevie Ray Vaughan and Double Trouble
170525,Stevie Salas
170530,Stevie Wonder
170531,Stevie Wonder & Andra Day
170533,Stevie Wonder Band Dionne Warwick
170545,Stewart Mac
170554,Steye & The Bizonkid
170555,Stezo
170564,Stick Figure
170568,Stick To Your Guns
170571,Sticker Mania
170573,Sticks & Strings
170579,Sticky
170581,Sticky Boys
170585,Sticky Fingers
170594,Stiff Little Fingers
170601,Stilbruch
170609,Still Corners
170612,Still Fresh
170615,Still Parade
170622,Still bleak
170626,Stille Volk
170629,Stillhound
170644,Stina Girs
170649,Sting
170653,Stingray Music
170661,Stinky Toys
170703,Stokeswood
170712,Stolen 秘密行动
170713,Stolensnares| Stélouse
170719,Stomp the Yard Musical Group
170723,Stomy Bugsy
170729,Stone City Band
170736,Stone Jone| Spacebar
170744,Stone Sour
170745,Stone Temple Pilots
170751,StoneBridge
170755,StoneBridge| Therese
170758,Stonebank
170788,Stony
170792,Stooshe
170796,Stor
170806,Storm
170810,Storm Queen
170811,Storm Riders (Original Soundtrack)
170823,Storms
170829,Stormzone
170830,Stormzy
170833,Stornoway
170842,Story Of The Year
170865,Str8Dropp Tha Prophet
170876,Straight No Chaser
170898,Strange Fruit Project
170906,Strange Talk
170914,Strangelove
170920,Strangers You Know
170931,Stratovarius
170934,Strauss - Chopin - Tschaikowsky - Debussy Dvorak - Schumann - Liszt
170943,Strawberry Alarm Clock
170947,Strawberry Love
170949,Strawberry Milk
170950,Strawberry Shortcake
170959,Stray Cats
170966,Strck
170970,Stream Of Passion
170980,Street Corner Talking
170982,Street Dance
170984,Street Fighter 4
171007,Streetdude Flench
171013,Streets Of Fire
171016,Streetwize
171017,Streex
171020,Strength Approach
171038,Stretcherous
171040,Stretching Chillout Music Academy
171074,String Jams Nation
171084,Strip Steve
171095,Strobe & Rubin featuring Roberta Harris
171104,Stromae
171107,Stromile
171108,Strong
171125,Strueres
171130,Strunz & Farah
171133,Stryper
171139,Stuart A. Staples
171149,Stuart Hamm
171167,Stuck in the Sound
171171,Studio 34
171172,Studio 36 Band
171174,Studio 58
171177,Studio 9
171179,Studio Allstars
171180,Studio Apartment
171190,Studio Group
171192,Studio Killers
171194,Studio Musicians
171198,Studio Players
171200,Studio Sound Group
171202,Studio Sunset
171208,StudioEIM
171217,Study Concentration & Focus Study Music Academy
171225,Study Music
171226,Study Music Academy
171233,Study Music Guru
171240,Study Now
171248,Studying Music
171255,Studying Music and Study Music
171257,Studying Music and Study Music| Calm Music for Studying| Classical Study Music
171259,Studying Music and Study Music|Calm Music for Studying|Classical Study Music
171266,Studying Music|Studying Music and Study Music
171269,Stuff
171285,StuntHard HotBoyz
171287,Stuntman 5
171294,Stupid Kids
171296,Sturgill Simpson
171298,Sturqen
171303,Stuttgart Brass Quartett
171307,Stuttgarter Kammerorchester|Karl Münchinger
171310,Stwo
171317,Style Of Eye
171318,Style Of Eye & Lars Allertz
171319,Style Of Eye feat. Anna Ståhl
171320,Style Of Eye feat. SAL
171321,Style Of Eye feat. Sirena
171322,Style Of Eye feat. Soso
171330,Styles Of Beyond
171331,Styles P
171333,Stylez
171334,Stylez Major
171336,StylipS
171346,Styly Cee
171347,Styrofoam
171349,Styx
171354,Stéphan Oliva / Bruno Chevillon / Paul Motian
171358,Stéphane Guillaume
171363,Stéphane Pompougnac
171371,Störterbekers
171379,Su-jer
171381,SuG
171387,Suara
171388,Suara Parahiangan
171389,Suara+上原れな
171403,Sub Focus
171410,Sub Woofers
171432,Subin
171433,Subin_Dal shabet| ATO
171442,Sublime
171445,Sublime With Rome
171448,Subliminal 2012 Mixed by Erick Morillo and SYMPHO NYMPHO
171456,Submerse
171464,Submotion Orchestra
171468,Subs
171471,Subsky
171493,Suburban Kids With Biblical Names
171516,Suchmos
171519,Sucker Punch
171525,Suda Band
171526,Sudden Death of Stars
171532,Sudha
171541,Sue Kyung Son
171544,Sue McLaren| Farhad Mahdavi| Paul van Dyk
171552,Sue Richardson
171555,Sue Thompson
171557,Suede
171580,Sufjan Stevens
171585,Suga Bear
171594,Sugababes
171600,Sugar & the Hi Lows
171605,Sugar Blues 슈가블루스
171607,Sugar Candy Mountain
171611,Sugar Eyes
171617,Sugar Honey Babies
171619,Sugar House Feat. Blackseas
171623,Sugar Joiko
171626,Sugar Lady
171627,Sugar Man
171631,Sugar Ray
171636,Sugar Sugar
171637,Sugar for Sugar
171642,Sugarbowl
171643,Sugarbowl X J’kyun
171644,Sugarbowl| Dusky80
171654,Sugarhate
171655,Sugarland
171662,Sugarplum Fairy
171671,Sugiyama Kiyotaka & Omega Tribe (杉山清貴&オメガトライブ)
171673,Sugo Music Artists
171676,Suh Young Eun
171679,Suhel Rais Khan
171680,Suhyun Park
171687,Suicidal Tendencies
171688,Suicide
171693,Suicide Silence
171697,Suicideyear| Kaytranada
171702,Suis La Lune
171706,Suite 16
171714,Sujin Lim
171743,Sulkyung
171750,Sultan
171753,Sultan + Shepard
171754,Sultan + Shepard feat. Kreesha Turner
171755,Sultan + Shepard ft. Tegan & Sara
171756,Sultan Clintone
171757,Sultan of the Disco
171761,Sulumi
171763,Sum
171764,Sum 41
171771,Sumera
171773,Sumerlands
171775,Sumi Jo
171776,Sumi Jo - Warner Classics International
171781,Suming
171783,Sumire
171784,Sumire Uesaka (上坂堇)
171789,Summer
171797,Summer Camp
171804,Summer Dance Hits 2016
171811,Summer Fiction
171817,Summer Hit Compilation 2008
171834,Summer Party
171839,Summer Reggae
171847,Summer Trance Anthem
171851,Summer Was Fun
171852,Summer Watson
171858,Summer of Love (Extended Mix)
171863,SummerGratz (さまぐら)
171865,Summercamp
171872,Summertime Sadness
171880,Summoning
171894,Sun Boy'z
171896,Sun Culture
171900,Sun EKG
171902,Sun Glitters
171908,Sun Hee Lee
171910,Sun Kil Moon
171911,Sun Kil Moon & The Album Leaf
171912,Sun Lady
171916,Sun Ra
171920,Sun Sil Kim
171925,Sun Worship
171927,Sun [Topic] 썬[타픽]
171932,SunJua 선주아
171934,SunWoo Jung-A
171935,SunWoo Jung-A| Jung Yong-Hwa
171939,Sunbears!
171945,Sunburst
171956,Sundara Karma
171961,Sunday Girls
171967,Sunday Matinee
171968,Sunday Morning
171974,Sunday x KimTaeHyun of DICKPUNKS
171981,Sundowners
171987,Sunel
171990,Sunflower Bean
171995,Sung Eun Choi
171997,Sung Ji Song
172001,Sung Si Kyung
172004,Sung Tae of Postmen
172011,Sungha Jung
172012,Sunghoon
172032,Sunlightsquare
172034,Sunlounger
172040,SunnYz
172041,SunnYz & Fymex
172042,SunnYz & STAG
172044,Sunnery James & Ryan Marciano
172050,Sunny After Rain
172051,Sunny Afternoon Original Cast
172060,Sunny Girls
172061,Sunny Goldsmith
172066,Sunny Mound
172076,Sunny Sunday Kids
172081,SunnyHill
172083,Sunny[Girls Generation 써니 [소녀시대]
172104,Suns Of Arqa
172112,Sunset & Klauss Goulart
172128,Sunset Sons
172134,Sunshine
172136,Sunshine Anderson
172142,Sunshine Live| Vol. 34
172143,Sunshine Sound
172144,Sunshine State
172147,Sunshine Superstars
172155,Sunstroke Project
172157,Sunstroke Project & Olia Tira| Epic Sax Guy
172167,Sunwolf
172176,Supa Brick| King Ouxaman
172183,Supa Ju
172187,Supa Sounds
172207,Super 131
172208,Super 4
172210,Super 7
172211,Super Adventure Club
172215,Super Banda Infantil
172216,Super Bass DJs
172223,Super Busty Samurai Monkey
172233,Super Duper
172235,Super Exitos Latinos
172236,Super Express (超特急)
172237,Super Fiesta Party
172238,Super Fine
172239,Super Fitness Masters
172242,Super Furry Animals
172244,Super Girls
172253,Super Hits Of The '60s
172256,Super Hot All-Stars
172271,Super Party 80| The 80's Allstars| Compilation 80's
172272,Super Party Swingers
172278,Super Simple Learning
172279,Super Sirence 슈퍼싸이렌스
172283,Super Star
172298,Super trombone
172303,Super8 & Tab
172307,SuperHeavy
172308,SuperKidd
172317,Superbee
172321,Superbus
172324,Supercell feat.初音未來
172326,Superchick
172327,Superchumbo
172328,Superchunk
172340,Superfly
172341,Superfood
172342,Superfreakz
172346,Supergrass
172355,Superhumanoids
172362,Superman Is Dead
172368,Supernatural
172378,Supershake
172392,Superstars Of Modern Pop
172395,Superstyle Deluxe
172398,Supersuckers
172402,Supertramp
172406,Superwoman
172410,Supper Moment
172415,Supra J
172419,Supreeme
172427,Supreme R.A.
172428,Supreme Team
172447,Suran
172465,Surf Punks
172468,Surf's Up
172470,Surface
172472,Surface Of Atlantic
172475,Surfer Blood
172491,Surkin
172496,Surrap
172504,Surrender!
172519,Survivor
172529,Susan Boyle
172538,Susan Egan
172549,Susan King| David Van Ooijen
172555,Susan Manoff| Véronique Gens
172559,Susan McRae
172576,Susana Lay
172587,Susanna Klincharova
172592,Susannah McCorkle
172596,Susanne Ho
172606,Susanne Sundfør
172615,Susie Arioli Band
172620,Susie Suh
172621,Susie Suh & Robot Koch| Susie Suh| Robot Koch
172637,Susumu Yokota
172652,Suuns
172660,Suy
172663,Suyano
172666,Suyoen Kim| Wüttembergish Kammerorchester Heilbronn| Ruben Gazarian
172670,Suzan & Freek
172678,Suzanne Corbie
172685,Suzanne Grzanna
172694,Suzanne Sterling
172696,Suzanne Vega
172701,Suzie Kju
172702,Suzie Le Blanc/Teatro Lirico/Stephen Stubbs
172704,Suzie McNeil
172707,Suzu
172712,Suzuko Mimori (三森すずこ)
172714,Suzy Bae
172716,Suzy Dalton
172719,Suzy| BAEKHYUN
172723,Sval
172732,Svart Crown
172735,Svein Finjarn
172736,Sven & Olav
172740,Sven Grunberg
172748,Sven Kuhlmann
172752,Sven Ratzke
172757,Sven Tasnadi
172761,Sven-Bertil Taube
172783,Svetlin Roussev| Elena Rozanova| François Salque
172786,Sviatoslav Knushevitsky
172787,Sviatoslav Richter
172789,Sviatoslav Richter/Emil Gilels/New Philharmonia Orchestra/Lorin Maazel/London Symphony Orchestra/Orchestre De Paris
172820,Swagger feat. EachOne
172852,Swanky Tunes
172853,Swanky Tunes & Arston feat C. Todd Nielsen
172854,Swanky Tunes & Going Deeper
172856,Swanky Tunes Feat. Raign
172858,Swanky Tunes featuring C. Todd Nielsen
172859,Swanky Tunes| Arston
172860,Swanky Tunes| Dropgun
172862,Swanky Tunes| Going Deeper
172863,Swanky Tunes| Tom Reason
172865,Swans
172870,Swarm Dynamics
172893,Sweater Beats
172898,Sweden Laundry
172899,Sweden Laundry & Letter Flow 스웨덴세탁소 & 레터플로우
172903,Swedish House Mafia
172904,Swedish House Mafia vs. Knife Party
172905,Swedish House Mafia vs. Tinie Tempah
172919,Sweeney Todd| The Demon Barber of Fleet Street
172921,Sweet
172929,Sweet Baby Lullaby World
172930,Sweet Baby Mae
172931,Sweet Baby Sleep
172932,Sweet Baby Sleep Baby
172936,Sweet California
172944,Sweet Christmas
172948,Sweet Da Kid feat. Pain in Da Ass
172975,Sweet Little Band
172981,Sweet Memories Are Made Of This
172986,Sweet November Soundtrack
172994,Sweet Salt
172998,Sweet Sorrow
173002,Sweet Talker
173010,Sweet Water
173014,Sweet sensation
173017,Sweetback
173019,Sweetbox
173027,Sweety
173029,Swell
173037,Swet Shop Boys
173045,Swift Hits
173052,Swifty
173054,Swilson
173055,Swim Deep
173056,Swim Mountain
173061,Swimming Tapes
173066,Swincle
173068,Swing
173071,Swing Cafe
173073,Swing Dance Orchestra
173075,Swing Forward
173078,Swing Kids
173080,Swing N Flower
173081,Swing Out Sister
173082,Swing Republic
173085,Swingfly
173090,Swinging the Lead
173091,Swingjack Project
173093,Swings
173094,Swings & Giriboy & Cjamm & Vasco 스윙스 & 기리보이 & 씨잼 & 바스코
173113,Swisher Swift
173122,Swiss Lips
173126,Swit Groove
173128,Switch Cook
173142,Switchfoot
173144,Switch|DeBarge
173150,Swizz Beatz
173159,Swoop
173162,Swoosh
173174,Sy'nur
173188,Syd
173190,Syd Barrett
173195,Syd Matters
173198,Syd Youth
173202,Sydnee Carter
173249,Sylar
173250,Syleena Johnson
173254,Sylkie Monoff
173255,Sylo Nozra
173257,Sylvain Blassel
173262,Sylvain Chauveau
173268,Sylvain Luc
173279,Sylvester
173285,Sylvia
173290,Sylvia Hallett
173308,Sylvia Čápová| Dubravka Tomšič
173314,Sylvie Lucu| Gérard Luc
173317,Sylvie Vartan
173319,Sylvio Mazzucca E Sua Orquestra
173331,Syml
173357,Symphonix
173362,Symphony Nova Scotia
173375,Symphorce
173378,Syn Cole
173382,Synapson
173388,Sync Lovers
173391,Synchronice
173393,Syncro
173407,Syno
173423,SyntheticSax
173431,Syo Kagami (加賀美祥)
173435,Syreeta
173451,System Breakdown
173455,System Of A Down
173460,System of Survival
173462,Systems In Blue
173483,Szjerdene
173505,Sébastien Tellier
173516,Sérgio Mendes
173522,Sóley
173537,Søren Juul
173559,T Connection
173566,T La Rock
173567,T Lido
173576,T Rex Featuring Mickey Finn
173577,T Riley
173585,T Williams Blues Attitude
173587,T wice
173591,T'Pau
173596,T-$POON aka NAP
173597,T-ARA
173604,T-Bone
173607,T-Bone Walker
173611,T-CRASH
173613,T-Connection
173638,T-Mass
173649,T-Ok
173650,T-POCKET
173651,T-Pain
173652,T-Pain Featuring Lil Wayne
173653,T-Pain and Classixx
173655,T-Pain feat. Juicy J
173656,T-Pain feat. Ne-Yo
173657,T-Pain feat. feat. Lily Allen| Wisin & Yandel
173658,T-Pain featuring Chris Brown
173666,T-Ravill
173675,T-Rush
173682,T-Square
173686,T-Watts
173687,T-Wayne
173693,T-ara N4
173694,T-cophony
173702,T. L.
173704,T. Mills
173710,T. Rex
173711,T. Roy
173720,T.A.C Nation
173736,T.F.F.
173738,T.Finch
173744,T.I.
173745,T.I. & Young Thug
173746,T.I. feat. B.o.B| Kendrick Lamar and Kris Stephens
173747,T.I. feat. Iggy Azalea
173748,T.I. feat. Kat
173750,T.I. feat. Skylar Grey
173751,T.I. feat. Young Thug
173754,T.I.| Marsha Ambrosius
173761,T.K.
173766,T.M.A
173768,T.M.O
173769,T.M.O & Luke Green
173770,T.M.Revolution
173771,T.M.Revolution X 水樹奈奈
173772,T.M.Revolution | SCANDAL
173776,T.O.B戲子
173778,T.O.K.
173786,T.P.I
173793,T.R.Y
173800,T.S.O.L.
173804,T.T.L.
173816,T.Whistle
173833,T1G3R #UNLSH
173837,T3 & the Purpose
173838,T33 (T33)
173845,T9
173855,TABLO
173861,TAE JIN A
173862,TAE JIN A| GANG NAM
173863,TAEIL
173864,TAEMIN
173865,TAEWAN
173867,TAHITI
173868,TAI
173873,TAI| Son Of 8
173878,TAKA
173882,TAKAYA and TAU BAND (タカヤアンドタウバンド)
173891,TAKU GOTO (後藤拓)
173895,TAL
173896,TALA
173906,TANAKA ALICE
173918,TAS
173922,TAW & HAHA
173929,TBM
173933,TC
173938,TCHAIKOVSKY/BRAHMS
173955,TEE
173957,TEEN
173964,TEMPR
173965,TEMPURA KIDZ
173967,TENDER SOUND JAPAN
173971,TERIYAKI BOYZ (テリヤキボーイズ)
173993,TFBOYS
174002,TGT
174004,THA J-SQUAD
174010,THE ARK
174011,THE BACK HORN
174012,THE BAWDIES
174014,THE BEAT BROTHERS
174015,THE BEAT OF BRAZIL VOL. 2
174019,THE BLUE HEARTS
174021,THE BOOM
174022,THE BOY MEETS GIRLS
174024,THE BRITISH BEATS (THE BRITISH BEATS)
174032,THE CHAMBERS
174033,THE CHAMPS
174034,THE CHEF COOKS ME
174037,THE CREW
174047,THE FABULOUS THUNDERBIRDS
174051,THE GALLO (ギャロ)
174061,THE HARDKISS
174066,THE JETZEJOHNSON (ジェッジジョンソン)
174067,THE JIVES (THE JIVES)
174077,THE MOUSSES
174081,THE NOVEMBERS
174082,THE ORAL CIGARETTES (THE ORAL CIGARETTES)
174086,THE OTOGIBANASHI'S
174087,THE OUTFIELD
174088,THE OUTSIDE
174089,THE PARTYS (THE PARTYS)
174101,THE ROLLING GIRLS
174102,THE RUBE
174104,THE SAM WILLOWS
174106,THE SARUBAND
174107,THE SEEYA
174111,THE SOLUTIONS
174114,THE STRANGLERS
174115,THE STREET BEATS
174116,THE SxPLAY(ザ・スプレイ)
174119,THE TIC TAC
174131,THE YELLOW MONKEY
174137,THE 抱きしめるズ
174140,THEESatisfaction
174145,THETHE BAND
174146,THEWATTER (THEWATTER)
174147,THEY.
174152,THE春夏秋冬
174153,THE虎舞竜
174156,THNK
174162,THOSEBRICKS
174164,THREE (花守ゆみり、種田梨沙、佐倉綾音)
174165,THREE LIGHTS DOWN KINGS
174166,THREE1989 (THREE1989)
174176,TIEKS
174177,TIFFANY GIARDINA
174181,TIM
174202,TJP
174203,TJR
174204,TJR & VINAI
174214,TK from Ling tosite sigure (TK from 凛として時雨)
174216,TKB
174228,TLC
174244,TMC Movie Starz
174245,TMC Movie Tunez
174272,TODIEFOR
174276,TOKU
174277,TOKYO CRITTERS (TOKYO CRITTERS)
174278,TOKYO D.
174280,TOKYO KARANKORON (東京カランコロン)
174282,TOKYO MIXED MEDIA (TOKYO MIXED MEDIA)
174284,TOKiMONSTA feat. Gavin Turek
174294,TOMOMI ITANO (板野友美)
174306,TOPS
174312,TOTEM & Aalias
174315,TOUYU(灯油)
174319,TP4Y
174321,TPI CoCo Girls
174341,TRASH
174342,TRAVELLING AUGUST
174343,TRAVIS TRITT
174344,TRAX
174348,TRF
174351,TRICERATOPS
174359,TROMBONE QUARTET ZIPANG
174360,TRON & DVD
174361,TRON: Legacy
174368,TRST the DJ
174369,TRU Concept
174370,TRUE
174375,TRUST
174378,TRX Four
174382,TRXD
174383,TRY TRY NIICHE
174394,TSOUL
174397,TSUCHIYA ANNA (土屋アンナ)
174405,TT
174413,TTNG
174421,TUCCI
174433,TUX 黑白貓樂團
174434,TV & MOVIE SOUNDTRAX
174447,TV On The Radio
174454,TV Sounds Unlimited
174458,TV Studio Project
174459,TV Theme Band
174462,TV Theme Players
174464,TV Theme Song Library
174469,TV Themes
174474,TV Tunesters
174484,TVXQ!
174488,TWENTY88
174489,TWICE
174491,TWIIG
174495,TWO DOOR CINEMA CLUB
174498,TWOLOUD
174508,TY1
174519,TYRANT OF MARY
174520,TYuS
174524,T_T ทีที
174530,Ta-Ku
174531,Ta-ku| Wafia
174545,Tabata DCX
174546,Tabata Hit Makers
174547,Tabata Junkies
174548,Tabata Productions
174550,Tabata Songs
174551,Tabata Training Tracks
174563,Tabito Nanao(七尾　旅人)
174585,Tacabro
174590,Tachibana Hibiki (立花響(CV:悠木碧))
174593,Tachoo
174611,Tadd Dameron
174616,Tadeusz Machalski
174617,Tae Brooks
174618,Tae In
174619,Tae Sav
174620,Tae Seong Kim
174623,TaeTiSeo
174628,Taeko Onuki & Ryota Komatsu (大貫妙子&小松亮太)
174632,Taeyeon
174633,Taeyeon & The One
174634,Taeyoon
174635,Tafelmusik
174640,Tag Shai| Agile
174654,Tahiti 80
174664,Tai Chi
174682,Taiki Nulight
174686,Tail Blue (CV:相坂優歌)
174687,Tail Red (CV:上坂菫)
174688,Tail YELLOW (CV:赤崎千夏)
174699,Tainted Youth
174700,Taio Cruz
174702,Taipei Chinese Orchestra
174710,Tairou Sompare 'Levis'
174712,Tais
174714,Taisei Iwasaki & SCHADARAPARR (岩崎太整・スチャダラパー)
174722,Taiwan Saxophone Stars
174727,Taj
174728,Taj Mahal
174734,Tajai
174742,Takacs Quartet
174743,Takagi Masakatsu (高木正勝)
174747,Takahiro Kido
174751,Takahito Suma (須磨孝仁)
174753,Takako Matsu (松たか子)
174765,Takashi Kitahara (北原たかし)
174777,Take
174779,Take 5 Ensemble
174780,Take 6
174802,Take That
174806,Take me to church
174810,Take/Five
174818,Takehito Koyasu (子安武人)
174820,Taken
174821,Taken By Trees
174827,Takers
174842,Takida
174843,Taking Back Sunday
174847,Taking Woodstock
174849,Takka Takka
174850,Takkyu Ishino
174851,Tako
174852,Tako & Jhyung
174853,Tako & Jhyung| Lim Dong Hyun| Sllo| Jo Young Hyun
174856,Takticz
174858,Taku
174873,Takuya Kuroda
174879,Tal Bachman
174881,Tal Even-Tzur| Tali Rubinstein
174882,Tal Farlow
174888,Tala Dre
174913,Talib Kweli
174914,Talib Kweli & Hi-Tek
174918,Taliesin Orchestra
174923,Talisco
174927,Talitha Tan
174939,Talking Heads
174946,Tall Heights
174954,Talla 2XLC
174972,Talos
174975,Talvin Singh
174980,Tama
174984,Tamam Shud
174987,Tamar Braxton
174988,Tamar Braxton feat. Future
175012,Tamaryn
175014,Tamas Laboratorium
175015,Tamas Vasary
175017,Tamas Wells
175024,Tamba Trio
175037,Tame Impala
175042,Tamela Mann
175043,Tamen Hade
175065,Tamia
175080,Tammy Wynette
175089,Tamta
175097,Tan Dun
175109,Tanasia
175111,Tanaya
175130,Tangerine Dream
175137,Tangled
175165,Tango dos y tres
175184,Tania Maria
175187,Tania Tsanaklidou
175188,Taniesza
175189,Tanimura Nana (谷村奈南)
175190,Tanimura Shinji (谷村新司)
175200,Tank
175215,Tanner Patrick
175227,Tantara OST
175229,Tanto Metro & Devonte
175232,Tantric
175237,Tantric Sex Background Music Experts
175249,Tanya Donelly
175255,Tanya K
175259,Tanya Morgan
175260,Tanya Stephens
175264,Tanya Tucker
175269,Tanzer
175279,Taolo
175295,Tapes 'n Tapes
175301,Tapio Heinonen
175309,Tar Paradox| Ohm Cocktail| Air The Mousses
175310,Tara
175319,Tara Lopez
175322,Tara MacLean
175331,Tara Thompson
175348,Tarcisio Festcar
175357,Tariah
175368,Tarja
175372,Tarkan
175382,Taro Urashima (浦島太郎（桐谷健太）)
175388,Tarro
175389,Tarrus Riley
175395,Taru
175401,Taryn Southern
175405,TasZ
175412,Tasha Cobbs
175425,Tasji Bachman
175426,Task
175427,Taska
175446,Taste Classical Life
175448,Taste of Lounge
175464,Tata Simonyan
175466,Tata Vega| Justo Almario| and Abe Laboriel
175472,Tate Kobang
175474,Tate Tucker
175496,Tatianna
175501,Tato Gomez & Felix Pando
175513,Tatsuya Dejima
175529,Tatyana Ali
175541,Tauren Wells
175545,Tavares
175558,Tawny Ellis
175560,Taxi Driver
175577,Taya
175583,Tayla Sky
175593,Taylor Bennett
175600,Taylor Dayne
175608,Taylor Grey
175610,Taylor Henderson
175611,Taylor Hicks
175615,Taylor Jasmine
175621,Taylor Lee
175625,Taylor McFerrin
175636,Taylor Scott
175638,Taylor Swift
175643,Taylor Thrash
175648,Taylor-Ann
175652,Taylorville
175656,Taylr Renee
175657,Taylr Renee| Helena Legend
175661,Tayyib Ali
175662,Taz
175694,Tchaikovsky
175695,Tchaikovsky / David Zinman - Conductor; New York City Ballet Orchestra
175700,Tchaikovsky: Piano Concertos
175704,Tchami
175705,Tchami & Malaa
175711,Tchu Tcha Tcha
175713,Tcrook$
175729,Tea House
175734,Tea Time
175743,Teairra Marí
175748,Team Argentina
175749,Team BS
175752,Team Dope
175754,Team Dubstep
175759,Team Genius
175760,Team Ghost
175762,Team K from Cyberjapan
175764,Team Me
175768,Team Remix
175772,Team Sleep
175774,Team Stavento|Stavento
175784,Teamheadkick
175785,Teams vs. Star Slinger
175792,Teargas
175795,Tearliner
175797,Tears For Fears
175813,Tech My House 5
175814,Tech N9ne
175826,Technical Itch
175839,Techno Classics 1990-2010
175849,Techno Masters| Techno Hits| House Music| DoctorSpook
175859,Technotronic
175863,Teck Nyne
175866,Ted
175877,Ted Herold
175899,Tedashii
175914,Teddy Edwards
175920,Teddy Geiger
175923,Teddy Killerz
175926,Teddy Mac - The Songaminute Man
175930,Teddy Pendergrass
175942,Teddy Thompson
175945,Teddy Wilson
175946,Teddy Wilson & His Orchestra
175951,Teddy Wilson| Teddy Wilson & His Orchestra| Teddy Wilson Quartet
175952,TeddyLoid
175972,TeeFLii
175974,TeeFLii feat. 2 Chainz
175975,TeeJay
175977,Teebs
175978,Teedra Moses
175979,Teeel
175989,Teen Beach Movie
175993,Teen Daze
176000,Teen Top
176003,Teena Marie
176008,Teenage Dream
176009,Teenage Fanclub
176012,Teenage Mutant Ninja Turtles
176014,Teenage Mutants| Laura Welsh
176017,Teenage Time Killers
176030,Teeth Of Lions Rule The Divine
176043,Tegan And Sara
176056,Tei
176058,Teil
176060,Teish O'Day
176062,Teitur
176068,Tejemanejes
176075,Teka
176079,Teki Latex
176080,Teki&Rauzi & James Delato
176089,TeknoAXE
176099,Telee
176112,Telephone Booth
176116,Telepopmusik
176123,Television
176128,Televisor
176144,Tellement
176179,Temper D| Lethal
176183,Tempest
176194,Temple of Void
176195,Temples
176196,Temples in the Sky
176201,Tempo Giusto
176209,Temu
176213,Ten City
176215,Ten Days
176222,Ten Productions
176231,Ten Walls
176234,Ten Years After
176235,Ten2Five
176236,Tenacious D
176237,Tenashar
176239,Tender
176276,Tennis
176277,Tennis System
176278,Tenniscoats
176280,Tenny
176281,Tennyson
176293,Tension
176295,Tensnake
176300,Tenterhook
176301,Tenth Avenue North
176309,Tenório Jr.
176319,Tep No
176331,Tera Naam
176338,Terapia Familiar
176342,Terell Stafford
176344,Terence Blanchard
176348,Terence Fixmer
176354,Terence Trent D'Arby
176378,Teresa Salgueiro
176393,Teri Miko
176400,Terilisha
176401,Terio
176425,Terra
176430,Terra Samba
176431,Terra Tenebrosa
176433,Terrace Martin
176444,Terraspex
176445,Terravita
176454,Terrence Howard
176459,Terri B!
176464,Terri Walker
176479,Terror Fabulous
176480,Terror Jr
176482,Terror Squad
176483,Terror-X Crew
176485,Terrorist Angel Babies from Neptune
176510,Terry Gibbs
176516,Terry Jacks| The Poppy Family
176517,Terry Kennedy
176522,Terry Linen
176526,Terry McDermott
176532,Terry Oldfield
176537,Terry Riley
176538,Terry Robb
176539,Terry Sartor
176544,Terry Turner
176561,Tesh Pankanya
176562,Teske
176563,Tesla
176569,Tess Henley
176570,Tess Parks
176574,Tessa Nicole
176575,Tessa Rae
176580,Tessanne Chin
176582,TesseracT
176589,Testament
176595,Tete
176614,Tetsuya Komuro × Tsunku♂ feat. May J.
176616,Tetsuya komuro (小室哲哉)
176627,Tevin Campbell
176631,Tex Perkins
176636,Texas
176645,Texas In July
176656,Text Tones and Ringtones
176668,Teyana Taylor
176669,Teyana Taylor|Chris Brown
176674,Tez Cadey
176688,Tha Alkaholiks
176697,Tha Eastsidaz
176711,Tha Liks
176712,Tha MOBB
176724,Tha Supa Group
176725,Tha Trickaz
176729,Tha Wreking Ball
176737,Thad
176738,Thad Jones
176742,Thad Jones| Mel Lewis Orchestra
176750,Thai Bao
176768,Thalía
176775,Thames
176809,Thantifaxath
176832,That Thing You Do！Original Motion Picture Soundtrack
176850,Thaw
176876,The 1975
176880,The 2 Bears
176882,The 20 Tony Award Winners
176903,The 5 Browns
176905,The 5 Royales
176910,The 500 Series
176917,The 60's Hippie Band
176923,The 60's Rock & Roll Palace
176944,The 90ers| 80s Greatest Hits
176952,The ADE
176957,The Abba Tribute Band
176968,The Academic
176970,The Academy Allstars
176971,The Academy Is...
176973,The Academy Studio Orchestra
176987,The Acid
176992,The Acoustic Guitar Troubadours
176998,The Acoustics
177005,The Adelians
177012,The Adrenalin Crew
177022,The Aerobic Masters
177025,The Afghan Whigs
177037,The Afters
177039,The Agathyst
177040,The Age Of Elegance
177041,The Age Of Innocence
177042,The Age Of Innocence II
177043,The Age of L.U.N.A
177048,The Agonist
177051,The Aikiu
177054,The Airborne Toxic Event
177063,The Alan Parsons Project
177069,The Alarm
177076,The Album Leaf
177077,The Alchemist
177084,The Algorithm
177097,The All-American Rejects
177099,The Allen Starr Musical Theatre
177100,The Allen Toussaint Orchestra
177107,The Allman Brothers Band
177112,The Allstars
177113,The Almanac Singers
177114,The Almanac Singers| Pete Seeger
177117,The Alonzo Spirit Band
177124,The Aluminum Group
177130,The Amazons
177136,The American Analog Set
177138,The American Boychoir
177150,The American Revolution
177155,The Americanos
177157,The Amity Affliction
177163,The Amps
177171,The Anchoress
177178,The Andrews Sisters
177192,The Animals
177202,The Answer is Nine
177203,The Answering Machine
177208,The Antlers
177216,The Apollo Chamber Ensemble
177220,The Apples In Stereo
177221,The Appleseed Cast
177224,The Aqua Velvets
177235,The Archers
177238,The Archies
177241,The Arcs
177244,The Arendelle Players
177267,The Art Of Instrumental
177268,The Art Of Jazz
177271,The Arthouses
177276,The Ascent Of Everest
177279,The Assassin Original Soundtrack
177284,The Association
177287,The Asteroids Galaxy Tour
177315,The Aum Rifle
177321,The Auteurs
177328,The Avalanches
177329,The Avatar Orchestra + Singer
177330,The Avener
177335,The Avett Brothers
177360,The BBC Big Band
177368,The BONEZ
177378,The Baby Lab Lullabies & Pink Noise
177385,The Bachelors
177388,The Back In  Black DCAC Band
177390,The Backing Baristas
177400,The Backtrack Players
177409,The Bad Plus
177425,The Ballet Kids With The Kids Co And The Playtime Ballet Gang
177426,The Ballet Theatre Orchestra
177439,The Band
177446,The Band Of Dreams
177458,The Band Perry
177488,The Bangles
177494,The Banned
177496,The Banyans
177497,The Bar-Kays
177501,The Barberettes
177507,The Baroque Chamber Orchestra|Thomas Dunn|Russell Oberlin
177508,The Baroque Christmas Album
177521,The Baseballs
177536,The Bay City Rollers| Redbone| Orleans| Paul Revere & The Raiders| James Brown| Sammy Johns| The Jaggerz| Thelma Houston| Freda Payne| The Pipkins| Starbuck| Candi Station| Stories Featuring Ian Lloyd| Andrea True| The Fendermen| Eddie Floyd| Billie Davi
177541,The Beach
177544,The Beach Boys
177546,The Beach House Marbella
177552,The Beat Bugs
177563,The Beatangers
177569,The Beatles
177572,The Beatles Recovered Band
177581,The Beatnuts
177591,The Beautiful People
177592,The Beautiful South
177594,The Beautiful Voices Collection
177598,The Bedroom Philosopher
177602,The Bee Gees Tribute Band
177605,The Beekeepers
177612,The Beez
177615,The Beginning
177616,The Beginning Of The End
177623,The BellRays
177634,The Beloved
177640,The Benny Goodman Orchestra
177652,The Best Ad Music Hits Of Cars
177653,The Best Average (The Best Average)
177654,The Best Car Advertising Song
177657,The Best Classical-19 of Your Favourite Classical Music Pieces
177658,The Best Collection
177665,The Best Love Songs Collection
177667,The Best Man - Music From The Motion Picture
177668,The Best Mobile Phone Ad Collection It
177674,The Best Of Jazz Music
177675,The Best Of Kontor
177677,The Best Of Shanghai Lounge
177679,The Best Original Songs
177680,The Best Pessimist
177684,The Best Restaurant Music
177687,The Best Songs Collection
177689,The Best Vocal Collection
177690,The Best Year Of My Life
177695,The Best of Bollywood
177697,The Best of Ennio Morricone
177699,The Best of German Christmas Songs
177707,The Beta Band
177711,The Better Half
177716,The Bewitched Hands
177728,The Big Bang Theory
177730,The Big Bopper
177735,The Big Jamboree
177740,The Big Pink
177742,The Big Secret Sound
177748,The Big 鋼琴
177762,The Bilinda Butchers
177777,The Bird And The Bee
177780,The Birthday
177784,The Birthday Massacre
177785,The Birthday Party
177797,The Black Angels
177802,The Black Crowes
177803,The Black Dahlia Murder
177807,The Black Eyed Peas
177813,The Black Ghosts
177815,The Black Heart Procession
177818,The Black Keys
177831,The Black Ryder
177834,The Black Skirts
177842,The Black Underground
177846,The Blackbyrds
177875,The Blind Side
177887,The Bloodclots
177891,The Bloody Beetroots
177893,The Bloody Beetroots feat. Drop The Lime
177896,The Bloody Beetroots feat. Steve Aoki
177916,The Blue Notes
177919,The Blue Rose
177920,The Blue Rose| Joseph B
177934,The Blues Brothers
177938,The Blues Train
177943,The Bluetones
177965,The Body Rockerz
177968,The Body| Full of Hell
177970,The Bohicas
177974,The Bolshoi
177985,The Bonfire Band
177992,The Boo Radleys
177996,The Boogie Playboys
177998,The Book Of Eli Original Motion Picture Soundtrack
178018,The Bossa Nova Wave - Digital
178020,The Boston Pops Orchestra| John Williams
178022,The Boston Pops Orchestra|John Williams
178029,The Bottle Rockets
178038,The Boxer Rebellion
178041,The Boy Choristers of Winchester Cathedral| Andrew Lumsden
178044,The Boy From Oz
178045,The Boy Least Likely to
178047,The Boys
178058,The Brand New Heavies
178067,The Bravery
178068,The Braxton Brothers
178069,The Braxtons
178080,The Brecker Brothers
178081,The Breeders
178101,The Bright Lights
178109,The British Collective
178117,The Broadway All Star Ensemble & Orchestra
178121,The Broadway Singers and The Adam Mansell Orchestra
178124,The Broadway Theatre Players
178130,The Broken Circle Breakdown Bluegrass Band
178146,The Brook Street Band
178148,The Brooklyn Bridge
178156,The Brother Fox
178158,The Brother K Melee
178160,The Brotherhood Of St Gregory
178164,The Brothers Four
178189,The Buddhist Monks
178196,The Bug
178198,The Bug Featuring Liz Harris
178199,The Buggles
178222,The Busks
178232,The Byrds
178239,The CO
178241,The Cab
178260,The Calling
178267,The Cambridge Musick
178275,The Canadian Tenors
178289,The Capelin
178306,The Cardigans
178308,The Careful Ones
178316,The Carolyn
178318,The Carpenters Tribute Band
178322,The Cars
178323,The Carter Bros
178328,The Cascades
178336,The Cast Of My Fair Lady
178340,The Cast of 'We Will Rock You'
178359,The Cataracs
178373,The Cave Singers
178375,The Cavemen
178388,The Celtic Tenors
178390,The Central Band of the RAF
178397,The Chabot Panhandlers
178399,The Chain Gang of 1974
178400,The Chainsmokers
178402,The Chainsmokers feat. BullySongs
178403,The Chainsmokers feat. ROZES
178404,The Chainsmokers feat. Waterbed
178405,The Chainsmokers| Tritonal
178408,The Challengers
178428,The Chantels
178436,The Charlatans
178438,The Charleston Chasers
178460,The Cheetah Girls: One World
178461,The Chemical Brothers
178468,The Chi-Lites
178470,The Chicharones
178476,The Chieftains
178498,The Chills
178500,The Chimes
178523,The Choir of King's College| Cambridge| Sir David Willcocks
178540,The Choirboys
178543,The Choppers
178546,The Chordettes
178548,The Choristes Les Petits Chanteurs De Saint Marc
178555,The Christian Testament
178561,The Christmas All-Stars & Xmas Music & Christmas Band
178565,The Christmas Carol Players
178566,The Christmas Carol Players| Christmas!| Contemporary Christmas
178578,The Christmas Circle
178579,The Christmas Collection
178588,The Christmas Kids
178591,The Christmas Party Singers
178593,The Christmas Party Singers| Canciones De Navidad| Christmas Hits & Christmas Songs
178602,The Christmas Sound Orchestra
178616,The Chronicles of Narnia - The Lion| The Witch and the Wardrobe Original Soundtrack
178617,The Chronics
178620,The Church
178621,The Church - Brothers
178629,The Cinema Twin
178630,The Cinematic Orchestra
178632,The Cinematic Orchestra presents In Motion
178633,The Cinematics
178641,The City Harmonic
178648,The City of Prague Philharmonic Orchestra
178653,The Civil Wars
178656,The Clan Family
178660,The Clancy Brothers| Tommy Makem
178664,The Clarinotts| Wiener Virtuosen Streichensemble
178668,The Clarstone
178669,The Clash
178670,The Classic
178680,The Classic String Orchestra
178682,The Classical Guitar
178692,The Claudia Quintet with Gary Versace
178699,The Clebanoff Strings
178719,The Click Five
178733,The Cloud Inspector
178736,The Clovers
178747,The Coasters
178754,The Cocktail Lounge Players
178766,The Collapsable Hearts Club
178768,The Collective
178779,The Color Morale
178782,The Colorist & Emiliana Torrini
178787,The Colourist
178798,The Comet Is Coming
178807,The Common Linnets
178810,The Company
178820,The Concretes
178829,The Consort of Musicke|Anthony Rooley
178832,The Constellations
178833,The Constructus Corporation
178839,The Contours
178841,The Control Zeds
178844,The Cool Campaign
178846,The Cool Kids
178852,The Cooltrance
178855,The Cooper Temple Clause
178862,The Coral
178873,The Corrs
178883,The Countdown Kids
178891,The Country Music Crew
178892,The Country Music Heroes
178900,The Coup
178901,The Courtneys
178903,The Cover Bullet's
178907,The Cover Girls
178909,The Cover Lover
178910,The Cover Lovers
178911,The Cover Sisters
178912,The Coverbeats
178923,The Cramps
178924,The Cranberries
178925,The Cranberry Singers
178938,The Crazy Guy| Earl Krause
178967,The Cross
178970,The Crossing
178971,The Crossing Music
178976,The Crown
178981,The Crusaders
178986,The Crystal Method
178987,The Crystal Method feat. Dia Frampton| The Crystal Method
178996,The Cult
179000,The Cure
179010,The Czars
179012,The D'Oyly Carte Opera Company
179014,The D.Y.E
179015,The DAWs
179016,The DEY
179019,The DUO
179020,The DUO（鬼怒无月+铃木大介）
179025,The Daisies
179026,The Daisy
179049,The Dandy Warhols
179051,The Danes
179056,The Dap-Kings
179060,The Dark Knight - Original Motion Picture Soundtrack
179071,The Darkness
179076,The Darlings
179077,The Darlins
179080,The Darts (US)
179083,The Dave Brubeck Quartet
179086,The Dave Clark Five
179104,The Day Nine
179106,The Daydream Club
179113,The Dead 60s
179115,The Dead Beginners
179128,The Dead Texan
179130,The Dead Weather
179136,The Deadly Syndrome
179141,The Dear Hunter
179150,The Decemberists
179164,The Deer Tracks
179170,The Definition
179177,The Delays
179178,The Delfonics
179194,The Departure
179195,The Depreciation Guild
179199,The Derevolutions
179200,The Descendants
179213,The Devil Music Co. & Marshall Mckellar
179214,The Devil Wears Prada
179215,The Devil Wears Prada Soundtrack
179217,The Devil and the Sea
179226,The Dibasic
179227,The Dickies
179235,The Digital Age
179244,The Dime Notes
179247,The Diner
179255,The Diplomats
179263,The Dirtball
179269,The Dirty Dozen Brass Band
179289,The Disco Nights Dreamers
179296,The District
179299,The Ditty Bops
179304,The Divine Comedy
179308,The Dixie Cups
179311,The Dizu Plaatjies Ibuyambo Ensemble
179322,The Dodos
179331,The Doll
179333,The Dollyrots
179339,The Don Ellis Orchestra
179349,The Doobie Brothers
179352,The Doors
179355,The Doppelgangaz
179370,The Downtown Fiction
179378,The Dramatics
179389,The Dream Academy
179392,The Dream Team
179394,The Dreamers
179399,The Dresden Dolls
179401,The Dress Train
179402,The Drifters
179423,The Drumbeats
179424,The Drums
179430,The Dubliners
179436,The Dudley Moore Trio
179442,The Duke Spirit
179450,The Dumplings
179453,The Duprees/The Capris
179456,The Durutti Column
179463,The Dwarfs of East Agouza
179464,The Dwarves
179470,The Dynamic Workout Music
179476,The Dø
179484,The Earls
179485,The Earls Of Leicester
179496,The East Side Boyz Lil Jon
179506,The Echo Friendly
179507,The Echo Heads
179513,The Eden Project
179514,The Eden Symphony Orchestra
179516,The Edge Effect
179524,The Egyptian Lover
179528,The Eighties Band
179530,The Eighty Ballad Group
179532,The Einstein Classical Music Collection for Baby
179540,The Electric Christmas Orchestra
179543,The Electric Prunes
179547,The Electriceels
179571,The Ellis Marsalis Trio
179579,The Emotions
179589,The End Of The World
179593,The Endless Summer
179594,The Enemy
179599,The Engelbert Humperdinck
179603,The English Concert| Trevor Pinnock
179604,The English Concert|Simon Standage|Trevor Pinnock
179605,The English Concert|Trevor Pinnock
179620,The Erised
179621,The Ernie Freeman Combo
179624,The Escalators
179625,The Escape Club
179633,The Essential Collection
179640,The Eternal Dreamers
179641,The Eternal Frontier
179642,The Eternal Spirit
179645,The Ettes
179652,The Evening
179657,The Everly Brothers
179665,The Evpatoria Report
179669,The Exatic Latin
179671,The Excellent Tradesmen
179675,The Exciters
179679,The Exies
179686,The Exploding Boy
179688,The Explorers Club
179689,The Explosion
179698,The Eyes Of A Traitor
179717,The Fabulous Singlettes
179720,The Faceless
179723,The Faculty - Motion Picture Soundtrack
179737,The Faith Crew
179741,The Falcons
179742,The Fall
179743,The Fall Four
179753,The Family
179755,The Family Crest
179757,The Family Rain
179758,The Family Ruin
179776,The Fascinating Latin
179779,The Fast and the Furious
179780,The Fast and the Furious Drift
179792,The Feelies
179793,The Feeling
179809,The Field
179811,The Field Mice
179814,The Fiery Furnaces
179816,The Fifth Dimension
179823,The Film
179825,The Film Music Orchestra
179827,The Final Act
179837,The Fireballs
179841,The Firelight Opera
179867,The Five Corners Quintet
179873,The Five Stairsteps
179874,The Five Stars
179885,The Flaming Lips
179888,The Flamingos & The Sixteens
179894,The Flashers Brothers
179900,The Flaws
179911,The Flirtations
179922,The Flowers of War
179924,The Fly Boys
179926,The Flying Burrito Brothers
179930,The Flying Pickets
179947,The Fooo Conspiracy
179957,The Foreign Exchange
179959,The Forester Sisters
179979,The Four Lads
179989,The Four Seasons
179994,The Fourth Son
180001,The Foxies
180004,The Frajle
180005,The Frames
180012,The Fratellis
180014,The Fray
180031,The Freestylers featuring Fast Eddie
180032,The French Impressionists
180062,The Funk Hunters and Chali 2na
180066,The Funktronics
180069,The Funky Town
180075,The Funshine Gang
180089,The Future Sound Of London
180091,The Futureheads
180092,The Futures
180103,The Gabe Dixon Band
180106,The Gainors
180108,The Galaxy
180115,The Game
180116,The Game & Skrillex
180117,The Game Music Committee
180120,The Ganja Kru
180123,The Gap Band
180127,The Gary Tesca Orchestra
180128,The Gaslamp Killer
180140,The Gene Dudley Group
180141,The Gene Harris Quartet
180144,The Generators
180150,The Gentle Waves
180157,The George Benson Quartet
180163,The George Twins
180176,The Get Up Kids
180177,The Getaway People
180184,The Ghost Inside
180192,The Gibson Brothers
180194,The Gift - Christmas Chillout Lounge
180199,The Gipsy's
180201,The Girl and the Dreamcatcher
180210,The Gladiator
180221,The Gleeks
180224,The Glitch Mob
180229,The Global Stage Orchestra
180230,The Global Zoe
180235,The Glorious Germania
180244,The Glue
180246,The Go Betweens
180247,The Go Find
180249,The Go! Team
180250,The Go-Go's
180255,The Godfather
180266,The Golden Apple
180270,The Golden Classic
180284,The Golden Hits
180287,The Golden Piano
180288,The Golden Pony
180294,The Golden Sound Orchestra
180301,The Goldenhearts
180303,The Gomb
180304,The Goo Goo Dolls
180327,The Good| The Bad & The Ugly
180343,The Gospellers
180348,The Grace Period
180365,The Grass Roots
180368,The Gravy Train
180369,The Gray Havens
180371,The Grea Test Love Songs In 1960's Vol.2
180392,The Great Merchant OST
180395,The Great Old Ones
180405,The Great Tribute Crew
180409,The Greatest
180410,The Greatest 20 Symphonies
180411,The Greatest Beats
180412,The Greatest Beats & Trap City
180416,The Greatest Hit Squad
180417,The Greatest Love Songs
180418,The Greatest Love Songs In 1960's
180419,The Greatest Love of All
180421,The Green
180423,The Green Children
180428,The Green Lives
180429,The Green Man (TGM)
180430,The Green Mile Soundtrack
180445,The Gregorian Choir
180446,The Gregory Brothers
180448,The Grenadines
180460,The Griswolds
180464,The Groo
180466,The Groove
180469,The Groove Masters
180476,The Growlers
180482,The Guess Who
180488,The Guitars That Rule The World 2
180518,The Haggis Horns
180536,The Hampton String Quartet
180546,The Hanging Tree
180548,The Hangover: Original Motion Picture Soundtrack
180550,The Hannah Lockerman Band
180553,The Hans
180564,The Happy End
180573,The Hard Rockers Band
180587,The Harmony Group
180621,The Hawaiians
180628,The Head And The Heart
180655,The Heavy
180677,The Heller Farley Project featuring Cevin Fisher
180681,The Helsinki Strings
180689,The Heptones
180715,The Hidden Cameras
180716,The Hidden Guy
180718,The Hidden Yards
180725,The High Strung
180726,The High Water Marks
180740,The Hills (CZ)
180742,The Him
180744,The Hindsight
180752,The History Of Apple Pie
180756,The Hit Co.
180757,The Hit Crew
180758,The Hit Crew Kids
180759,The Hit Factory
180764,The Hit Nation
180766,The Hit Party Band
180771,The Hitmakers
180772,The Hitters
180773,The Hives
180774,The Hives & Cyndi Lauper
180776,The Hobbit: An Unexpected Journey O.S.T.
180777,The Hobbit: The Battle of the Five Armies O.S.T.
180789,The Hollies
180792,The Holloways
180795,The Hollywood Band
180796,The Hollywood Edge Sound Effects Library
180797,The Hollywood Film Orchestra
180802,The Hollywood Rhythms Orchestra
180807,The Hollywood Strings
180808,The Hollywood Studio Orchestra
180812,The Hollywood Symphony Orchestra & Chorus
180836,The Honeydrippers
180846,The Hood Internet
180851,The Hoopers
180852,The Hoosiers
180853,The Hooters
180860,The Hoppers
180866,The Horror Theme Ensemble & Scary Sounds
180868,The Horrors
180870,The Horseriders
180875,The Hot Club of San Francisco
180876,The Hot Damns
180877,The Hot Foxes
180892,The Hottest BBQ Album
180899,The Hours
180903,The House Master Boyz
180916,The Hues Corporation
180926,The Human League
180936,The Hunger Games: Catching Fire [Deluxe Edition]
180937,The Hunger Games: Mockingjay - Part I
180938,The Hunger Games：Songs from District 12 and Beyond
180944,The Husel
180955,The Hype Theory
180970,The Icarus Account
180971,The Ice Crystal Orchestra Presents Christmas Chime
180973,The Icicle Works
180980,The Ides Of March
180993,The Impellers
181000,The Impressions
181010,The Incredibles
181013,The Incy Wincy Spider & Songs for Kids & Nursery Rhymes
181028,The Ink Spots
181033,The Innocence Mission
181042,The Instigator
181044,The Instructor
181046,The Instrumental Orchestra
181061,The Internet
181063,The Internet feat. Kaytranada
181070,The Invisible
181077,The Irish Drinking Song| Dancing| and Jig Band
181081,The Irish Rovers
181091,The Island
181092,The Island Ukulele Kings
181096,The Islandors| Cold Play & Steel Performances
181098,The Isley Brothers
181114,The J. Geils Band
181124,The Jack Moves
181129,The Jacksons
181130,The Jacky Terrasson Jazz Trio
181133,The Jades
181139,The Jam
181143,The Jamborees
181155,The Janes
181157,The Janoskians
181158,The Japanese House
181159,The Japanese Popstars
181166,The Jayhawks
181171,The Jaz
181176,The Jazz Christmas
181180,The Jazz Crusaders
181185,The Jazz House Independent| Vol. 5
181186,The Jazz June
181187,The Jazz Lounge Niki Band
181205,The Jeff Healey Band
181220,The Jesus And Mary Chain
181225,The Jets
181230,The Jezabels
181237,The Jimmy Bruno Group
181238,The Jimmy Castor Bunch
181259,The Joe Perry Project
181274,The John Davis Band
181289,The Johnny Staats Project
181290,The Johnnys
181297,The Jolly Boys
181302,The Jon Spencer Blues Explosion
181305,The Jones Girls
181315,The Joy Formidable
181319,The Juan MacLean
181325,The Judies
181333,The Jukks
181348,The Jungle Giants
181350,The Junior Varsity
181352,The Junkyard Dogs
181366,The Kara-Okey Band
181369,The Karaoke Channel
181370,The Karaoke Chart Hit Smashers
181371,The Karaoke Crew
181372,The Karaoke Crooning| Swing and Jazz Band
181375,The Karaoke Kid
181377,The Karaoke Love Band
181378,The Karaoke Lovers
181380,The Karaoke Party Poppers
181389,The Katherines
181403,The Kenny Clarke - Francy Boland Big Band
181404,The Kenny Clarke| Francy Boland Big Band
181405,The Kenny G. Tribute
181412,The Key of Awesome
181416,The Kiboomers
181419,The Kicks
181422,The Kid Bootz
181432,The Kids Beat Band
181446,The Killerhertz
181448,The Killers
181452,The Kills
181455,The Kin
181457,The King Blues
181458,The King Brothers
181470,The King's Singers
181474,The King's Son
181475,The King's Speech OST
181476,The Kingbees
181483,The Kings Pond Shantymen
181485,The Kingsmen
181489,The Kinks
181494,The Kissaway Trail
181495,The Kissboyz
181497,The Kisslcats
181500,The Kitchen (더 키친)
181503,The Kite Runner
181511,The Klezmer Lounge Band
181513,The Klubbfreak
181514,The Knack
181521,The Knocks
181524,The Knocks| Matthew Koma
181534,The Kooks
181541,The Kosher Crew
181551,The Kungoskun
181559,The L Word: The Second Season
181560,The L.A. B.Z.
181564,The LA Love Song Studio
181566,The LADYBIRD
181570,The La La Land Blues Band
181571,The La's
181577,The Lads
181579,The Lady-Original Soundtrack
181594,The Landing
181608,The Last 5 Years
181612,The Last Band
181619,The Last Dance Of The Night
181625,The Last Goodnight
181626,The Last Guy| Lost Girls
181630,The Last King of Scotland
181633,The Last Morning Soundtrack
181637,The Last Samurai
181638,The Last Shadow Puppets
181643,The Last Traces
181647,The Late Cord
181656,The Latin Jazz Quintet & Eric Dolphy
181666,The Laurie Berkner Band
181673,The Lawrence Arms
181686,The Lee's
181691,The Legend
181699,The Legendary Music Box| Vol. 4
181704,The Legends
181710,The Lemon Twigs
181711,The Lemonheads
181720,The Letter
181722,The Letter Black
181728,The Libertines
181735,The Life Aquatic
181742,The Lighthouse All-Stars
181746,The Like
181752,The Lime
181755,The Limousines
181764,The Lion King: Original Broadway Cast Recording
181778,The Little Kidz Band
181783,The Little Ones
181789,The Little Series
181790,The Little Singers
181794,The Little Willies
181798,The Lively Ones
181799,The Lively Ones/The Surf Mariachis
181808,The Living Raw
181810,The Living Sisters
181828,The London Cello Sound
181830,The London Double Bass Sound
181836,The London Film Score Orchestra
181851,The London Philharmonic Orchestra
181855,The London Pops Orchestra
181866,The London Symphony Orchestra-Braveheart
181871,The London Theatre Orchestra & Cast
181872,The London Theatre Orchestra and Cast
181877,The Lone Bellow
181879,The Lone Ranger: Wanted
181885,The Lonely Island
181894,The Long Blondes
181896,The Long Lost Band
181905,The Look Of Love
181908,The Loose Cannons
181914,The Lord Of The Rings
181922,The Losers
181941,The Louis Stewart Trio
181951,The Love Allstars
181968,The Love Song Machine
181970,The Love Songs Band
181973,The Love Songs Of Motown
181990,The Lovin' Spoonful
181997,The Lox
182001,The Lucksmiths
182006,The Lucky one－O.S.T
182012,The Lumineers
182015,The Lurkers
182021,The Lylas
182022,The Lyndhurst Orchestra|Lisa Gerrard|Gavin Greenaway|Hans Zimmer
182029,The M Machine
182031,The M.F.B.
182040,The MNKD
182047,The Maccabees
182059,The Madison Collective
182060,The Madison Letter
182071,The Magic Movie Orchestra
182076,The Magical Singers
182077,The Magician
182094,The Main Ingredient featuring Cuba Gooding
182095,The Main Level
182100,The Maine
182101,The Majestics
182115,The Mama's And The Papa's
182116,The Mamas & The Papas
182117,The Mamas The Papas
182135,The Manhattan Transfer
182136,The Manhattans
182146,The Maoris
182147,The Mar-Keys
182167,The Mark Allaway Quartet
182171,The Marketts
182176,The Marriage Of Figaro (Highlights)
182183,The Marshmallow Kisses
182188,The Marvelettes
182189,The Marvelous Wonderettes
182190,The Mary Onettes
182212,The Matrix
182218,The Mavericks
182221,The Mayfield Four
182229,The McClymonts
182241,The Meantraitors
182254,The Mega Giants
182255,The Megaphone State
182262,The Melachrino Strings and Orchestra
182268,The Melodians
182269,The Melodic
182271,The Melos Ensemble of London
182284,The Menzingers
182288,The Mercury Program
182294,The Merry Christmas Players
182295,The Merry Christmas Players & Christmas Lullaby Music Maestro & Rudolph The Red-Nosed Reindeer
182309,The Merry Yuletide Singers
182312,The Merton Parkas
182319,The Metal Heroes
182321,The Metatrons
182323,The Meters
182328,The Metropolitan Philharmonic Orchestra
182329,The Metros
182331,The Mguys
182332,The Miceteeth
182335,The Michael Garson Ensemble
182347,The Mick Lloyd Connection
182352,The Middle East
182355,The Midnight
182357,The Midnight Blue Band
182359,The Midnight Hours
182375,The Mighty Jones
182383,The Mighty Schooners
182390,The Milk
182391,The Milk Carton Kids
182402,The Mills Brothers
182409,The Mindoor
182411,The Minions Band
182418,The Minutes
182419,The Miracles
182420,The Miracles Club
182425,The Mirror Has Two Faces - Music From The Motion Picture
182427,The Misfits
182431,The Missendens
182438,The Missourians
182468,The Modern Jazz Quartet
182480,The Moffats
182481,The Moffatts
182488,The Moldy Peaches
182491,The Moleskins
182495,The MonStars
182503,The Monitors
182504,The Monkees
182522,The Montreal Children's Workshop
182525,The Moody Blues
182553,The Mormon Tabernacle Choir
182558,The Morning Benders
182559,The Morning Call
182570,The Mortal Instruments: City of Bones (Original Motion Picture Soundtrack)
182572,The Most Beautiful Night Music
182576,The Most Hot Ad Sound Tracks
182577,The Most Powerful Dancing Collegtion
182580,The Most Relaxing Guitar Album In The World... Ever!
182584,The Most Sexy Songs
182589,The Moth & The Flame
182598,The Mountain Goats
182602,The Mountains
182605,The Move
182610,The Movie Masters
182613,The Moving Pictures
182614,The Mowgli's
182616,The Mozart Effect
182617,The Mozart Effect Music for Babies
182636,The Munros| The MacDonald Brothers| Rockburn| The Munros| Rockburn| The MacDonald Brothers
182637,The Muppets
182649,The Museum
182652,The Music Behind The Magic
182653,The Music Box
182663,The Music Of Andrew Lloyd Webber
182672,The Musical Orchestra
182678,The Musicals
182679,The Musicmakers
182686,The MuthaFunkaz
182689,The Mynabirds
182699,The N.W.A Legacy Volume 1 1988-1998
182709,The Naked And Famous
182710,The Naked Brothers Band
182711,The Name
182716,The Narrative
182729,The Nat King Cole Trio
182732,The National
182750,The Natural Four
182763,The Nectarine No.9
182771,The Neighbourhood
182775,The Nels Cline Singers
182777,The Neon Crew
182780,The Neptunes
182783,The Network
182787,The Never Land Pirate Band
182791,The Neville Brothers
182794,The New Age
182797,The New Age Orchestra & Voices
182804,The New Beatles
182805,The New Birth
182807,The New Black
182819,The New Company
182827,The New Electric Sound
182830,The New England Children's Choir
182831,The New England Children's Choir & Orchestra
182839,The New Guy - Music From The Motion Picture
182850,The New Lost City Ramblers
182854,The New Mastersounds
182859,The New Musical Cast
182870,The New Pornographers
182884,The New Spring
182894,The New Tigers
182905,The New World Orchestra With Merv Young
182910,The New York Jazz Guitar Ensemble
182917,The Newton Brothers
182932,The Nicol Kings
182939,The Night VI
182944,The Nightcrawlers
182952,The Ninja Turtles
182955,The Nitty Gritty Dirt Band
182961,The Nod
182969,The Noisy Freaks
183003,The Nossa Band
183010,The Notorious B.I.G.
183014,The Noumenon
183017,The Nucleus
183023,The Nursery Rhymes Superstar
183024,The Nuts
183030,The O'Jays
183031,The O'Neill Brothers
183032,The O'Neill Brothers Group
183033,The O'Neill Brothers Group| Acoustic Christmas| Christmas Music
183035,The O'Neill Brothers Group| Christmas Hits|Christmas Songs & Christmas| Christmas Songs Music
183064,The Ocean Blue
183076,The Official (Karaoke)
183079,The Offspring
183080,The Oh Hellos
183081,The Oh! Addicted to Bass vinyl 2
183105,The Olivia Project
183107,The Olms
183110,The Olympics
183113,The Once
183116,The One AM Radio
183134,The Open
183142,The Orange Cats
183145,The Orange Peels
183146,The Orb
183157,The Organ
183164,The Original Broadway Cast Of My Fair Lady
183165,The Original Broadway Cast Of Of Thee I Sing
183167,The Original Broadway Cast Of School Of Rock
183173,The Original Karaoke
183175,The Original London Cast Recording
183177,The Original Moments Band
183179,The Original Movies Orchestra
183181,The Original Red Light District Orchestra
183196,The Ornette Coleman Trio
183200,The Orwells
183203,The Oscar Hollywood Musicals
183205,The Oscar Peterson Trio
183210,The Osmonds
183213,The Other Eric
183219,The Others
183221,The Out Islanders
183228,The Outlaws
183231,The Outside Agency
183235,The Overseer
183238,The Overtunes
183245,The PB Underground
183248,The Pack
183249,The Pack A.D.
183250,The Paddingtons
183259,The Pains Of Being Pure At Heart
183286,The Parakit
183301,The Parkinson
183312,The Party
183320,The Party People
183328,The Partysquad & Rob Pix
183358,The Paul Whiteman Swing Wing & The Modernaires featuring Jack & Charlie Teagarden
183378,The Peddlers
183379,The Pedrito Martinez Group
183404,The Perishers
183423,The Phantom of the opera
183424,The Phantoms
183425,The Pharcyde
183435,The Philadelphia Orchestra
183442,The Philharmonia Orchestra
183463,The Piano Bar
183464,The Piano Christmas
183465,The Piano Christmas Trio
183470,The Piano Guys
183472,The Piano Guys featuring Peter & Evynne Hollens
183479,The Piano Man
183481,The Piano Music Man| Lullaby Baby Band| Sleeping Baby Band
183483,The Piano Player
183485,The Piano Solo Presenters
183497,The Pierces
183499,The Pigeon Detectives
183506,The Pineapple Thief
183527,The Pittsburghers
183545,The Platters
183550,The Platters| Paul Anka
183556,The Playground
183569,The Pogues
183574,The Pointer Sisters
183577,The Polar Express Soundtrack
183579,The Police
183604,The Pop Princess
183615,The Popstar Band
183620,The Position
183622,The Postal Service
183623,The Postelles
183624,The Posterz
183631,The Poverty Plainsmen
183635,The Power Of Christmas Singers
183639,The Power and the Glory
183659,The Presets
183662,The Presidents Of The United States Of America
183664,The Press
183667,The Pretenders
183671,The Pretty Reckless
183674,The Pretty Woman Singers 6 Orchestra
183683,The Priests
183688,The Primmers
183693,The Princess and the Frog
183697,The Prisoners Dilemma
183700,The Proclaimers
183702,The Prodigy
183730,The Psychedelic Furs
183736,The Psycho Realm
183743,The Punching Contest
183745,The Puppini Sisters
183747,The Pure Conjecture
183753,The Pusher
183758,The Pyramids
183761,The Qemists
183762,The Qemists Featuring Jenna G
183763,The Qneatest Euen Musicals CHICAGO
183779,The Quiett
183790,The R.O.C.
183794,The ROOTLESS
183795,The RPG Cyber Orchestra
183798,The RZA Hits
183807,The Radio
183808,The Radio Dept.
183815,The Rah Band
183818,The Rail Gun Ensemble
183819,The Railers
183822,The Rain
183823,The Rain Garden  (Chris Conway & Carl Peberdy)
183842,The Ramona Flowers
183848,The Range
183854,The Rapture
183858,The Rasmus
183859,The Raspberries
183862,The Rat Pack
183868,The Raveonettes
183871,The Ray Conniff Singers
183883,The Ready Set
183885,The Real ABBA Gold (ABBA tribute band)
183886,The Real Booty Babes
183890,The Real Estate Agents
183893,The Real Group
183909,The Reason 4
183921,The Red Army Choir
183930,The Red Giants
183933,The Red Jumpsuit Apparatus
183946,The Reddings
183955,The Rees Shad Band
183962,The Reg Project
183977,The Regrettes
183985,The Relativez
183986,The Relaxation Factory
183987,The Relaxation Masters
183995,The Rembrandts
183996,The Reminders
184003,The Rentals
184008,The Replacements
184011,The Rescue
184030,The Retro Spectres
184051,The Revolutionary Eseibio The Automatic
184059,The Rhythm Slaves
184084,The Rifles
184089,The Right Now
184090,The Righteous Brothers
184102,The Riplets
184103,The Rippingtons
184118,The Rival
184139,The Road Hammers
184143,The Roadside Inn
184159,The Rock Band
184160,The Rock Crew
184162,The Rock Gods
184163,The Rock Heroes
184169,The Rock Masters
184174,The Rock n Roll Players
184179,The Rocker (Motion Picture Soundtrack)
184199,The Rogers Sisters
184207,The Rolling Stones
184216,The Romantic Band
184226,The Romantics
184231,The Ronettes
184235,The Rooftop Singers
184241,The Roots
184249,The Rose Blooming At Night
184256,The Rosebuds
184269,The Routers
184291,The Royal Concept
184296,The Royal Festival Orchestra
184297,The Royal Festival Orchestra| Conducted By William Bowles
184301,The Royal Foundry
184302,The Royal Guardsmen
184316,The Royal Philharmonic Orchestra
184326,The Royal Soundtrack Band
184338,The Royal Wedding Band
184342,The Royals
184354,The Rubens
184355,The Rubettes
184369,The Rumour Said Fire
184374,The Runaways
184379,The Runway
184382,The Rurals
184383,The Russia House
184384,The Russian Futurists
184403,The SHRINE
184415,The Sad Love Story
184442,The Salty Suites
184457,The Santa Claus Band
184458,The Sapphires Soundtrack
184463,The Saturdays
184478,The Saxophone Orchestra
184479,The Saxophones
184487,The Scarlet Pimpernel
184510,The Score
184514,The Scott Brothers
184521,The Screaming Jets
184524,The Screentones
184526,The Script
184527,The Script feat. will.i.am
184536,The Sea Change
184538,The Sea and Cake
184542,The Seal Breakers
184546,The Sean O'Neill Singers
184554,The Seasons
184564,The Secret Garden - The Original Broadway Cast Album
184569,The Secret Life Of Walter Mitty
184573,The Secret Sisters
184577,The Secret of Esrever
184586,The Seekers
184595,The Senator Singers
184605,The Sentinals
184612,The Servant
184614,The Seshen
184615,The Session Boys
184618,The Sessions Voices
184623,The Seven Mile Journey
184644,The Shadows
184645,The Shadows/The Ventures
184660,The Shallows
184666,The Shanghai Restoration Project
184673,The Shapeshifters
184675,The Shapeshifters & Chic
184688,The Sheepdogs
184705,The Shine & Shine & Shine & Shine
184707,The Shins
184715,The Shires
184717,The Shivers
184718,The Shock Band
184719,The Shocking Blue
184720,The Shoes
184730,The Shouting Matches
184731,The Show
184733,The Showcast
184735,The Shower Club
184736,The Shower Song
184753,The Sign Posters
184759,The Silent Jazz Trio
184766,The Silk Road Ensemble
184773,The Silver Lake Chorus
184779,The SilverBacks
184799,The Singers & Swingers
184809,The Singles
184818,The Sisterhood Of The Traveling Pants (Motion Picture Soundtrack)
184819,The Sisterhood Of The Traveling Pants 2 Soundtrack
184837,The Sixteen| Eamonn Dougan
184842,The Skatalites
184846,The Sketchbook
184849,The Skins
184855,The Skull
184862,The Skygreen leopards
184864,The Skyscrapers
184871,The Sleepers RecordZ
184898,The Smash Hit Band
184900,The Smashing Pumpkins
184908,The Smiths
184921,The Smooth Sax Man
184922,The Smurfs OST
184933,The Snow
184949,The Socks
184957,The Soft Hills
185002,The Soul Balladeers
185034,The Sound Of Music
185035,The Sound Of Music - 45th Anniversary Edition
185037,The Sound Of Revealed 2012
185038,The Sound Of Siam
185041,The Sound System
185043,The Sound of Music
185044,The Sound of Music - The Collector's Edition
185045,The Sound of Musical Orchestra
185047,The Sounds
185057,The Soundwaves
185076,The Spacies
185078,The Spaniels
185080,The Spanish Guitar
185089,The Sparks Of Rhythm
185093,The Specials
185104,The Spencer Davis Group
185120,The Spirit of Yoga
185143,The Springfields
185159,The Stalingrad Philarmonic Orchestra
185176,The Starlight Orchestra
185182,The Starting Line
185191,The Statler Brothers
185193,The Staves
185200,The Steeldrivers
185201,The Steelers
185208,The Steve & Ben Somers Country Band
185215,The Sticky Fingers Ltd.
185219,The Stills
185226,The Stone Roses
185229,The Stooges
185233,The Story So Far
185241,The Str8jackets
185246,The Strange Boys
185247,The Strange Familiar
185255,The Stray
185262,The Streets
185263,The Streets Of New Orleans
185279,The Strokes
185281,The Strumbellas
185282,The Struts
185284,The Strypes
185296,The Styles
185297,The Stylistics
185298,The Subdudes
185299,The Submarines
185303,The Subways
185307,The Suffers
185311,The Sugarcubes
185312,The Sugarhill Gang
185314,The Sugarman
185315,The Sugarman 3
185325,The Summer Hits Band
185327,The Summer Set
185339,The Sun and the Sea
185344,The Sunday Promise
185345,The Sundays
185348,The Sunrays
185352,The Sunset District
185357,The Sunshine Orchestra
185366,The Super Ball
185367,The Super Hot Hitmakers
185372,The Super Stocks
185378,The Supermen Lovers
185380,The Supernaturals
185389,The Supreme Action League
185392,The Supreme Jubilees
185393,The Supreme Team
185394,The Supremes
185397,The Surf Stompers [Bruce Johnston]
185407,The Sutherland Brothers
185434,The Sweet Vandals
185437,The Sweetest Moment
185439,The Sweetwater
185441,The Swell Season
185454,The Swinging Blue-Jeans
185455,The Swingle Singers
185457,The Swiss
185478,The Symphony Orchestra of the Bulgarian National Radio & Milen Nachev
185502,The Tadcasters
185508,The Tallest Man On Earth
185514,The Tango Project
185520,The Tatianas
185526,The Tearaways
185528,The Tech Thieves
185536,The Teenage Dreamers
185537,The Teenagers
185540,The Teknoist
185545,The Temper Trap
185551,The Temptations
185553,The Temptations| Eddie Kendrick
185556,The Ten Tenors
185558,The Tenants Downstairs Original Soundtrack
185566,The Tesca Soundmachine
185572,The Texas Tenors
185574,The The
185577,The Theme Song
185578,The Theme Song Of Love
185579,The Theme System
185583,The Thermals
185592,The Third Guitar
185600,The Three Degrees
185605,The Three Sounds
185607,The Three Suns
185611,The Thrillseekers
185616,The Tibbs
185622,The Tide
185625,The Tierney Sutton Band
185642,The Ting Tings
185654,The Tokens
185659,The Tom Toms
185667,The Tontons
185671,The Tony Rich Project
185674,The Toothaches
185678,The Top MC's
185687,The Torpedoes
185691,The Tourist
185696,The Tower Boyz
185699,The Toxic Avenger
185701,The Toy Dolls
185704,The Tractors
185705,The Traditional Chinese Music Institute
185707,The Tragically Hip
185713,The Trammps
185728,The Travelin' McCourys
185735,The Treatment
185741,The Treme Brass Band
185745,The Trendy Eastern
185747,The Treorchy Male Voice Choir
185749,The Tribeman| Mi Azeredo
185752,The Tribute Co.
185754,The Tribute Team
185757,The Tricks
185762,The Trip
185768,The Troggs
185776,The Trucks
185781,The True Star
185794,The Tubes
185812,The Turtles
185813,The Tuscano Festival Orchestra
185823,The Twin (Boy George)
185824,The Twinkle Brothers
185836,The Tyde
185853,The Ukulele Boys
185858,The Ultimate
185862,The Ultimate Classical Christmas
185867,The Ultimate Jazz Christmas
185872,The Ultimate Workout Collection: Blood Sweat And Tears
185888,The Underachievers
185893,The Underdog Project
185918,The Unik
185948,The Unknown Songbird
185950,The Unlikely Candidates
185954,The Unplugged Band
185958,The Unspoken Rules
185979,The Used
185988,The Vaccines
186007,The Vamps
186008,The Vamps| Matoma
186021,The Vapors
186025,The Vaselines
186028,The Veer Union
186032,The Veggers
186033,The Veils
186038,The Velvet Underground
186045,The Ventures
186054,The Veronicas
186057,The Verve
186058,The Verve Pipe
186060,The Very Best Of Handel
186061,The Very Best Of Stil vor Talent Digital
186062,The Very Best of Debussy
186064,The Very Best of Poulenc
186068,The Very Best of Stravinsky
186069,The Very Best of Tchaikovsky
186074,The Very Thought Of You: Jazz For Lovers
186094,The View
186097,The Village
186100,The Village Stompers
186105,The Vines
186116,The Virgin Suicides - Original Soundtrack
186120,The Virgins
186137,The Voice Of Germany
186148,The Voltages
186162,The Voyagers ft. Haris
186173,The Wailin' Jennys
186185,The Walker Brothers
186186,The Walkers
186188,The Walking Dead (AMC’s Original Soundtrack – Vol. 1)
186191,The Walking Who
186196,The Wallflowers
186199,The Walls Group
186202,The Waltz Symphony Orchestra
186209,The Wannadies
186211,The Wanted
186212,The War On Drugs
186219,The Warm Fuzzies
186243,The Way
186254,The Ways Band
186261,The Weather Girls
186267,The Weavers
186273,The Weber Brothers
186278,The Wedding Collection
186287,The Wedding Present
186288,The Wedding Singers
186289,The Weekend
186296,The Weeknd
186299,The Weepies
186300,The Weeping Angels
186311,The Well Reds
186312,The Wellness Co.
186320,The Werewolves of Claremont
186331,The West End Orchestra And Singers
186338,The Westway Studio Orchestra
186344,The What a Wonderful World Band
186350,The Wheels On The Bus
186354,The Whigs
186368,The Whispers
186372,The White Album
186373,The White Birch
186377,The White House
186380,The White Love
186381,The White Love III
186382,The White Love IV
186390,The White Stripes
186391,The White Tie Affair
186394,The Whitest Boy Alive
186397,The Whitsundays
186398,The Who
186409,The Wiggles
186416,The Wild Feathers
186419,The Wild Original Soundtrack
186420,The Wild Party
186432,The Wildhearts
186441,The Willow
186443,The Winachi Tribe| Sense Of Danger
186446,The Wind and The Wave
186451,The Windy Hills
186452,The Winery Dogs
186457,The Wipers
186464,The Wishing Stars
186466,The Witches of Eastwick - Original London Cast
186471,The Wittenberg Doors
186474,The Wizard
186481,The Wolf Myer Orchestra & Parov Stelar
186484,The Wolfe Brothers
186487,The Wolfgang Press
186493,The Wombats
186495,The Wonder Kids
186506,The Wood Brothers
186511,The Wooden Tanks
186514,The Woodlands
186523,The Word Alive
186526,The Workday Release
186527,The Workhouse
186530,The Workout Heroes
186539,The World Famous Supreme DJs
186541,The World Is A Beautiful Place & I Am No Longer Afraid To Die
186548,The World of
186554,The Worship Creative
186555,The Worship Crew
186556,The Worship Leaders' Collection
186557,The Worst Cover Band Of The World
186561,The Wreckers
186575,The X Files - I Want to Believe
186578,The X-Files Theme
186579,The X-Files：Fight The Future Original Motion Picture Score
186581,The X-Mas Snow Band
186588,The Xmas Rock Band
186590,The Xmas Specials
186591,The Xmas Specials & Christmas Celebrities & We Wish You a Merry Christmas
186593,The Xmas Specials| Cool Jazz Music Club| Xmas Collective
186597,The Xpo & TJ
186604,The Yardbirds
186629,The Yoga Mantra and Chant Music Project
186630,The Yoga Specialists
186634,The Yordles
186643,The Young Knives
186645,The Young Professionals
186648,The Young Romans
186653,The Yowl
186654,The Yuletide Christmas Orchestra| Christmas Favourites
186678,The Zombie Kids
186679,The Zombies
186685,The baby's classical music sky
186689,The children's Song Prevails
186693,The fin.
186700,The making of summit
186701,The mirror
186702,The music
186706,The one that got away
186713,The xx
186717,The-Dream
186719,The5
186724,TheAtlanticCraft
186732,TheFatRat
186758,Theatre Film Ensembles
186762,Theatre Of Tragedy
186764,Theatres Des vampires
186774,Thee Deacons
186780,Thee Image
186789,Thee Oh Sees
186793,TheeAware1
186797,Theholyc
186798,Theia
186799,Their Decay
186804,Thelma Aoyama (青山テルマ)
186805,Thelma Houston
186806,Thelma Jones
186809,Thelonious Monk
186813,Thelonious Monk Piano Solo| Thelonious Monk Trio| Thelonious Monk Quartet
186826,Thelonius Monk with John Coltrane
186829,Them
186838,Them Swoops
186841,Thematic Pianos
186842,Thematic Pianos| Anime Kei| Harajuku Nation
186846,Theme
186850,Theme Park
186852,Theme Team
186864,Theo Bleckmann  & Kirk Nurock
186866,Theo Croker
186871,Theo Kgosinkwe
186878,Theo Schwarz
186879,Theo Tams
186894,Theodore Grimm
186896,Theodore Shapiro
186899,Theologian
186901,Theophilus London
186904,Theoretical Girls
186909,Theory Of A Deadman
186911,Theo| Gabe Ramos
186915,Therapy?
186917,There For Tomorrow
186934,Therion
186944,These Animal Men
186947,These Arms Are Snakes
186949,These Beasts
186956,These Kids Wear Crowns
186976,They Might Be Giants
186978,TheyCallMen8
186982,The東南西北
186987,Thiago Bachet| Dj Abeb| Ivan Craft| Michael Clark| Morena| Project 99| Bimz Barley| Frenk DJ| Marco Magrini| Dj Mix Night| Electro Mode| 3MILIANO4YALA| Drymer| Daviddance| Mauricio Rojas| Hydriss| Sokol| Yana Remix4life| DH21| Vicky Hardbeat| LO.CO| Mj M
187000,Thibault Cauvin
187009,Thierry Cojan
187010,Thierry Condor
187020,Thievery Corporation
187028,Thin Lizzy
187039,Think Like A Man (Motion Picture Soundtrack)
187040,Think Pink Floyd
187042,Thinking
187043,Thinking Dogs
187045,Thinking Out Loud & Love Songs & Love Song 101
187047,Thinking out Loud
187053,Third Coast Percussion
187054,Third D3gree
187055,Third Day
187056,Third Eye Blind
187061,Third Party
187068,Third World Love Songs
187073,Thirdstory
187075,Thirsty Merc
187079,Thirteen Senses
187081,Thirty
187084,Thirty Seconds To Mars
187089,This Beautiful Republic
187091,This Century
187108,This Is Bungalow
187113,This Is EDM 2015
187122,This Is Love
187123,This Is Lovers Rock
187125,This Is Music Mania
187126,This Is Popstarz
187127,This Is Radio
187136,This Legend
187138,This Morning Call
187139,This Mortal Coil
187150,This Sound Of Music
187154,This Town Needs Guns
187156,This Warm December: Brushfire Holiday's
187158,This Wild Life
187159,This Will Destroy You
187171,Thisha
187180,Thoedore Shapiro| Ludwig Göransson
187195,Thom Yorke
187202,Thomas  Janeck
187204,Thomas & Friends
187206,Thomas A.S.
187212,Thomas Anders
187229,Thomas Blug
187241,Thomas Cohen
187250,Thomas Decock
187252,Thomas Dolby
187253,Thomas Dutronc
187254,Thomas Dybdahl
187258,Thomas Enhco| Vassilena Serafimova
187261,Thomas Fersen
187262,Thomas Fiss
187265,Thomas Fritzsch
187268,Thomas Gabriel| Jan Masuhr
187271,Thomas Godoj
187272,Thomas Gold
187273,Thomas Gold & Borgeous
187275,Thomas Gold featuring Bright Lights
187277,Thomas Gold vs Lush & Simon
187279,Thomas Gold| Harrison & HIIO
187280,Thomas Gould
187303,Thomas Jack
187304,Thomas Jack| Jasmine Thompson
187309,Thomas Khor 许文友
187314,Thomas Krug
187319,Thomas Lemmer & Sine
187333,Thomas Newman
187334,Thomas Newson
187335,Thomas Newson & Marco V
187342,Thomas Newson| Julian Calor and Joey Dale
187343,Thomas Newson| Magnificence
187347,Thomas P Heckmann
187352,Thomas Prime
187359,Thomas Rhett
187360,Thomas Ring
187365,Thomas Schwartz & Fausto Fanizza
187372,Thomas Stenström
187376,Thomas Tallis
187385,Thomas W. Burghart
187387,Thomas Wander| Harald Kloser
187396,Thomas Zehetmair
187404,Thompson Twins
187410,Thomston| Wafia
187430,Thors
187432,Thorsteinn Einarsson
187438,Thos Henley
187443,Those Dancing Days
187452,Thou
187453,ThouShaltNot
187455,Thought Chamber
187456,Thought Crime
187462,Thousand Foot Krutch
187473,Thrasher Shiver
187475,Thre4t
187478,Threads
187483,Three 6 Mafia
187493,Three Days Grace
187495,Three Dog Night
187506,Three Men With Three Guitars
187521,Threshold
187524,Thrift Shop
187525,Thrift Shop Clan
187530,Thriller U
187533,Thriving Ivory
187534,Throane
187541,Throttle
187543,Through Arteries
187550,Through the Glass
187555,Throw The Fight
187557,ThrowBack
187560,Throwin Bones
187561,Throwing Muses
187569,Thrust
187571,Thränenkind
187578,Thug Entrancer
187579,Thug Life
187581,Thug Poetry
187603,Thunder
187604,Thunder + Ford
187618,Thundercat
187619,Thunderclap Newman
187633,Thurane
187637,Thurston Harris
187638,Thurston Moore
187645,Thy Art Is Murder
187646,Thy Catafalque
187649,Thy Majestie
187656,Thyro & Yumi
187673,TiA
187676,TiMO Odv
187684,Tiago Bettencourt
187699,Tiana feat. Vybz Kartel| Tiana
187712,Tiasa Ray
187717,Tibet - chants sacrés Gelugpa
187718,Tibetan Meditation Music
187719,Tibetan Meditation Music & Mindfulness Oefeningen & Relaxation Big Band
187724,Tibetan Singing Bowls Meditation
187732,Tibor de Machula| Bernhard Paumgartner| Willem van Otterloo
187741,Tick
187757,Tico＆icchie
187759,Tideland Original Motion Picture Soundtrack
187776,Tierney Sutton
187784,Tiesto & Wolfgang Gartner
187785,Tiesto feat. Tegan & Sara
187786,Tiezy
187790,Tiff LaQueen
187791,Tiffany
187793,Tiffany Alvord
187795,Tiffany Alvord & Clara C
187797,Tiffany Alvord & Dave Days
187798,Tiffany Alvord & Francesca Ani
187799,Tiffany Alvord & Future Sunsets
187802,Tiffany Alvord & Jason Chen
187805,Tiffany Alvord & Tanner Patrick
187807,Tiffany Alvord feat. Jervy Hou
187809,Tiffany Alvord feat. Tevin Alvord
187813,Tiffany Bynoe
187815,Tiffany Evans
187817,Tiffany Gouché
187825,TiffanyJ
187826,Tift Merritt
187827,Tiga
187834,Tiger
187837,Tiger Band
187844,Tiger JK
187857,Tigerlily
187864,Tigers Jaw
187867,Tigertown
187872,Tiggs Da Author
187881,Tigran Hamasyan
187922,Tilka
187925,Till I Collapse
187927,Till We Drop
187937,Tilly And The Wall
187944,Tilo Alpermann
187946,Tilt
187964,Tim Bendzko
187965,Tim Bendzko feat. Cassandra Steen
187966,Tim Berg
187976,Tim Buckley
187978,Tim Burton's Corpse Bride Soundtrack
187986,Tim Cheesebrow and the Nomads
188006,Tim Easton
188027,Tim Halperin
188028,Tim Hardin
188030,Tim Hecker
188033,Tim Hicks
188034,Tim Hughes
188053,Tim Le Funk
188054,Tim Leavy
188067,Tim Maia
188069,Tim Mason
188070,Tim Mason and Marrs TV ft. Harrison
188074,Tim McGraw
188075,Tim McGraw and Faith Hill
188077,Tim McMorris
188084,Tim Myers
188096,Tim Omaji
188099,Tim Parsons
188117,Tim Schou
188144,Tim Wynn
188149,Timati
188153,Timaya
188156,Timba Animals
188157,Timbaland
188158,Timbaland & Magoo
188161,Timbaland feat. Dalton Diehl
188163,Timber
188165,Timber Timbre
188173,Timbuktu
188175,Time 25th Anniversary
188184,Time Life
188190,Time To Relax
188203,Time to Burn
188213,Timeflies
188223,Times New Viking
188233,Timi Yuro
188246,Timmy Trumpet
188250,Timmy Trumpet| Savage| Timmy Trumpet| Savage
188254,Timo Chen| Noughts and Exes
188258,Timo Maas
188262,Timo Räisänen
188265,Timo Tolkki’s Avalon
188266,Timofei Dokshitser
188268,Timomatic
188276,Timothy
188277,Timothy  Anderson
188286,Timothy Duncan Hill
188289,Timothy J. Wilson
188297,Timothy Lynch
188298,Timothy Martin
188323,Tina Arena
188328,Tina Charles
188329,Tina Cousins
188332,Tina Guo
188350,Tina Turner
188359,Tinariwen
188360,Tinashe
188363,Tinashe feat. A$AP Rocky
188365,Tinashe feat. Devonté Hynes
188366,Tinashe feat. Iggy Azalea
188367,Tinashe feat. Jeezy
188368,Tinashe feat. Schoolboy Q
188369,Tinbone
188370,Tinchy Stryder
188373,Tindersticks
188376,Tine Velvet
188386,Tinie Tempah
188387,Tink
188390,TinkaBelle
188394,Tinlicker
188408,Tino Rossi
188413,Tinsel Town Kids
188433,Tiny Legs Tim
188453,Tion Phipps
188471,Tipsy
188481,Tired Pony
188489,Tirzah
188505,Titanic
188509,Titanic: Anniversary Edition－ O.S.T.
188510,Titanic: Collector’s Anniversary Edition - O.S.T.
188511,Titanium
188513,Titanium I Am Titanium
188516,Tite Chavez
188528,Tito 'El Bambino' El Patrón
188533,Tito Gobbi
188544,Tito Puente & His Latin Ensemble
188546,Tito Puente And His Orchestra
188547,Tito Puente Woody Herman
188559,Tito puente
188562,Titou Le Lapinou
188568,Titus Andronicus
188575,Tiwa Savage
188582,Tiziana
188587,Tiziano Ferro
188593,Tizzy Bac
188598,Tiên Tiên
188600,Tiësto
188602,Tiësto and Armin van Buuren
188603,Tiësto and Sneaky Sound System
188608,Tiësto featuring BT
188609,Tiësto featuring Kirsty Hawkshaw
188610,Tiësto| Allure
188611,Tiësto| Diplo
188614,Tiësto| Oliver Heldens
188615,Tiësto| Quintino & Alvaro
188616,Tiësto| Showtek
188617,Tiësto|KSHMR
188627,Tjuva
188634,Tk n Cash
188635,Tkay Maidza
188659,To Be Frank
188666,To Kill A King
188668,To Lie (トゥライ)
188686,To walk latino
188691,ToCo Summer Dance
188693,ToNick
188695,Toad The Wet Sprocket
188696,Toast Dawg
188698,Tobacco
188709,Tobias Jesso Jr.
188710,Tobias Platero
188716,Tobias Wilden
188727,Tobo Yoshino
188729,Tobtok
188730,Tobu
188735,Toby Jepson
188738,Toby Keith
188739,Toby Lightman
188740,Toby Love
188742,Toby Mak
188751,Toc Tien
188753,Tocadisco
188772,Todays Hits
188776,Todays Hits!| Todays Hits
188785,Todd Carey
188786,Todd Clouser
188801,Todd Levy| Jeannie Yu
188806,Todd Rundgren
188813,Todd Terje
188814,Todd Terje & The Olsens
188819,Todd Terry| Stuart Ojelay
188827,Toddla T
188828,Toddla T Sound
188830,Toddla-T & Shola Ama
188855,Tognarelli & Bertani
188856,Togun
188859,Toheart (WOOHYUN & KEY)
188861,Tohoshinki (東方神起)
188865,Toito
188875,Toki
188877,Toki Wright
188878,Tokimeki Sendenbu (ときめき♡宣伝部)
188879,Tokimonsta
188880,Tokio
188881,Tokio Hotel
188886,Tokoni feat. Leah & Justusme
188898,Tokyo Girls' Style (東京女子流)
188900,Tokyo Incidents (東京事変)
188902,Tokyo Jazz Lounge
188906,Tokyo Lounge 3
188907,Tokyo Machine
188911,Tokyo Performance Doll
188912,Tokyo Philharmonic Orchestra (東京フィルハーモニー交響楽団)
188913,Tokyo Police Club
188919,Tokyo Ska Paradise Orchestra (東京スカパラダイスオーケストラ)
188923,Tokyo VIP Lounge
188949,Tolya Vetrennyy
188953,Tom & Hills
188955,Tom & Jame and Robin Riccio
188963,Tom Aspaul
188964,Tom Astor
188965,Tom B.
188971,Tom Baxter
188985,Tom Bro
188987,Tom Browne
188995,Tom Cat
188996,Tom Chaplin
188999,Tom Cloud
189011,Tom DeLonge
189019,Tom Evans
189021,Tom Fall| JES
189026,Tom Ferro| Gil Sanders
189027,Tom Ferry| Cureton
189049,Tom Grennan
189053,Tom Harrell
189064,Tom Holkenborg (Junkie XL)
189069,Tom Infante
189075,Tom Jones
189084,Tom Kerstens
189105,Tom Lustig
189109,Tom Mason| The Blue Buccaneers
189110,Tom McCaffrey
189114,Tom McRae
189118,Tom Middleton
189119,Tom Misch
189122,Tom Misch feat. Loyle Carner
189126,Tom Morello: The Nightwatchman
189135,Tom Odell
189138,Tom Paxton
189139,Tom Petty
189140,Tom Petty And The Heartbreakers
189148,Tom Reason
189156,Tom Rosenthal
189168,Tom Shopper
189175,Tom Snare & Mico C
189176,Tom Speight
189180,Tom Staar & Still Young
189181,Tom Staar feat. In Atlanta
189183,Tom Stephan
189190,Tom Swift
189191,Tom Swoon
189193,Tom Swoon & Kerano feat. Cimo Fränkel
189194,Tom Swoon & Paris Blohm feat. Hadouken!
189195,Tom Swoon & Swanky Tunes
189196,Tom Swoon feat. Miss Palmer
189197,Tom Swoon feat. Ruby Prophet
189198,Tom Swoon feat. Taylr Renee
189199,Tom Swoon vs. Ale Q & Sonny Noto
189201,Tom Swoon| Lush & Simon
189202,Tom Swoon| Mosimann
189203,Tom Swoon| Paris & Simo
189214,Tom Tom Club
189219,Tom Tykwer
189226,Tom Veck
189231,Tom Waits
189232,Tom Waits & Crystal Gayle
189237,Tom Wernigg
189247,Tom and Angela
189251,Tom and Sara
189258,Toma Love Child
189261,Tomahawk
189263,Tomandandy
189273,Tomas Heredia
189295,Tomatito
189297,Tomax Drex| Sergio Pardo
189320,Tomiko Van (伴都美子)
189324,Tommaso Cappellato
189330,Tommie Sunshine & Deorro
189331,Tommie Sunshine & GLOWINTHEDARK feat. T3nbears
189332,Tommie Sunshine & Halfway House
189335,Tommie Sunshine & Vince Moogin
189347,Tommy Bark
189354,Tommy Boy Fitness Presents Sweat [Continuous DJ Mix by Cajjmere Wray]
189356,Tommy Cash
189365,Tommy Dorsey
189367,Tommy Dorsey & His Orchestra
189377,Tommy Emmanuel
189379,Tommy February6
189383,Tommy Flanagan Trio
189391,Tommy Grooves
189392,Tommy Guerrero
189396,Tommy Heavenly6
189402,Tommy James
189403,Tommy James And The Shondells
189405,Tommy Johnson
189437,Tommy Page
189456,Tommy Shafer
189472,Tommy Tate
189478,Tommy Trash
189479,Tommy Trash & Burns
189481,Tommy Trash feat. JHart
189502,Tomoaki Yamaya
189509,Tomohisa Sako (佐香 智久)
189518,Tomomi Tanimoto (谷本知美)
189520,Tomorrow
189524,Tomorrowland
189529,Tomoyasu Hotei (布袋寅泰)
189543,Ton Koopman
189544,Ton Koopman and the Amsterdam Baroque Orchestra
189556,Tone
189559,Tone Damli
189569,Tone-Loc
189574,Tonedeff
189576,Toners
189578,Tones On Tail
189582,Tonethegoat
189596,Tongues.
189599,Toni Basil
189602,Toni Braxton
189603,Toni Braxton|Babyface
189630,Toni Romiti
189633,Toni Thorn
189641,Tonia and the Beat
189642,Tonia| the Beat
189651,Tonight Alive
189656,Tonight i'm Taylor Swift
189657,Tonight's Gonna Be a Good Night
189659,Tonik Ensemble
189662,Toninho Horta
189674,Tonite Only
189704,Tony Baines
189708,Tony Bellafonte
189710,Tony Bennett
189713,Tony Bennett & Lady Gaga
189715,Tony Bennett & k.d. lang
189717,Tony Bennett| Bill Charlap
189719,Tony Black
189724,Tony Brown
189728,Tony Brown| Marco di Cortez
189732,Tony Carey
189740,Tony Change| Since 96
189744,Tony Christie
189749,Tony Coe
189750,Tony Collins
189755,Tony Crist
189759,Tony Curtis
189768,Tony DeSare
189775,Tony Dozarm
189778,Tony Ejremar
189779,Tony Elenburg
189785,Tony Evans & His Orchestra
189786,Tony Evans Dancebeat
189810,Tony Guerra| Remmy
189824,Tony Igi
189826,Tony J
189831,Tony Junior
189854,Tony L| The Funk Revelation
189864,Tony Mangano| Rykka| Mauricio Rojas| Lorenzo Lellini| TheDjLawyer| 12Saturnus| Denny Caputo| MiCON| Marto Gross| Giovanni D'Amico| Dj Mix Night| Mauro Cannone| Daviddance| Osvaldo Nugroho| Marcie| Maya Cruz| SamNSK| DJ Undertaker| Liubov I| A. Venuti| Mr
189877,Tony Molina
189885,Tony Moran
189891,Tony Murena
189899,Tony Orlando
189900,Tony Orlando & Dawn
189909,Tony Parker
189924,Tony Ray
189925,Tony Rebel
189928,Tony Rice
189938,Tony S
189940,Tony Sanz
189949,Tony Sheridan
189956,Tony Sly
189964,Tony Stringer
189969,Tony Sway
189974,Tony Terry
189981,Tony Toni Toné
190000,Tony Williams
190004,Tony Wong
190005,Tony Yayo
190011,Tony! Toni! Toné!
190023,Tonéx
190024,Too $hort
190037,Too Short
190044,TooManyLeftHands
190047,Toob
190051,Tooji
190057,Toomas Vana
190061,Toot
190062,Toot Ard
190066,Toothpaste 2000
190067,Toots & The Maytals
190068,Toots Thielemans
190072,Top 40
190074,Top 40 DJ's
190080,Top 40 Hip-Hop Hits
190081,Top 40 Hits
190094,Top 48 Kids Songs
190100,Top Cats
190119,Top Dog SA
190122,Top Gun (Original Soundtrack)
190123,Top Gun - Motion Picture Soundtrack
190126,Top Hit Music Charts
190139,Top Model - Runway
190141,Top Music 2015
190146,Top Rap Beats
190148,Top Samba
190156,Top Tunes 3
190180,Topic
190183,Topi| Twine| Topi| Twine
190185,Toploader
190186,Topmodelz
190191,Topp Dogg
190208,Tor Miller
190211,Toraboruta
190219,Torchbearer
190232,Tori Amos
190236,Tori Kelly
190238,Tori Mac
190242,Torii Wolf feat. DJ Premier| Torii Wolf
190269,Toro Y Moi
190293,Torro Torro
190296,Torsten Abrolat
190298,Tortoise
190306,Torun Eriksen
190307,Tory English
190308,Tory Lanez
190315,Tosca
190316,Tosch
190320,Tosh Alexander
190329,Toshinobu Kubota(久保田利伸)
190330,Toshinori Yonekura (米倉利紀)
190337,Toshiyuki Toyonaga (豊永　利行)
190347,Total
190349,Total Celebrity Nation
190362,Total Reggae: From Jamaica With love
190363,Total Reggae: Pop| Rock & R&B Hits Reggae Style
190364,Total Reggae: Summer Hits
190372,Total Workout Productions
190376,Totally Enormous Extinct Dinosaurs
190381,Toteking
190388,Toti Soler
190391,Toto
190416,Touché Amoré
190420,Tough Love
190421,Tough Love| Karen Harding
190425,Toulouse
190430,ToupeMapeto (ToupeMapeto)
190432,Tourbillon
190434,Tourist
190437,Tourneecast 2011 / Tourneecast 2012
190445,Tove Lo
190446,Tove Styrke
190450,Tower Of Power
190453,Town Boys and Girls
190463,Township Rebellion
190464,Township Rebellion / Marc Holstege
190466,Tox-D!
190467,Toxic
190479,Toy
190489,Toy Story Original Soundtrack
190493,Toya
190497,Toyan
190506,Toys
190512,Toño Negron
190515,Tpc Studios
190524,Trace Adkins
190552,Trackfish Music
190557,Tracks Reporter
190561,Trackstarz
190567,Tracy + The Plastics
190573,Tracy Byrd
190575,Tracy Chapman
190576,Tracy Chow
190579,Tracy Hamlin
190590,Tracy Shedd
190599,Trad. Christmas Carol & Rudolph The Red-Nosed Reindeer & Top Songs Of Christmas
190604,Trade Union
190605,Trademark
190614,Traditional Christmas Carols Ensemble
190620,Traditional Christmas Song| Christmas Music Experts: The O'Neill Brothers| Instrumental Christmas Music
190634,Trae
190636,Trae Tha Truth
190645,Tragedie
190648,Tragedy Khadafi
190655,Tragik
190665,Train
190672,Training Motivation Music
190681,Trak D
190691,Tramps
190693,Trance
190696,Trance Classics 2012 - Ultimate Techno Anthems
190709,Trance O.S.T.
190711,Trance Trends 3
190718,Tranceland Vol. 2
190719,Trancellusion(compiled & mixed by Joe Ho)
190723,Trancemaster 6005
190729,Tranqillity
190759,Transformers - The Album
190760,Transformers: Dark of the Moon
190768,Transit
190782,Transplants
190786,Transviolet
190789,Tranzas
190791,Trap
190793,Trap Boyz
190794,Trap City
190803,Trap Music Producers
190805,Trap Pumpkin
190806,Trap Set
190811,Trapbo' Chad
190816,Trapmasters
190828,Trapt
190837,Trashcan Sinatras
190838,Trashlagoon
190840,Trashmonkeys
190842,Trauer Hit
190847,Trauma Romeo
190852,Travel & Music (旅と音楽)
190862,Travelling Quartet
190866,Travi$ Scott
190871,Travie McCoy
190872,Travis
190874,Travis Barker
190875,Travis Barker & Yelawolf
190878,Travis Bretzer
190887,Travis Greene
190898,Travis Miller
190899,Travis Mills
190900,Travis Porter
190902,Travis Porter feat. Tyga
190903,Travis Scott
190905,Travis Sullivan
190913,TraxBurner
190914,TraxBurner 100
190945,TreaZon
190949,Treally Treal
190951,Treason
190954,Treasure Davis
190978,Tree Thomas
190993,TreesTakeLife
190998,Treh LaMonte
191013,Tremble
191017,Trembling Hands
191020,Tremonti
191021,Tremor
191030,Trendlaser
191031,Trendmonster
191032,Trendsetter
191034,Trendsetter| Markus Maximus
191041,Trent Dabbs
191044,Trent Harmon
191047,Trent Reznor & Atticus Ross
191051,Trentemøller
191054,Trenton
191063,Tres Chicas
191074,Tresor Thee
191077,Trespassers
191079,Trespassers William
191084,Trev Rich
191087,Trevin Hunte
191091,Trevor Coleman
191094,Trevor Dayn Dallas
191105,Trevor Jackson
191116,Trevor Moran
191127,Trevor Rabin
191132,Trevor Something
191136,Trevor Wesley
191140,Trey Anastasio Band
191150,Trey Songz
191161,Trg
191171,Triade
191175,Triamer & Nagato
191180,Triangle Sun
191182,Triarchy
191187,Tribal Ink
191192,Tribal Tech
191201,Tribe Society
191204,Tribeca
191211,Tribulation
191217,Tribute Mega Stars
191218,Tribute Stars
191221,Tribute To Celine Dion
191227,Tribute To Katy Perry
191234,Tribute to Bon Jovi
191254,Tribute to Pitbull & Kesha
191261,Tribute to Will.I.Am and Justin Bieber
191262,Tricia
191265,Trick Daddy
191266,Trick Or Treat
191268,Trick Trick
191274,Tricky
191275,Tricky D
191281,Tricorn
191283,Trieu Etc
191299,Triggerfinger
191319,Triller Gatez
191327,Trilly
191334,Trin
191336,Trina
191337,Trina & Qwote
191341,Trine Opsahl
191350,Trini Lopez
191353,Trinidad James
191359,Trinity
191363,Trinix
191374,Trio Apollon
191397,Trio Di Trieste
191403,Trio Fontenay
191414,Trio Kanon
191420,Trio Los Panchos
191428,Trio Nueva Generación
191446,Trio Ternura
191453,Trio Wanderer| Christophe Gaugué
191472,Triosphere
191478,Trip Lee
191489,Triple A
191493,Triple Darkness
191495,Triple Deer
191496,Triple G
191508,Triple-T
191523,Tripsonix
191524,Tripswitch
191539,Trisha Yearwood
191545,Tristam
191546,Tristam & Braken
191549,Tristan Bres| Charlotte Savary
191550,Tristan Casara
191554,Tristan McIntosh
191558,Tristan Prettyman
191559,Tristan Price
191566,Tristania
191567,Tristan| Vini Vici| Avalon
191575,Tristeza
191583,Tritonal
191585,Tritonal and Cash Cash
191586,Tritonal| Cash Cash
191592,Triumphs Kingdom
191595,Trivecta
191599,Trivium
191614,Trn18
191620,Troels Abrahamsen
191642,Trombone Shorty
191649,Trompie Beatmochini
191651,Tron Syversen
191664,Trope
191686,Tropical House
191697,Tropics
191699,Tropixx
191700,Tropkillaz
191703,Tropkillaz & Party Favor (Featuring)
191704,Tropkillaz & Troyboi (Featuring)
191720,Trouble Funk
191721,Trouble Maker
191723,Trouble Maker|G.NA|Hyun Jin Ryu
191730,Troubled Conscience
191733,Troublemaker
191736,Troublesome
191758,Troy Kingi
191763,Troy Olsen
191767,Troy Soundtrack
191775,TroyBoi
191780,Troye Sivan
191783,Tru
191820,True 60s Love
191821,True 70s Love
191822,True 80's Love
191824,True Blood Soundtrack
191825,True Colors
191829,True Detective (Haupttitel der Fernsehserie)
191833,True Funk [3 CD Set]
191836,True Happiness Academy
191842,True Love
191847,True Neutral Crew
191855,True Stars
191867,True Worshippers
191879,Truls Mork
191880,Truls Mork/Mariss Jansons/Oslo Philharmonic Orchestra
191906,Truncate
191907,Trundeed
191913,Truong Nhu Anh
191918,Truro Cathedral Choir - Wakefield Cathedral Choir
191928,Truth
191930,Truth Corroded
191932,Truth Hurts
191933,Truth In Praise
191935,Truth Universal
191943,Truxton Mile
191952,TryHardNinja
191961,Tryon
191976,Trío Assai
191992,TsB| Cole the Kid
191998,Tsalikee
192023,Tsubasa Kazanari (CV: Nana Mizuki) (風鳴翼（CV. 水樹奈奈）)
192025,Tsukasa
192026,Tsukasa Mogamigawa (最上川 司)
192027,Tsukasa Yatoki
192045,Tsvi
192048,Tsyryulnya Im. Kotovskogo
192061,Tu3bor
192062,TuT
192079,Tube & Berger
192080,Tube & Berger| Juliet Sikora
192091,Tubes radios
192102,Tuck & Patti
192105,Tucker Beathard
192116,Tudor Lodge
192123,Tuesday Microgrooves 週二微頻
192124,Tuesday Night Rodeo
192128,Tuff
192133,Tufic
192138,Tuggawar
192142,Tujamo
192145,Tujamo & Taio Cruz
192147,Tuka
192162,Tulisa
192171,Tullio Taffuri
192175,Tulsa
192177,Tulus
192200,Tunde Nightingale
192202,Tune
192220,Tungevaag & Raaban
192221,Tungevaag & Raaban feat. Emila
192233,Tunji Ige
192235,Tunnel Trance Force
192248,Tuomari Nurmio
192250,Tuomas Kauhanen
192253,Tupac
192270,Turboweekend
192281,Turin Brakes
192283,Turisas
192291,Turkish & Razor
192292,Turkish Folk Music Archive
192294,Turma Da Gafieira
192326,Turnpike Cruisers
192328,Turnstile
192331,Turntable Films
192338,Turquoise Summers
192359,Tusks
192364,Tut Tut Child
192383,Tuxedo
192388,Tv Soundtracks- Summer Aroma
192389,Tv Soundttracks
192390,Tv-2
192395,Tvzo
192400,Twan Mac
192409,Twax
192416,Tweedy
192419,Tweet
192424,Tweezie
192426,Twelfth Day
192434,Twelve24
192440,Twenty Point One
192456,Twerk Team
192476,Twilight
192483,Twilight Meadow
192489,Twilight Soundtrack
192490,Twilight Trio
192494,Twilightning
192497,Twin Atlantic
192507,Twin Forks
192515,Twin Peaks
192518,Twin Shadow
192524,Twin-Tails【Tail Red (CV:上坂堇)、Tail Blue (CV:相坂優歌)、Tail Yellow (CV:赤﨑千夏)】
192525,Twin9
192537,Twinkle Twinkle Little Rock Star
192538,Twinkle Twinkle Little Star
192539,Twinkle Twinkle Little Star & Songs for Children & Nursery Rhymes
192542,Twinko
192545,Twins
192548,Twins&BOYZ&泳兒&鍾舒漫&吳浩康&洪杰＆鄭家維＆湯怡
192554,Twism| B3RAO & Groove N Soul feat. Dee-Dee
192560,Twist and Shout
192563,Twista
192581,Twisted Sister
192590,Twitch
192591,Twitchez2k
192605,Two Banks Of Four
192607,Two Benedictions
192625,Two Feet
192631,Two Friends
192633,Two Friends| Exit Friendzone
192635,Two Generations
192638,Two Hours Traffic
192641,Two Kings
192646,Two Million Thanks
192652,Two Piano
192656,Two Sheds Jackson
192662,Two Steps from Hell
192663,Two Story Road
192670,Two Worlds
192671,Two X
192684,Twoearle（ＣＶ：内田真礼）、善沙闇子（ＣＶ：日笠陽子）
192702,Txarango
192716,Ty Dolla $ign
192722,Ty Herndon
192732,Ty Segall
192743,Tyah
192745,Tycho
192749,Tycoon Trigg
192756,Tye Tribbett
192761,Tyga
192767,Tygers Of Pan Tang
192784,Tyler Bates| Joel J. Richard
192789,Tyler Carter
192791,Tyler Collins
192797,Tyler Farr
192801,Tyler Glenn
192806,Tyler Henry
192807,Tyler Hilton
192827,Tyler Miroe
192830,Tyler Perry's Why Did I Get Married？
192841,Tyler Shaw
192850,Tyler Ward
192852,Tyler Ward & Alex Goot
192853,Tyler Ward & Anna Clendening
192856,Tyler Ward & Diamond White
192861,Tyler Ward & Macy Kate
192862,Tyler Ward & Tiffany Alvord
192863,Tyler Ward & Two Worlds
192864,Tyler Ward feat. Alex G
192866,Tyler Ward feat. Cody Johns
192867,Tyler Ward feat. Jess & Cait
192868,Tyler Ward feat. Kristine Wild
192869,Tyler Ward feat. Madilyn Bailey
192870,Tyler Ward feat. Max Schneider
192872,Tyler Ward feat. Toby Randall| Princess Lauren & Reggie Couz
192874,Tyler Ward| Chester See & Lindsey Stirling
192883,Tyler| The Creator
192887,Tymara
192890,Tymee
192891,Tymee Feat. Hojae
192900,Tyné
192902,Type O Negative
192906,Type:b
192911,Typhillosion
192916,Tyra B
192934,Tyrese
192939,Tyron Hapi
192942,Tyron Hapi| Danny David
192945,Tyrone Davis
192948,Tyrone Marshall
192954,Tyrone Wells
192955,Tyroon da Prince
192956,Tyro| Jc
192981,Tyzo Bloom
192982,TzChien慈謙
192995,Tápiógyörgyei Ifjúsági Fúvószenekar
193001,Téléphone
193003,Térébenthine
193021,U (城田優)
193029,U SUNG EUN
193030,U So Witty| Sam Lidman| Robert Helms
193031,U Sung Eun| Rooftop House Studio
193035,U-God
193038,U-KISS
193043,U-ONE
193044,U-Phoria
193048,U-ji aka 霊長類P
193051,U-ziq
193052,U. Brown
193058,U.D.O.
193061,U.GOT & LUALOVE (Featuring)
193068,U.N.V.
193076,U.S. Christmas
193080,U.S. Girls
193085,U.S.A. For Africa
193091,U.TA 屋塔
193093,U180
193094,U2
193097,UA
193101,UB40
193111,UCast
193112,UCast & George Kamelon
193120,UFO
193125,UGK
193131,UK Deep House 2015
193132,UK House Hits
193139,ULALA SESSION
193142,ULTRATOWER
193148,UMETORA (梅とら)
193149,UMI☆KUUN
193152,UN Ensamble
193153,UN-CUT
193157,UNCHAIN
193159,UNDERNOISE
193164,UNI-FI
193167,UNIQ
193168,UNIST
193170,UNITE (ユナイト)
193173,UNIVERSE
193174,UNKLE
193179,UNiXX
193180,UP
193182,UP UP GIRLS (KARI) (アップアップガールズ(仮))
193183,UP10TION
193187,UQiYO
193190,URATA NAOYA (AAA)
193191,URATA NAOYA feat. ayumi hamasaki
193196,UROBOROS
193198,URs
193207,US3
193208,US5
193213,USAGI
193234,UTFO
193239,UVERworld
193249,Uada
193256,Ubare's Picnic
193261,Uberjak'd
193283,Udaibeats
193289,Udit Narayan|Zia Pandey|Bharat Shrma Vyas
193293,Udo Lindenberg
193300,Ueno Miki
193304,Uffie
193314,Ugly Duckling
193315,Ugly God
193327,Ugur Dogan
193330,Uh Huh Her
193332,Uhnee
193364,Ukulele Jim
193366,Ukulele Picnic
193373,Ulcerate
193377,Ulf Lundell
193379,Ulfuls (ウルフルズ)
193384,Uli Lenz
193385,Uli Trepte
193394,Ulla Shay
193396,Ulla van Daelen
193411,Ulrich Schnauss
193413,Ulrich Schnauss & Mark Peters
193417,Ulrich Ziegler
193427,Ultima - Rimsky-Korsakov
193440,Ultimate Christmas Songs
193444,Ultimate Christmas Songs| Christmas Music
193449,Ultimate Dance Factory
193450,Ultimate Dance Hits
193452,Ultimate Dance Hits! Factory
193454,Ultimate Dance Hits| Billboard Top 100 Hits| Best Shower Music
193462,Ultimate Dance Remixes
193464,Ultimate Disco Party
193465,Ultimate Drum Loops
193472,Ultimate Heroes
193474,Ultimate Hit Remixes
193479,Ultimate Karaoke Stars
193481,Ultimate Meditation
193484,Ultimate Party Jams
193485,Ultimate Piano Classics
193487,Ultimate Piano Players
193492,Ultimate Pop Hits
193493,Ultimate Pop Hits!
193494,Ultimate Pop Hits! Factory
193500,Ultimate R&B
193501,Ultimate Relaxation
193503,Ultimate Remix Factory
193510,Ultimate Tribute Stars
193512,Ultimate Voice
193513,Ultimate Workout Factory
193514,Ultimate Workout Hits
193519,Ultimatefuturistic weapon (最終未来兵器mofu)
193520,Ultimate| Moonsouls
193521,Ultra
193534,Ultra Nate
193535,Ultra Orange & Emmanuelle
193537,Ultra Saturday
193550,Ultra-Surf Presents
193551,UltraFans Dance
193552,UltraFans Japan
193562,Ultramagnetic Mcs
193574,Ultravibe
193597,Umakant Barua
193603,Umar Muhammad
193604,Umaro XP
193608,Umberto Pagliaroli
193616,Umbrella
193622,Umek
193629,Umji (GFRIEND)
193635,Ummet Ozcan
193636,Ummet Ozcan & DJ Ghost
193644,Umphrey's McGee
193655,Un Siècle De Musiques De Films
193662,Una Healy
193664,Una Mae Carlisle
193680,Unbeing
193690,Unbuttoned
193706,Uncle Charlie
193708,Uncle Clackie McKay
193723,Uncle Jed
193724,Uncle Kracker
193769,Under Byen
193776,Under Lover (地下情人)
193782,Under The Sky CF Boosa Nova
193783,Under Weight of Paradise
193784,Under a Dying Sun
193814,Underground Lovers
193820,Underground Royalty
193821,Underground Sound Of Lisbon
193830,Underoath
193844,Underworld
193868,Unexist
193873,Unfamiliar Friends Party
193878,Unforgettable Paradise SPA Music Academy
193879,Unforgettable Rocking Love
193888,Unheilig
193891,Unholy
193892,Unhuman Nature
193895,Unic
193898,Unicorn Kid
193902,Unicq
193906,Uniform
193908,Uniikki
193924,Union J
193930,Union Specific
193934,Union of Sound
193938,Uniparity
193940,Unique
193956,Unit 5
193969,United Cube
193971,United DJ's of Dance
193976,United Guitar Players
193978,United International DJs
193981,United Peace Voices
193982,United Pursuit
193985,United Souls
193986,United Sounds of Italy
194020,Unity
194043,Universal Rebel
194045,Universal Sound Machine
194054,University of Michigan Symphony Band
194086,Unkle Bob
194094,Unknown Brain feat. Chris Linton
194096,Unknown Dress
194098,Unknown Mortal Orchestra
194107,Unlike Pluto
194112,Unloco
194115,Unmarked
194128,Uno Kaoru
194144,Unpretty Rapstar Complation Album 2
194148,Unravel
194153,Unrest
194159,Unser Marchenschatz
194163,Unspoken
194168,Unstoppable
194169,Unstoppable Da Ghost
194172,Unsuku Ke (桂銀淑)
194180,Until Dawn
194192,Untouchable
194205,Unwillingly Mintchoco
194213,Uochi Toki
194217,Up All Night
194241,Upchurch
194248,Upgrade HipHop
194258,Upon A Burning Body
194265,Uppermost
194272,Upside Down
194281,Uptown
194284,Uptown Funk
194285,Uptown Funk & Funk & Funk Music
194287,Uptown Girls
194310,Urban All Stars
194315,Urban Beats
194319,Urban Coach
194320,Urban Cone
194321,Urban Contact
194333,Urban Grooves
194335,Urban Heat Combo
194337,Urban Hitmakers Combo
194339,Urban Hits Nation
194347,Urban Knights
194356,Urban Mystic
194357,Urban Nashville Players
194361,Urban Party Mixers
194370,Urban Sentimental Radio
194377,Urban Strangers
194391,Urban Zakapa
194392,Urban Zakapa Jo Hyun Ah
194397,Urbangarde
194401,Urbanspace(어반스페이스)
194405,UrboyTJ
194417,Urge Overkill
194432,Urmas Plant
194433,Urna
194435,Uropatwin
194446,Ursine Vulpine
194460,Urthboy feat. Sampa the Great and Okenyo
194461,Uru
194463,Urulu
194467,Us - Thrue - Unz Unz
194469,Us The Duo
194481,User
194487,Usher
194488,Usher Featuring Lil' Jon & Ludacris
194489,Usher featuring Pitbull
194511,Ustad Vilayat Khan
194514,Ustalost
194524,Us| From Outside
194545,Ute Schönherr
194548,Utin X 野人
194553,Utoh da Pair of Dice King
194565,Uvtraveler
194588,V (BTS)| Jin (BTS)
194597,V Stuck
194599,V V Brown
194609,V-RuS
194625,V.A
194627,V.A.
194628,V.A.(Mixed & Compiled by Dj JS)
194629,V.E.
194631,V.I.C.
194634,V.Jones
194635,V.K
194642,V.O.S
194652,V/A
194657,V24
194665,VACAY
194669,VALSHE
194671,VAMPS (VAMPS)
194673,VANDIT The Digital Sessions Ibiza 2009 mixed by Filo & Peri
194681,VARGO
194686,VASCO (바스코)| 블랙넛 (Black Nut)| 씨잼 (Cjamm)| 천재노창
194689,VAV
194691,VA韓樂合輯
194694,VBT Vektor Beat
194700,VEBLEN
194711,VEPPer(CV:河本啓佑、CV:村上喜紀)
194713,VERNON 地獄
194719,VEXX
194723,VH1 Divas Live
194728,VI
194731,VIA 75
194738,VIBE
194739,VIBE X CHEN X HEIZE
194743,VICE (VICE)
194744,VICKEBLANKA
194745,VICTON
194748,VIDA Guitar Quartet
194752,VIMES
194754,VINAI
194757,VINTAGE Lounge
194760,VIP Club
194761,VIP Fashion Lounge
194772,VIXX
194773,VIXX LR
194775,VIoleta White
194784,VNCHY
194789,VOCALO.ID
194791,VOG
194794,VOISPER
194799,VONYC SESSIONS 2012 Presented by Paul van Dyk
194805,VOX玩聲樂團
194807,VP1
194808,VP團
194813,VROMANCE
194818,VST
194823,VV.AA.
194824,VVAA
194841,Vaal
194843,Vaarwell
194855,Vacio
194870,Vadim Repin
194881,Vado
194884,Vadya Lahari
194892,Vagabon
194903,Vagueblossom
194917,Vainglory
194928,Vakhtang Kikabidze
194948,Val Young
194976,Valentiine
194978,Valentin
194990,Valentina Lisitsa
195004,Valentina dorme
195011,Valentine's Day
195022,Valentine's Day Maestro
195025,Valentine's Day OST
195031,Valentines Day 2012 - Best of Love Ballads & Lounge Classics
195033,Valentines Day Piano All Stars
195034,Valentines Day Ringtones
195041,Valentino Khan
195042,Valentino Khan| Skrillex
195048,Valer Sabadus
195055,Valeria Rossi
195076,Valerie Ratcliff Walsh
195079,Valerie Simpson
195086,Valerio
195094,Valeriy Bessarabskiy
195105,Valeriy Yarushin
195131,Valesco
195137,Vali
195138,Valiant Coos
195141,Valid Evidence
195151,Valkyrja
195160,Valley Maker
195162,Valley People
195167,Valley of the Giants
195174,Valmar Amorim
195190,Valérie Milot & Les Violons du Roy
195195,Vamos!
195201,Vampillia
195208,Vampire Weekend
195215,Vampyre Moon
195224,Van Canto
195226,Van Cliburn
195240,Van Halen
195243,Van Hunt
195246,Van McCoy
195248,Van Morrison
195251,Van Morrison & Michael Bublé
195261,Van Wagner
195266,Van Zant
195277,Vanbot
195279,Vance
195281,Vance Joy
195289,Vancouver Sleep Clinic
195291,VandaVanda
195293,Vandal Rock
195298,Vandead bakery
195308,Vandis
195317,Vanessa Aguilera
195318,Vanessa Amorosi
195323,Vanessa Carlton
195331,Vanessa Elisha
195335,Vanessa Hudgens
195342,Vanessa Mae
195343,Vanessa Mai
195344,Vanessa Mdee
195346,Vanessa Oshiro (大城バネサ)
195347,Vanessa Paradis
195348,Vanessa Paradis & M & Patrice Renson
195350,Vanessa Paradis|Patrice Renson|-M-
195353,Vanessa Rodrigues
195355,Vanessa Rubin
195360,Vanessa Van Basten
195361,Vanessa White
195363,Vanessa Williams
195371,Vangakuz
195372,Vangelis
195374,Vangelis Kostoxenakis
195384,Vanic
195387,Vanila Unity(바닐라 유니티)
195389,Vanilla Ace
195390,Vanilla Acoustic
195395,Vanilla Ice
195398,Vanilla Mousse
195400,Vanilla Sky
195408,Vanishing Life
195415,Vanity Productions
195442,Vanum
195447,Vanze x Balco x Fransis Darelle feat. Brenton Mattheus
195448,Vanze| Neon Dreams
195468,Vargas Blues Band
195476,Varien
195483,Vario Volinski
195486,Varios
195489,Varios Artistas
195496,Various
195498,Various : Lullaby Album
195500,Various Aritsts
195502,Various Artist
195503,Various Artist (featuring kenya hathaway)
195507,Various Artists
195509,Various Artists (21 hits)
195511,Various Artists (Bhangra Remixes)
195512,Various Artists (Bhangra)
195513,Various Artists (Bollywood)
195515,Various Artists (Cadillac Cuties and Hot Rod Heroes)
195516,Various Artists (Caroldene Black| Danse Xpress| Evan Olson| Zee Asha| Zino & Tommy)
195517,Various Artists (Coolsville!)
195518,Various Artists (Get Your Soul Right: The Gospel Quartets & the Roots of Soul Music)
195519,Various Artists (Just Wailing: 50 Masterpieces By 26 Blues Harmonica Heroes)
195520,Various Artists (Pakistani Film Soundtrack)
195522,Various Artists (The 1962 British Hit Parade - Part 1)
195523,Various Artists (The 1962 British Hit Parade - Part 2)
195525,Various Artists (אמנים שונים)
195538,Various Artists - George Phang: Power House Selector's Choice Vol. 3
195541,Various Artists - Killers Tribute
195547,Various Artists - Steppin Across The USA
195548,Various Artists - Summer Songs
195555,Various Artists [Artist]
195557,Various Artists from Sweet Adelines International
195563,Various Artists/Hsia Tan
195564,Various Artists: Close Harmony
195568,Various Artists| Conductors & Orchestras
195581,Various Musique
195586,Various kings of africa
195589,Various- Face Down Records
195591,Various/Wulfin Lieske/Manuel Barrueco
195592,Varioust Artists
195593,Various| An Der Beat
195594,Varis
195596,Variuos Artists
195601,Variété Française
195625,Vasas
195626,Vasco
195637,Vashawn Mitchell
195639,Vashti Bunyan
195651,Vasily Petrenko|Hilary Hahn|Royal Liverpool Philharmonic Orchestra
195663,Vassy
195664,Vassy| Playmen
195665,Vast & Hazy
195680,Vattnet Viskar
195692,Vaughn Monroe
195701,Vaults
195712,Vaylon
195717,Vazquez Sounds
195727,Ve'risa
195730,Veara
195746,Vedera
195747,Vedo
195765,Veer Glider
195773,Veez
195774,Vega
195777,Vega4
195779,Vegas
195794,Veil Of Maya
195802,Vektor
195820,Veloce 벨로체
195821,Velocette
195837,Velvet Revolver
195842,Velvet Volume
195845,Velvetine
195851,Ven
195868,Venemy
195869,Venemy & Aznar
195875,Venetian Snares
195878,Vengeance
195895,Venke Knutson
195900,Venom
195913,Ventura
195930,Venus Qiao Lin 巧遴
195937,Veorra
195940,Vera Blue
195949,Vera Loca
195969,Verbal Jint
195970,Verbal Jint+梁多一
195971,Verbal Jint| Chancellor
195976,Verbraak-Van Bijnen
195981,Verdena
195990,Verditune
196017,Vermeer Quartet
196027,Vernon
196033,Vernon Garrett
196047,Verona
196051,Veronica
196064,Veronica Maggio
196071,Veronica Vega
196088,Versailles
196099,Verse Jones
196100,Verse Simmonds
196101,Verse feat. Bora
196108,Verskeie Kunstenaars
196109,Versus
196119,Vertical Church Band
196121,Vertical Horizon
196132,Verve Remixed
196136,Verwoed
196137,Very Best Of Broadway Musicals
196142,Very Very Good Life
196167,Vessels
196190,Vetusta Morla
196202,Vg Lanty
196209,Vi3
196219,ViViD
196228,Via tov (Via tov)
196232,Vian Izak
196235,Vibal
196236,Vibe Avenue
196258,Vic Damone
196268,Vic Mensa
196281,Vicci Martinez
196282,Vice
196284,Vice City
196287,Vice Rich
196289,Vice feat. Mike Taylor
196293,Vicente Amigo
196303,Viceroy
196304,Viceroy  amp; French Horn Rebellion
196308,Vicetone
196309,Vicetone feat. Daniel Gidlund
196310,Vicetone feat. JHart
196311,Vicetone feat. Kat Nestel
196312,Vicetone| Tony Igy
196346,Vicky Arlidge
196347,Vicky Beeching
196351,Vicky D
196361,Vico C
196369,Victor & Leo
196374,Victor Baker
196382,Victor Cormier
196419,Victor Lewis-Smith
196420,Victor Lobos| Carlos Emmanuel
196426,Victor Manuelle
196432,Victor Newman
196447,Victor Reyes
196467,Victor View
196472,Victor Young
196479,Victor von Halem| Horst Göbel
196484,Victoria Beckham
196488,Victoria De Los Angeles
196489,Victoria Duffield
196492,Victoria Holt
196505,Victoria Monet
196521,Victoria de los Angeles/Elisabeth Schwarzkopf/Dietrich Fischer-Dieskau/Gerald Moore
196524,Victoria de los Angeles/Rafael Frühbeck de Burgos
196529,Victorian Halls
196534,Victorious  Cast feat. Victoria Justice
196535,Victorious Cast feat. Victoria Justice
196550,Vida
196564,Video Game Orchestra
196565,Video Game Players
196567,Video Games Live
196598,Vienna Boys Choir
196622,Vienna Teng
196625,Vienna Walzer Orchestra
196629,Viento Smith
196631,Vier Minuten
196639,Vieux Kanté
196649,Vigel
196650,Vigel feat. LACES
196653,Vigel| Sartek
196655,Viggo Mangor
196657,Vigiland
196672,Vijay & Sofia Zlatko
196674,Vijay Antony
196675,Vijay Iyer
196683,Vijay| Sofia Zlatko
196703,Vikingarna
196710,Vikki Carr
196715,Vikram Hazra
196729,Viktor Lazlo
196733,Viktor Pavlik
196755,Viktoria Tolstoy
196769,Vilde Frang
196779,Villa*nova
196783,Village People
196799,Ville Ojanen
196800,Ville Valo & Natalia Avelon
196820,Vilém Veverka
196821,Vilém Veverka| Barbara Maria Willi| Dominik Wollenweber
196830,Vin Vega
196845,Vince Benet| Givel White
196853,Vince Gill
196856,Vince Guaraldi
196859,Vince Guaraldi Trio
196867,Vince La Sol
196869,Vince Mendoza
196876,Vince Staples
196887,Vincea McClelland
196889,Vincent
196895,Vincent Blake feat. Shell B
196901,Vincent De Moor
196914,Vincent Jay
196925,Vincent Lucas
196931,Vincent Martini
196935,Vincent Schroeder
196941,Vincent Vallières
196953,Vincenzo
196979,Vindata
196984,Vine Hop
196989,Vingadora
196994,Vini Vici
197004,Vinicius de Moraes| Odette Lara
197005,VinilHart
197006,Vinila von Bismark
197009,Vinna Rouge
197012,Vinnie & The Stars
197014,Vinnie Colaiuta
197016,Vinnie Moore
197017,Vinnie Paz
197019,Vinnie Vincent Invasion
197020,Vinnie Who
197044,Vintage Café：When Pop Meets Lounge
197050,Vintage Disobedience
197061,Vintage Trouble
197075,Vinyl Pinups
197079,Vinyl Theatre
197080,Vinyl Williams
197081,Vinyl on HBO
197082,Vinyl_House
197091,Vinícius de Moraes
197092,Vinícius de Moraes|Toquinho
197095,Viola Beach
197097,Viola Martinsson
197110,Violent Femmes
197115,Violent Soho
197124,Violet Days x Win and Woo
197129,Violet Lens紺
197130,Violet Road
197138,Violeta Parra
197140,Violetta
197144,Violin
197150,Violines De Pego
197156,Viper
197184,Virginia Belles
197193,Virginia Labuat
197199,Virginia To Vegas
197203,Virginio Fadda
197218,Virtual Riot
197227,Virtue
197228,Virtue Concept
197230,Virtues Undefined
197232,Virtuoso
197238,Virus Syndicate
197244,Visa
197253,Vishal & Shekhar
197279,Vision Diva
197280,Vision Divine
197286,Vision Of Disorder
197289,Visionaries
197292,Visioneight & Bootmasters feat. Trevor Jackson
197294,Visions I
197295,Visions Of Atlantis
197302,Vismajor
197316,Visualeyes
197328,Vitaa
197346,Vitaliy Kaznacheev
197349,Vitaliy Shot
197353,Vitamin C
197357,Vitamin String Quartet
197360,Vitas
197364,Vitas| Dranga Beats
197369,Vitium
197373,Vito Astone
197399,Vittorio Grigolo
197401,Vittorio Monti
197412,Viva Brother
197419,Viva La Diva
197421,Viva La Musica String Quartet
197424,Viva Mars
197436,Vivaldi - Corelli - Scarlatti - Locatelli - albinoni - Bach
197437,Vivaldi Best loved adagios
197443,Vivaldi Ensemble| Walter Rinaldi| Julius Frederick Rinaldi
197456,Vivaldi's Favourite Adagios
197460,Vive La Fête
197476,Vivian Green
197477,Vivian Hicks
197480,Vivian Khor
197481,Vivian Lea 利慧君
197483,Vivian Tsai
197505,Vixen
197516,VjOj
197532,Vladimir Ashkenazy
197558,Vladimir Ashkenazy|Royal Philharmonic Orchestra|Philharmonia Orchestra
197559,Vladimir Ashkenazy|St. Petersburg Philharmonic Orchestra|Ingolf Wunder
197567,Vladimir Cosma
197569,Vladimir Fedoseyev
197571,Vladimir Feltsman
197574,Vladimir Horowitz
197614,Vladkulak
197630,Vnce
197634,Voca People
197646,Vocal Sampling
197669,Voci per te| The AlfaOmega Choir
197670,Voctave
197675,Voez
197677,Vogler Quartet
197681,Voice
197687,Voice Male
197697,Voice of Fractals
197700,Voice of Reason
197702,Voice 보이스
197703,VoicePlay
197709,Voices From The FIFA World Cup
197710,Voices From The Moonlight Sea
197718,Voices of Asia 2013 Asian A Cappella Compilation
197719,Voices of Christmas
197723,Voices of Christmas| The Christmas Party Singers| The O'Neill Brothers Group
197725,Voices of Love
197740,Voidis| Còrtex| Michael Smillovich| Hakan Dündar| Dj Abeb| Dj EQ| Ivan Craft| Project 99| Thiago Bachet| Dj Mix Night| Big Dendi| Bimz Barley| Dj Herby| Electro Mode| Hydriss| 3MILIANO4YALA| Daviddance| Sub Panic| FASTER BEAT| FedePpi| Lorenzo Lellini| 
197743,Voidoid
197750,Vojnits
197764,Volaredo Hk
197765,Volbeat
197766,Volcano Choir
197767,Voldo feat. Vlada
197771,Volgograd Philharmonic Orchestra & Edward Serov
197773,Volium
197817,VoluMen
197836,Von
197842,Von Dior
197852,Von Lee
197872,Vonda Shepard
197886,Vonyc Sessions 2013 Presented by Paul van Dyk
197903,Voodoo Queens
197908,Vordok
197929,Vowel
197931,Vox Angeli
197946,Voyce*
197947,Voyeur
197954,Vredehammer
197959,Vs
197962,Vso
197965,Vu Vu的故事
197971,Vukari
197974,Vulfpeck
197982,Vum
197988,Vuurwerk
198001,Vybe Masterz
198005,Vybz Kartel
198009,Vybz Kartel| Bunji Garlin| Vybz Kartel| Bunji Garlin
198012,Vybz Kartel| Little Miss| Vybz Kartel| Little Miss
198013,Vybz Kartel| Mavado
198014,Vybz Kartel| Popcaan| Popcaan| Vybz Kartel
198020,Vyel feat. Sophia Omarji
198029,Vyrus
198047,Vérité
198055,Víctor Braojos
198062,Vítor Rua
198081,W E B S T E R
198085,W Y C
198087,W&W
198088,W&W & Headhunterz
198089,W&W and Blasterjaxx
198090,W&W and Ummet Ozcan
198091,W&Whale
198092,W&W| Blasterjaxx
198093,W&W| Hardwell| Lil Jon
198094,W-D4
198097,W-nic
198098,W. A. Mozart : Requiem Kv. 626 / Eine Kleine Nachtmusik divertimenti / Concertos for Flute| Harp and Orchestra / Concertos for Violin and Orchestra 3-5
198101,W. Darling
198112,W.A.S.P.
198119,W.C. Spencer
198121,W.C.D.A.
198140,W.a. Mozart
198144,WA-SUTA (わーすた)
198151,WALL-E
198152,WANIMA
198160,WARRANT
198162,WARRIORS
198174,WAX
198181,WC
198184,WCB
198190,WD DJ P
198200,WE FOUND LOVE.
198202,WEATHER GIRLS (ウェザーガールズ)
198204,WEAVER (WEAVER)
198205,WEDNESDAY CAMPANELLA (水曜日のカンパネラ)
198207,WEKNOWNOTHING
198208,WENDY x Jay Jungjae Moon x Nile Lee
198209,WENDY| Seulgi
198212,WET RED
198213,WEWE
198214,WEZ (WEZ)
198217,WHEN I FALL IN LOVE
198218,WHIPPED CREAM x DVNK SINATRV
198219,WHIRR
198223,WHITE ASH
198225,WHITE JAM
198229,WHITETEEZ(와잇티즈)
198231,WHO KILLED BAMBI
198233,WHOwho
198234,WHTKD
198235,WHY
198236,WHY@DOLL
198237,WHYNOT
198244,WILDCARD
198251,WIN ( TEAM A vs. TEAM B)
198252,WIN (TEAM B)
198254,WING WORKS
198255,WINGS
198257,WINNER
198259,WINTERPLAY
198264,WITHOUT YOU.
198288,WORLD GROOVE
198294,WOW頭號人物
198297,WRLD
198302,WSTRN
198311,WU LYF
198312,WWE
198313,WWE 2K15: The Soundtrack
198314,WWE:John Morrison (Stonefree Experience)
198315,WWF
198323,Wa$$up
198324,Wa$$up Feat. M.TySON
198340,Wadada Leo Smith & Anthony Braxton
198345,Wade
198356,Wade Imre Morissette
198377,Wafia
198380,Wagakki Band (和楽器バンド)
198381,Wage War
198385,Wagner
198395,Wah!
198398,Wahlstedt
198406,Wailing Souls
198417,Waiting For Love
198424,Waiting for You
198431,Waka Flocka Flame
198433,Waka Waka
198434,Waka Waka DJ's
198445,Wake The President
198451,Wake Up Music Paradise
198453,Wake me up
198479,Waldeck
198493,Wale
198499,Wali
198501,Walid
198509,Walk Off The Earth
198510,Walk Off The Earth feat. KRNFX
198511,Walk Off The Earth featuring KRNFX
198512,Walk The Line
198513,Walk The Moon
198528,Walkers to Heaven
198539,Walking Music Personal Fitness Trainer & Ahanu Healing Massage Music & Relaxing Songs
198541,Walking On Cars
198545,Walking Sticks
198548,Walknut
198563,Wallace
198572,Wallek Bros.
198576,Wallpaper.
198578,Walls of Jericho
198580,Wallwork| Nico Lindsay
198620,Walter Abt| Sol Y Sombra
198624,Walter Berry|Wiener Singverein|Herbert von Karajan|Berliner Philharmoniker|Hilde Rössel Majdan|Waldemar Kmentt|Gundula Janowitz
198634,Walter Gieseking
198643,Walter Losi
198653,Walter Mencattini
198666,Walter Smith III
198678,Walter Weller/Richard Hickox/Rafael Kubelík
198696,Waltz With Bashir
198698,Waltz for Venus
198706,Wan Light
198712,Wanda Jackson
198715,Wanda Landowska
198719,Wanda Sa
198721,Wanda Sà| Roberto Menescal
198727,Wanderer
198737,Wanessa
198739,Wang Chung
198744,Wang Ru Hua 王如华
198746,Wang Tao| Michel Kiener
198748,Wang Wen
198754,Wangetti
198755,Wani
198759,Wanna Be
198761,Wannabe
198762,Wantaways
198763,Wanted
198767,Wantigga
198778,Wappa Tonic
198780,War
198785,War Cry
198788,War Game
198790,War Hungry
198797,WarCry
198802,Warbonnet
198805,Warcursed
198809,Ward Thomas
198824,Warhaus
198836,Warlock
198841,Warm Places
198846,Warmen
198850,Warne Marsh
198857,Warner Jazz Christmas
198859,Warner/Chappell Productions
198865,Warpaint
198873,Warr@戦P
198880,Warren Barfield
198888,Warren Dieondre
198891,Warren G
198895,Warren Hill
198896,Warren Mailley-Smith
198902,Warren Storm
198913,Warrior Soundz
198936,Wasabii Sound
198939,Wash
198943,Washed Out
198967,Wasted 24/7
198985,Watanabe Miyuki (渡辺美優紀)
198994,Watch Out
199007,Watchmen - Original Motion Picture Score
199034,Waterbed
199040,Waterflame
199044,Waterman
199049,Watermät
199063,Watsky
199066,Watt
199068,Watt White
199072,Wattsenglish
199080,Wav WorkShop
199081,Wave
199089,Wave Racer
199091,Wave Sleep Wave
199101,Wavin Flag
199104,Wavves
199112,Wax
199126,Waxahatchee
199135,Way Out West
199154,Waylon Jennings
199164,Wayne Brady
199176,Wayne D
199189,Wayne Gratz
199197,Wayne Jones
199199,Wayne Jones|Amy Hayashi-Jones
199204,Wayne Kramer
199223,Wayne Shorter
199229,Wayne Takamine
199233,Wayne Wonder
199242,Waysons
199243,Waysons featuring Charlie Ray and Nathan Brumley
199251,Waze & Odyssey vs. R. Kelly
199265,We Are
199269,We Are Augustines
199274,We Are Forever
199283,We Are Knights
199284,We Are Leo
199289,We Are Never Ever Getting Back Together
199295,We Are Scientists
199300,We Are The Brave
199303,We Are The Fallen
199304,We Are The In Crowd
199307,We Are The Night
199310,We Are The World
199311,We Are Toonz
199312,We Are Trees
199315,We Are Young
199324,We Be The Echo
199325,We Beastie
199326,We Bought a Zoo
199327,We Butter The Bread With Butter
199328,We Came As Romans
199334,We Could Be Heroes
199346,We Have Band
199353,We Just Wanna Party
199359,We Love Avicii
199363,We Love Taylor Swift
199373,We Rabbitz
199374,We Rabbitz| Romy Wave
199387,We The Kings
199390,We Want In
199391,We Were Evergreen
199393,We Were Promised Jetpacks
199399,We Wish You A Merry Christmas| Christmas Classics Collection| Christmas Favourites
199400,We Wish You A Merry Christmas| Weihnachtslieder| Xmas Classics
199401,We Wish You a Merry Christmas
199406,We Wish You a Merry Christmas| Christmas Songs For Kids| Merry Christmas
199408,We are Family - Sisters and Me
199409,We are the Champions
199411,We the Dreamers
199439,Weather Report
199443,Weathertunes
199448,Weaves
199465,Wedding
199468,Wedding Classics
199473,Wedding Day Music
199484,Wedding Music
199489,Wedding Music Experts
199492,Wedding Music Experts| Top de Exitos 2016| Dance Hits 2016
199497,Wedding Music Songs
199505,Wedding Songs
199508,Wedding Tracks
199514,Wednesday 13
199515,Wednesday 13's Frankenstein Drag Queens
199531,Weeken
199532,Weekend
199534,Weekend Chillout Music Zone
199541,Weekend Nu-Jazz
199555,Weepers Circus
199563,Weezer
199568,Wei Congfei
199578,Weightless
199590,Weihnachtslieder| Christmas Celebrities| Christmas Classics
199601,Weird Al Yankovic
199605,Weird Dreams
199630,Well Stone bros.feat.吉田沙保里
199638,Wellental
199643,Wellness
199646,Wellness Lounge
199656,Wells Cathedral Choir| Matthew Owens
199661,Welshly Arms
199663,Welthits auf Deutsch (Worldhits in German)
199689,Wendy And Lisa
199702,Wendy Lloyd
199706,Wendy Morrow| Peter Govan| & Clare Evitt
199707,Wendy Moten
199722,Wendy| Seulgi (of Red Velvet)
199730,Werdi Sentana
199746,Werner Janssenswillen
199748,Werner Muller
199773,Wes Montgomery
199774,Wes Montgomery Trio
199776,Wes Nyle
199794,Wesh DJ
199803,Wesley Randolph Eader
199835,West Kavi
199883,Westlake & Jennifer Rene
199884,Westlife
199885,Westlife with Diana Ross
199895,Westside Connection
199906,Wet
199914,Wet Wet Wet
199919,Weyes Blood
199921,WhaaaaasUP
199930,Wham!
199931,Whang| Bo Ryung
199933,What A Circus
199934,What A Circus(와러서커스)
199940,What Does The DJ Say
199944,What Lies Beneath
199950,What Say's You
199951,What So Not
199952,What So Not| GANZ
199953,What So Not| George Maple
199962,What the Fox Say
199963,What's Really Good
199964,What's UP FOXY OST
199965,What's Up
199974,Whats Happenin
199979,Wheatus
199982,Wheedle's Groove
199989,Wheesung
199992,When Cell Met Ad Music
199995,When I
200000,When Lounge Meets Pop
200010,When We Were Young
200016,When we stand together
200019,Where Are You Christmas Songs
200034,Whethan
200041,Whigfield feat. Carlprit
200045,While She Sleeps
200046,Whilk & Misky
200092,Whispens In Stanny Nights
200105,Whistler
200106,Whistles
200108,Whitaker
200111,White Apple Tree
200118,White Boy Illest
200123,White Brain Gallery
200127,White Christmas
200142,White Eskimo
200145,White Fence
200147,White Flame
200151,White Guitars
200154,White Hinterland
200156,White Hot Ice
200165,White Lies
200167,White Light Parade
200170,White Lion
200171,White Lung
200181,White Noise
200185,White Noise Babies
200193,White Noise Nature Sounds Baby Sleep
200204,White Noise Research
200213,White Noise| White Noise for Baby Sleep
200220,White Prism
200221,White Rabbits
200231,White Sea
200232,White Sever
200233,White Shadow
200241,White Star
200244,White Suns
200256,White X'mas
200257,White Zombie
200259,White noise for baby sleep| White Noise Babies| White Noise Therapy
200263,WhiteFlame
200268,Whitechapel
200278,Whitesnake
200288,White Dimension
200299,Whitney
200305,Whitney Duncan
200306,Whitney Houston
200309,Whitney Houston & R. Kelly
200310,Whitney Houston Duet With Mariah Carey
200329,Who Are You
200337,Who Is Fancy
200341,Who Let The Dogs Out Party
200342,Who R U?
200344,Who Says
200350,Who's That Girl?
200352,WhoMadeWho
200360,Whoomp It Up DJ's
200369,Why Don't We
200404,Wicked Orchestra
200420,Wide Awake
200437,Widowspeak
200450,Wiener Philharmoniker
200475,Wiener Philharmoniker| Willi Boskovsky
200569,Wil$on
200577,Wilco
200579,Wild & Free
200582,Wild Beasts
200583,Wild Belle
200592,Wild Caribbean - Original Music By David Lowe
200596,Wild Chat
200597,Wild Cherry
200598,Wild Child
200600,Wild Cub
200614,Wild Nothing
200616,Wild Ones feat. David Julien
200617,Wild Orchid
200637,Wild West
200642,Wild Willy Barrett's French Connection
200652,Wildcat! Wildcat!
200663,Wilderness Survival
200665,Wildernessking
200666,Wildfellaz| Denis Elezi
200669,Wildfire
200671,Wildfront
200675,Wildlife
200678,Wildpath
200686,Wildstylez| Frontliner| Digital Punk| Delete
200690,Wildwood Valley Boys
200691,Wiley
200696,Wiley featuring Cashtastic and Tereza Delzz
200714,Wilhelm Furtwangler/Wiener Philharmoniker/Berliner Philharmoniker
200723,Wilhelm Kempff
200732,Wilhelm Ohmen
200735,Wilhelm Tell Me
200737,Wilhem Latchoumia
200742,Wilkinson
200743,Wilkinson|TC
200757,Will Blunderfield
200758,Will Blunderfield| Bif Naked
200759,Will Brennan
200765,Will Champlin
200774,Will Downing
200779,Will Eastman
200811,Will Jay
200817,Will Joseph Cook
200819,Will Kelly
200821,Will King
200860,Will Smith
200862,Will Sparks
200865,Will Sparks feat. Alex Jones
200873,Will Tell
200874,Will To Power
200878,Will Vinson
200887,Will You Say Yes
200888,Will Young
200892,Will.I.Am
200894,Willa Ford
200896,Willam
200907,Willem Bodhi
200909,Willem Breuker Kollektief
200949,William Bell
200958,William Boyce
200966,William Caesar
200970,William Christie
200986,William Ekh| Martell
200993,William Fitzsimmons
200998,William Genaro
201015,William Hut
201027,William Kurk
201040,William Michael Morgan
201042,William Murphy
201047,William Orbit
201049,William Parker
201059,William Purvis|Orpheus Chamber Orchestra|David Jolley
201076,William Singe
201082,William Tolson| Jr.
201104,Williams Wetsox Trio
201106,Williams| Kathryn
201110,Willie & Lobo
201115,Willie Bobo
201116,Willie Bobo & Cal Tjader & Mongo Santamaria
201123,Willie Colon
201131,Willie Dutch
201151,Willie Nelson
201154,Willie Nelson & Ray Price
201155,Willie Nelson & Wynton Marsalis
201156,Willie Nelson & Wynton Marsalis Featuring Norah Jones
201168,Willie Rondo
201170,Willie Roy
201187,Willis Earl Beal
201194,Willow
201205,Willy
201209,Willy Booger
201210,Willy Boy
201213,Willy DJ's
201221,Willy Moon
201228,Willy William
201258,Wilson Phillips
201260,Wilson Pickett
201270,Wiltay
201292,Win and Woo| Bryce Fox
201295,Wina
201296,Wincent Weiss
201307,Wind Hold Venus
201339,Windsor
201353,Windycat
201368,Winger
201374,Wingtip
201396,Winnie the Pooh
201405,Winston Apple
201413,Winston Mankunku & Mike Perry
201424,Winter Aid
201427,Winter By Lake
201430,Winter Dreams
201436,Winter Love Songs
201445,Winter Solstice Piano Songs Academy
201449,Winter Wonderland Band
201452,Winterbourne
201455,Wintergatan
201467,Winton Kelly
201468,Winx
201469,Winx Club
201476,Wir Sind Helden
201480,Wire Daisies
201486,Wirrwarr
201487,Wisani
201493,Wisdomm
201496,Wise Guys
201509,Wish I Was
201515,Wisharoo Park
201524,Wisin
201525,Wisin & Yandel
201527,Wisin and Carlos Vives feat. Daddy Yankee
201541,Witch Kin
201542,Witchcraft
201555,With Confidence
201563,With Special Guests Fukuyama Masaharu Remake
201565,With You.
201574,Within Temptation
201575,Within The Ruins
201585,Witkovic
201591,Witold Małcużyński
201595,Witthüser & Westrupp
201598,Wiwek
201599,Wiwek| Skrillex
201605,Wiz Khalifa
201606,Wiz Khalifa & Curren$y
201607,Wiz Khalifa & Iggy Azalea
201608,Wiz Khalifa & John Cena
201613,Wiz Khalifa| Juicy J| Ty Dolla Sign
201619,Wizard
201624,Wizards of Waverly Place
201628,Wizdom Phoenix
201632,Wizkid
201634,Wizzard
201641,Wladyslaw Szpilman
201655,Wode
201656,Wodensthrone
201658,Woe Is Me
201672,Woldemar Nelsson
201677,Wolf Alice
201682,Wolf Gang
201700,Wolfchant
201702,Wolfe
201714,Wolfgang
201715,Wolfgang Amadeus Mozart
201734,Wolfgang Gartner
201759,Wolfgang Sawallisch/Bernd Weikl/Hans Wilbrink/Ulrich Ress/Hermann Sapell/Roland Wagenführer/Rainer Büse/Guido Götzen/Friedmann Kunder/René Pape/Chor der Bayerischen Staatsoper München/Bayerische Staatsorchester München/Ben Heppner/Cheryl Studer/Kurt
201761,Wolfgang Sawallisch/Edda Moser
201762,Wolfgang Sawallisch/Philadelphia Orchestra/Natalia Gutman
201782,Wolfmother
201794,Wolfside
201796,Wolfskind
201817,Woman Of Faith And Power
201818,Woman on Top - OMPS
201819,Woman's Hour
201822,Women In Love
201828,Women's Liberation
201832,Won Geun Song| BASICK| Eun Woo Jung
201835,Won-Joo Hwang
201837,Wonder Boys - Music From The Motion Picture
201838,Wonder Girls
201839,Wonder Karaoke
201845,Wonder World
201846,WonderWeed (ワンダーウィード)
201849,Wonderful Chillout Music Ensemble
201854,Wonderful Tonight
201859,Wonderful★opportunity!
201861,Wonderland
201869,Wongawilli
201873,Wonjoo Lee
201874,Wonk
201877,Wonman in Worship
201884,Woo Hyuk Jang
201886,Woo Jung Ha
201889,Woo Tae Woon
201890,Woo Yi Kyung(우이경)
201891,Woo-Side(우싸이드)
201892,WooLim project
201899,Woodatruth
201910,Woodes
201913,Woodkid
201921,Woodpigeon
201924,Woods
201926,Woods Of Ypres
201938,Woody Allen & La Musique
201941,Woody Guthrie
201942,Woody Guthrie| Pete Seeger
201943,Woody Herman
201946,Woody Herman And His Orchestra
201955,Woody Shaw
201958,WoodyWoody
201961,Woof
201965,Wooil
201968,Wookie feat. Rachel K Collier
201976,Woomera
201978,Woong San
201979,Woong San| DJ Okawari
201990,Worakls
201999,Words
202011,Work
202018,Work Out Music
202022,Work Out Music Club
202025,Work That Body - The Keep Fit Work Out Volume 2
202042,Working With Lemons
202045,Workout
202054,Workout Buddy
202062,Workout Electronica
202071,Workout Hits Remixed
202073,Workout Machine
202074,Workout Mafia
202082,Workout Music & Workout & Workouts
202085,Workout Music All Stars
202091,Workout Remix Factory
202097,Workout Trance
202100,Workouts
202110,World Cup
202111,World Cup All-Stars
202135,World Order
202139,World Saxophone Quartet
202141,World Sketch
202147,World Vocal Allection
202155,Worlds Apart
202168,Wormed
202170,Wormrot
202193,Worship From The Word
202194,Worship House
202199,Worship Music Project
202202,Worship Together
202203,Worship Together - The Heart Of Worship
202205,Worship Tracks
202217,Worthless
202223,Wotlie
202234,Wovenwar
202236,WowKidz
202246,Wrabel
202251,Wrathschild
202255,Wreck The Deck| Inc.
202256,Wreck-It Ralph
202259,Wrecking Ball
202262,Wreckless Eric
202269,Wrenfro
202271,Wrestling Heroes
202272,Wretch 32
202283,Write This Down
202307,Wu Fang
202308,Wu Jia Hui
202312,Wu-Tang Clan
202314,WuShu Allstars
202315,Wuide Wachl
202318,Wuki
202331,Wutan
202342,Wyatt Ocean
202349,Wyclef Jean
202353,Wycliffe Gordon
202356,Wye Oak
202357,Wyen Solo
202368,Wym
202372,Wynd Chymes
202379,Wynonie Harris
202381,Wynter Gordon
202382,Wynton Kelly
202383,Wynton Kelly Trio
202385,Wynton Marsalis
202386,Wynton Marsalis & Ellis Marsalis
202391,Wynton Marsalis| Judith Lynn Stillman
202400,Wyves
202404,Wänz
202407,X
202411,X 2010
202413,X Ambassadors
202415,X Ambassadors|Jamie N Commons
202418,X Clan
202423,X JAPAN
202427,X Minus One
202437,X'mas Blessing
202438,X+ (X+)
202445,X-Bax
202465,X-Men：First Class O.S.T.
202466,X-O-Planet
202467,X-Panda
202492,X-ecutioners
202495,X-press 2
202499,X.Q
202501,X.Y.Z.→A
202520,XIA
202522,XIN SEHA
202524,XIU
202525,XIUMIN
202535,XL組合
202539,XO
202542,XO-IQ
202545,XOLO Island
202546,XOV
202551,XOXO 6
202557,XSCAPE
202560,XSTAL
202561,XTC
202570,XXL Electric Beat
202577,XXYYXX
202579,XX樂團+趙一豪
202582,XY&O
202583,XYK
202584,XYLØ
202587,XYZ
202589,XYconstant
202598,Xalyakin
202617,Xandria
202639,Xavi Huguet
202647,Xavier Cugat
202656,Xavier De Maistre
202666,Xavier Naidoo
202669,Xavier Omär
202703,Xenia Tchoumitcheva
202707,Xeno & Oaklander
202713,Xerath
202728,Xi
202730,Xia
202731,Xia Fei-Yun
202738,Xilent
202741,Ximbo
202754,Xiu Xiu
202759,Xmal Deutschland
202761,Xmas
202763,Xmas Classics
202764,Xmas Classics| Christmas Band| Christmas Carols Orchestra
202767,Xmas Collective| Xmas Music
202768,Xmas Dance Trax 2010 (Christmas Songs in Electro House Techno Trance Mixes)
202770,Xmas Hits Collective| Childrens Christmas Party| Christmas
202776,Xmas Music
202781,Xmas Party Ideas
202787,Xmas Stars
202793,XoN
202819,Xriz
202825,Xspance
202829,Xtance feat. Liziloo
202831,Xtc Planet
202836,Xtrah| Current Value
202848,Xtx Productions
202857,Xun
202878,Xylos
202879,Xylouris White
202886,Xzibit
202896,Y&T
202914,Y.E.
202922,Y.Je
202927,Y.V.E. 48
202934,YACHT
202938,YALLA FAMILY
202947,YANG YO SEOP
202957,YB
202964,YDG
202968,YENA(예나)
202969,YESEO
202970,YESUNG
202972,YEZI| Babylon
202976,YG
202983,YI SUNG YOL
202985,YIYO
202987,YK
202989,YM
202997,YOHIO
203003,YOO YEONJUNG|  DAWON (WJSN)
203004,YOO YOUNG JIN X D.O.
203005,YOON DO HYUN x Reddy x G2 x INLAYER x JOHNNY
203007,YOONA (GIRLS’ GENERATION)
203011,YOSHIKI TAKADA
203012,YOU
203020,YOUNG@HEART CHORUS DOCUMENTARY SOUNDTRACK + MOSTLY LIVE
203034,YS
203041,YUI
203045,YUKI
203052,YUN Jihun(To Romance) 윤지훈 (투로맨스)
203064,YUTA OKUHARA
203088,Ya-Ya
203100,Yabai T-Shirts Yasan (ヤバイTシャツ屋さん)
203110,Yada Duci
203117,Yael
203125,YahJah
203148,Yakooza
203155,Yakushimaru Etsuko (やくしまるえつこ)
203163,Yall
203178,Yaman & Fatking
203187,Yamazaki Masayoshi (山崎まさよし)
203190,Yami Bolo
203191,Yami Tabby
203195,Yamil| Joe Red
203199,Yammo
203204,Yan Baray
203216,Yana
203219,Yana Remix4life| Copper| Mhyt| Js14 Hardcore
203223,Yancey Boys
203228,Yandel
203233,Yang Da Il
203234,Yang Da Il| Hyolyn
203235,Yang Eun Jin
203236,Yang Gang
203240,Yang Li Zhen 杨丽珍
203242,Yang Song E
203245,Yang Yoseob & Heo Gayoon
203246,Yang Yoseop| Kim Juna
203250,Yangpa
203253,Yanick Hellwig
203262,Yankie
203270,Yann Tiersen
203275,Yanni
203282,Yannick Bovy
203285,Yannick Noah
203293,Yano
203301,Yantra Mantra
203314,Yarah Bravo
203331,Yaron Herman
203343,Yasei Collective
203349,Yashwant Deo
203357,Yasmin
203381,Yasuha Kominami (小南泰葉)
203392,Yasutaka Nakata (中田ヤスタカ)
203406,Yavor Manev
203411,Yaya
203429,Ybs Skola
203436,Ye Joon Lee
203448,Yeah Boy
203450,Yeah Yeah Yeahs
203451,Yeaill Band
203452,Yean Ng Junyean
203455,Year Of No Light
203462,Year7 Class1
203466,Years & Years
203468,Yeasayer
203470,Yechan
203483,Yegrina
203489,Yehudi Menuhin
203490,Yehudi Menuhin & Robert Masters Chamber Orchestra
203494,Yehudi Menuhin/Dennis Clift/Bath Festival Orchestra
203498,Yehudi Menuhin/Marcel Gazelle/Hendrik Endt/Artur Balsam/Ferguson Webster/Hubert Giesen
203512,Yehudi Too
203520,Yelawolf
203522,Yeliana
203529,Yelle
203530,Yellerkin
203532,Yellow
203536,Yellow Asia
203542,Yellow Claw
203543,Yellow Claw & Cesqeaux
203545,Yellow Claw & Yung Felix
203546,Yellow Claw Ft. Rochelle
203547,Yellow Claw ft. LNY TNZ
203548,Yellow Claw| Dirtcaps| Yellow Claw| Dirtcaps
203549,Yellow Claw| Mightyfools
203551,Yellow Dubmarine
203553,Yellow House Orchestra
203559,Yellow Monsters
203564,Yellow Pioneers
203568,Yellow Submarine
203578,Yellowcard
203581,Yellowjackets
203582,Yellowman
203587,Yemi Alade
203600,Yendri
203609,Yeo Eun
203611,Yeoeun
203612,Yeoha
203613,Yeol
203616,Yeom Shin-Hye & Sunwoo Jung-A
203624,Yeoul.B
203630,Yerba Buena
203631,Yerin Baek
203636,Yes
203644,Yes! Fitness Music
203648,Yeseul Ahn
203666,Yesterday's New Quintet
203671,Yes| I Do!
203690,Yezi
203692,Yfn Lucci
203704,YiFeng Li
203710,Yim Jae Beum
203713,Yin Yang Therapy
203714,Yin Yoga Academy
203719,Ying Blazin
203721,Ying Yang Twins
203722,Ying Yang Twins featuring Greg Tecoz
203742,Yiruma
203753,YlangYlang| Tech Noir| YlangYlang| Tech Noir
203762,Ylric Illians
203764,Ylvis
203769,Yndi Halda
203776,Yngwie J. Malmsteen
203777,Yngwie Malmsteen's Rising Force
203783,Yo Gotti
203784,Yo Gotti feat. Jeezy & YG
203788,Yo La Tengo
203789,Yo Majesty
203798,Yo Trane
203799,Yo Tsuji|Harumi Fuuki (富貴晴美|辻 陽)
203801,Yo Yo Ma+Bobby McFerrin
203803,Yo-Yo
203804,Yo-Yo MA| Edgar Meyer| Chris Thile| Stuart Duncan
203805,Yo-Yo Ma
203806,Yo-Yo Ma & Chicago Symphony Orchestra| The Silk Road Ensemble
203807,Yo-Yo Ma & Kathryn Stott
203808,Yo-Yo Ma & The Silk Road Ensemble
203810,Yo-Yo Ma; Boston Symphony Orchestra; Seiji Ozawa; Emanuel Ax
203811,Yo-Yo Ma| Amsterdam Baroque Orchestra| Ton Koopman
203815,Yo-Yo Ma| Edgar Meyer| Joshua Bell| Mark O'Connor
203820,YoGi
203844,Yoe Mase
203851,Yoga & Yoga
203855,Yoga Asanas Music Paradise
203859,Yoga Class Music
203860,Yoga Club
203864,Yoga Dreams
203870,Yoga Healing
203878,Yoga Massage Music
203882,Yoga Meditation Music Set
203885,Yoga Mr Sound
203886,Yoga Music
203888,Yoga Music Academy
203890,Yoga Music Classics
203894,Yoga Music Guru
203897,Yoga Music Maestro
203899,Yoga Music Masters
203901,Yoga Music for Kids Masters
203906,Yoga Music| Yoga Workout Music| Spa Relaxation & Spa
203910,Yoga Musik Dreamer
203919,Yoga Pop Ups
203926,Yoga Sounds
203928,Yoga Teacher
203933,Yoga Tribe
203936,Yoga Waheguru
203948,Yoga Workout Music| Yoga| Yoga Music
203950,Yoga and Chakra Flutes
203952,Yoga del Mar
203963,Yogee New Waves
203965,Yogi & Skrillex
203980,Yohappie
203984,Yohsuke Ishida (石田洋介)
203985,Yohuna
203989,Yojo & JP
203994,Yoko Duo
203996,Yoko Hikasa (日笠陽子)
204002,Yoko Ono
204015,Yoland Be Cool & DCUP
204016,Yolanda Adams
204018,Yolanda Be Cool
204023,Yolanda Selini
204026,Yolanda be Cool| DCUP
204036,Yomo
204051,Yong Jin Cho
204052,Yong Pil Cho
204066,Yonni Fairchild
204068,Yonrimog
204073,Yoo Da Eun(유다은)
204074,Yoo Gno
204076,Yoo Haejoon
204079,Yoo Neung
204080,Yoo Sang Moo
204081,Yoo Se Yun
204083,Yoo Seung Chan
204084,Yoo Seung Ryong
204091,Yook Sung Jae
204094,Yoon Do Hyun
204095,Yoon Duk Won
204096,Yoon Dukwon
204099,Yoon Gun & Lee Hyo Ri
204102,Yoon Han
204103,Yoon Hee Seok
204104,Yoon Hyun Sang (윤현상)
204106,Yoon Jong Shin
204107,Yoon Joo Hee
204109,Yoon Oh
204110,Yoon Sang Hyeon
204121,Yoongun & Seohyun(So Nyeo Shi Dae)
204122,Yoonhye
204130,York
204140,Yoshi Ikuzo (吉幾三)
204146,Yoshida Brothers (吉田兄弟)
204148,Yoshida Yamada (吉田山田)
204152,Yoshihiro Hanno (半野喜弘)
204155,Yoshiki
204165,Yoshino Nanjo (南條愛乃)
204185,Yoskar Sarante
204194,Yosuany
204196,Yosvany Terry
204198,Yotam Silberstein
204199,Yotangor
204203,You & I
204205,You Agi
204210,You Are My Destiny OST
204211,You Are Number Six
204214,You Beautiful Creature
204227,You Me At Six
204235,You Show The Lights
204247,You're The Inspiration: The Music Of David Foster And Friends
204249,You+Me
204264,Youme
204266,Youn Sun Nah
204271,Younes Khalif
204274,Young & Dangerous II (Original Soundtrack)
204281,Young 40
204288,Young Ant
204289,Young Artistry
204290,Young Aundee
204293,Young B
204295,Young B Doe
204297,Young Baltimore
204301,Young Bari & J-Roc
204307,Young Blacc da Boss
204326,Young Buck
204360,Young Cream
204362,Young Culture
204365,Young D
204368,Young DJ
204369,Young Dameno
204372,Young Dee
204373,Young Deenay
204383,Young Doe
204384,Young Doe| Analiza Slim
204387,Young Dolph
204394,Young Dreams
204396,Young Dro
204405,Young Empires
204406,Young F.a.I.T
204411,Young Fathers
204423,Young Franco
204427,Young G
204428,Young G Money
204429,Young Galaxy
204441,Young Greatness
204447,Young Guns
204448,Young Gunz
204463,Young Hyeenaz
204477,Young Jayda
204480,Young Jeezy
204486,Young Ji
204489,Young Jordan
204493,Young Jun (Brown Eyed Soul)
204503,Young Keem
204525,Young London
204532,Young M.A
204533,Young MC
204535,Young Magic
204538,Young Man
204541,Young Marble Giants
204558,Young Money
204566,Young Nard
204581,Young Paperboyz
204584,Young Paris
204587,Young People
204604,Young Rebel Set
204610,Young Rising Sons
204620,Young Sam
204626,Young Scrap
204633,Young Shanty
204650,Young Soul| Jordan Morris
204655,Young Squage
204667,Young Summer
204677,Young Thug
204678,Young Thugg
204681,Young Thug| Travis Scott
204691,Young Twon
204695,Young Vaughn
204699,Young War
204706,Young Wonder
204717,Young the Giant
204725,Young/Ure/Brothers/Band
204729,YoungAh feat. enu jong
204731,YoungCiph
204735,YoungQueenz
204740,Youngblood Brass Band
204741,Youngblood Hawke
204743,Youngbloodz
204746,Youngchan Kwon
204756,Youngmin Kim
204759,Youngr
204764,Younha
204791,Your Relatives
204792,Your Rival
204794,Your Song
204811,Yousei Teikoku (妖精帝國)
204814,Youssou N'Dour
204815,Youssoupha
204821,Youth Club
204822,Youth Decay
204825,Youth Lagoon
204844,Yovie & Nuno
204849,Yoyo International Orchestra
204856,Yozoh
204857,Yozoh & Eric You
204858,Yozoh| Jae Il Jung
204873,Yu Jina
204874,Yu Jun Sang
204875,Yu Kosuge(小菅　優)
204882,Yu Seung Woo
204883,Yu Takahashi (高橋優)
204886,Yu 張祠語
204890,Yu-chien Tseng
204894,YuReeNa
204906,Yuck
204922,Yuha
204924,Yuhan Su
204927,Yui Aragaki (新垣結衣)
204929,Yui Horie (堀江由衣)
204931,Yui Ogura
204936,Yuichi Tamate (玉手ゆういち)
204937,Yuikaori (ゆいかおり)
204939,Yuja Wang
204960,Yuki Hayashi (林ゆうき)
204975,Yukimaru yui (雪丸結衣)
204976,Yukmouth
204978,Yuko Ando (安藤裕子)
204981,Yuko Narisoko (成底ゆう子)
204989,Yuksek
205000,Yuletide Spirit
205004,Yuli Turovsky & I Musici De Montréal
205014,Yultron
205017,Yum Kimil
205027,Yumi And The Weather
205029,Yumi Kawai (河合　由美)
205031,Yumi Matsutoya (松任谷由実)
205034,Yumi Zouma
205039,Yummy
205041,Yun Ddan Ddan
205042,Yun Doe
205043,Yun Ha Park
205053,Yuna
205054,Yuna Ito (伊藤由奈)
205056,Yundi
205057,Yundi Li
205066,Yung Bae
205079,Yung D.I.
205097,Yung Gleesh
205106,Yung Hurn
205115,Yung Joc
205129,Yung Lean
205137,Yung Mic
205142,Yung Nation
205153,Yung Ralph
205176,Yung Ty
205179,Yung Von
205196,Yungen
205210,Yunje
205212,Yunjin
205217,Yunosuke (雄之助)
205221,Yura Maira
205229,Yuri Bashmet
205231,Yuri Buenaventura
205242,Yuri Sazonoff & Jerry Caringi
205250,Yurika Endo (遠藤ゆりか)
205251,Yurika Kubo
205254,Yurim
205255,Yurim Ahn
205261,Yuri| Seohyun
205269,Yusef Lateef
205274,Yussef Kamaal
205285,Yusuf TheGentleman
205288,Yusuke (遊助)
205295,Yuta Matsuyama (松山優太)
205299,Yutaka Sado
205301,Yutaka Yamakawa (山川豊)
205305,Yutrillo Music(Solo) (ユトリロミュージック(ソロ))
205315,Yuv
205319,Yuvanshankar Raja
205322,Yuya Matｓushita (松下優也)
205324,Yuya Wakai
205330,Yuzu (ゆず)
205347,Yves Larock
205348,Yves Montand
205356,Yves V
205359,Yves V / Promise Land
205360,Yves V| Swanky Tunes
205371,Yvette Rovira
205374,Yvng Swag
205377,Yvonne Catterfeld
205383,Yvonne Kenny
205397,Yyrkoon
205399,Yzra Band e Yzrael Lapointe
205410,Z
205413,Z LaLa
205423,Z-RO
205434,Z.Z. Hill
205438,Z:ON
205439,ZAA Sanja Vučić
205442,ZAMAR樂團 (薩瑪樂團)
205447,ZAQ
205448,ZARD
205451,ZAYN| Taylor Swift
205453,ZAZ
205457,ZDS
205459,ZE:A帝國之子
205472,ZERO-G
205475,ZEST
205477,ZHU
205479,ZICO
205480,ZIGGY
205482,ZIGGY & Dave Till
205488,ZINOV
205490,ZIP發射樂團
205491,ZIZO
205501,ZOEgirl
205510,ZRM
205516,ZYUN.
205518,ZZ Top
205520,ZZ Ward
205523,ZZanu
205542,Zac Brown Band
205554,Zac Waters
205556,Zacardi Cortez
205558,Zacarias Ferreira
205564,Zach Berkman
205567,Zach Clayton
205577,Zach Martini
205591,Zach Willard Band
205604,Zachary Martinez
205618,Zack Hemsey
205619,Zack Knight
205623,Zack Mufasa
205626,Zack Shelton and 64 to Grayson
205628,Zack Vandermyde
205633,Zacks Nkosi
205673,Zak Abel
205680,Zak Waters| Pretty Sister
205689,Zakk Wylde
205695,Zalama Crew
205718,Zanda Elwood
205719,Zander
205729,Zane Jason Johns
205730,Zane Jayson Johns
205743,Zantalino and his Orchestra
205755,Zap-Pow
205758,Zapp
205759,Zapp & Roger
205761,Zapp Roger
205767,Zara Larsson
205768,Zara Larsson| MNEK
205769,Zara McFarlane
205777,Zarahn
205778,Zarakeys
205803,Zatox
205806,Zave
205814,Zay Hilfigerrr & Zayion McCall
205817,Zayde Wolf
205818,Zayde Wølf
205820,Zayion McCall
205821,Zayn
205823,Zayra
205827,Zazen Boys
205835,Zbigniew Preisner
205864,Zealyn
205873,Zebra
205877,Zebra Katz
205882,Zebrahead
205884,Zebuel
205888,Zed
205891,Zedd
205894,Zedd| Aloe Blacc
205895,Zedd| Botnek
205896,Zedd| Grey
205898,Zeds Dead
205900,Zeds Dead & Oliver Heldens
205901,Zeds Dead & Omar Linx
205903,Zeds Dead| Diplo
205904,Zeds Dead| NGHTMRE
205906,Zee Avi
205910,Zee Trigger
205914,Zeebra
205924,Zefira Valova| Alexis Kossenko| Les Ambassadeurs
205927,Zega-Zadda
205939,Zeitz
205941,Zeke Pablo
205944,Zeke Thomas
205959,Zelkern| Manuatek
205961,Zella Day
205968,Zemfira
205992,Zen Meditation Music Academy
206030,Zen Piano
206037,Zen Spa Music Relaxation Gamma
206041,Zen Voices
206042,Zen Widow: Gianni Gebbia| Matthew Goodheart| & Garth Powell
206045,Zendaya
206047,Zendee
206051,Zeni Geva
206062,Zenitude Specialist
206072,Zen俊倩
206074,Zeon
206075,Zepfire
206076,Zeph
206092,Zero 7
206093,Zero Assoluto
206096,Zero Cult
206097,Zero Dialect
206099,Zero Effect Music From The Motion Picture
206124,Zerosospiro
206131,Zeskullz
206146,Zeus the Plug
206151,Zeya
206161,Zhala
206167,Zhané
206168,Zhao
206186,Zhrine
206189,Zhu Yi Ling 朱仪玲
206192,Zia
206221,ZiggaRice
206225,Ziggy Marley
206226,Ziggy Marley & The Melody Makers
206228,Ziggy Pockets
206235,Zii
206249,Zilo Groove
206262,Zimmer
206266,Zimmer| Pallace
206274,Zinc
206283,Zingo
206301,Zion I
206302,Zion I & The Grouch
206303,Zion I & The Grouch| Zion I| The Grouch
206309,Zion.T
206310,Zion.T| Crush
206312,ZionTrain| MrPackage| Suv| Prospekt| DJ Bey| Dil Evans & Dave Mc Laud| LaoJam| SaviD| CAMPRESS| ALMAMEGRETTA| Reptilian| Zaimmo| NOJESUS| Anihlis| Monoblue| PABLO RASTER| FelixTheRedCat| Vata Grafix| Rikki| DSG| Twiztah| Nitrous| DJ Martello| Patrizia DJ
206335,Zitten
206338,Ziv Ravitz
206349,Zkamri
206361,Zo!
206362,ZoPD
206363,ZoPD| JeA
206373,Zodiak Killa
206381,Zoe Keating
206408,Zola Jesus
206411,ZolarWind
206414,Zolita
206417,Zoltán Kocsis
206420,Zoltán Kocsis|Claudio Arrau|Alexander Uninsky|Michele Campanella|Misha Dichter
206421,Zom
206433,Zombie Land
206447,Zomboy
206451,Zomby
206463,Zonderling
206465,Zone
206472,Zoned In
206483,Zoo Brazil - Songs for Clubs 2
206489,Zoo Project
206492,ZooFunktion
206497,Zooey
206517,Zoot Sims
206518,Zoot Sims Quartet
206521,Zoot Woman
206576,Zubin Mehta & Wiener Philharmoniker
206588,Zucchero
206599,Zulu Natives
206602,Zulu Winter
206604,ZuluMafia
206612,Zumba
206614,Zumba Fitness
206622,Zuoxiao Zuzhou
206624,Zurez
206653,Zy
206671,Zyrah
206675,Zzino & Guss Carver
206701,[500] Days Of Summer - Music From The Motion Picture
206702,[Alexandros] ([Alexandros])
206706,[SEBELL]
206707,[dunkelbunt]
206710,[re:jazz]
206712,[逆轉勝] 五月天∕怪獸 原聲原創紀 ([Second Chance] Soundtrack & Autobiography of Mayday Monster)
206717,a crowd of rebellion
206722,a.m.studio
206729,aMEI (張惠妹)
206739,abingdon boys school (アビングドンボーイズスクール)
206740,about barbara
206746,add9(Heri P) (add9(ヘリP))
206748,adukuf
206759,aika
206782,all of love
206784,alt-J
206785,am1r
206788,amazarashi
206791,ame no parade (雨のパレード)
206794,amenomondays (雨のマンデーズ)
206796,ammoflight
206800,androp
206802,andymori
206804,angela
206805,angela & fripSide
206806,angela×fripSide
206810,antimony (アンチモン)
206815,apple41
206833,asfi
206834,ashcolor
206836,asiatwinshikaritokazehiifu (アジアツインズ光と風Hi-Fu)
206838,astronomyy
206839,at17【盧凱彤 (Ellen Loo) & 林二汶 (Eman Lam)】
206845,aus
206857,ayokay
206861,azz in Scenes
206862,b.seite
206871,back number
206876,ballet music & Piano & Ballet Jazz Compagnie
206879,banvox
206885,barreltaltor
206894,beautiful the past time
206902,bezBand
206908,binray
206911,bird
206913,bisco blues
206926,bohemianvoodoo
206928,boku no lyric no bouyomi (ぼくのりりっくのぼうよみ)
206930,bonobos
206931,boots
206933,boujour suzuki (ボンジュール鈴木)
206948,brother john
206955,bvdub
206967,callme
206978,case/lang/veirs
206982,celluloid x masazi
206983,cero
206985,chair house (chair house)
206990,chariken-P (チャリけんP（安田チャリけん）)
206991,chay
206993,chelmico| Mikeneko Homeless (chelmico| Mikeneko Homeless)
207008,choma
207018,cinema staff
207022,cleerbeats
207024,clipping.
207039,consolation
207045,cosMo@暴走P
207047,cott
207061,cupcakKe
207076,dBridge
207078,dEUS
207085,dance flow
207088,danierukunP
207089,daniwellP
207099,day after tomorrow (デイアフタートゥモロー)
207100,dayDream
207101,db
207102,db Feat. Jani
207112,dePresno
207118,deadmau5 feat. Grabbitz
207132,deko sano (佐野でこ)
207139,devoN Nickoles
207145,diZZy
207151,dios (malos)
207156,dj Shawny
207173,doriko feat. Hatsune Miku
207174,dorlis
207178,downy
207191,dustbox
207193,dvsn
207209,eLLe Morgan
207221,eagleowl & Jonnie Common
207224,eastern youth
207226,edIT
207232,ei8ht
207239,elephant DEE
207243,elias
207248,em-cee
207256,emon
207263,enid
207265,enoyak
207268,ent
207272,enya-sang (エンヤサン)
207277,erica
207285,etsuco
207286,eucalyptus.[ゆうかり]
207287,eufonius
207289,every boy
207291,every♥ing！
207295,exmagician
207298,e麥音樂
207300,f(x)
207307,fabs#
207308,face
207309,fade
207315,fat jon
207320,feedtime
207322,fhana
207327,filous
207331,firekid
207341,flumpool
207345,for King & Country
207347,forest L
207350,fox capture plan
207352,fox capture plan feat. Keishi Tanaka
207362,fukyouwaonn (不響和音)
207363,fun.
207375,genki suisin katudodan hidamari (元気推進活動団・ひだまり!)
207379,getItMan Fresh
207388,girl next door (ガールネクストドア|ガルネク)
207392,globe
207395,gnash
207396,go!go!vanillas
207398,god
207401,gogomusic群星
207402,goldEN
207416,greAir
207418,grram
207422,grynch
207424,gugudan
207429,guy morancon & guy deplus
207431,h.INKYU
207440,haruk_a
207441,haruka nakamura
207443,harunacute
207445,hashiyasume (箸休)
207452,heRobust
207476,hinayukki@仕事してP
207477,hinemoshi (hinemoshi)
207479,hiro
207483,hiromin (ひろみん)
207487,hitRECord
207488,hitomi
207499,hush！樂團
207500,hy4_4yh
207503,hyukoh
207509,i-Reiki
207515,i.Rias (i.Rias)
207518,i.n.g
207519,i11evn
207522,iCD銀河愛音樂
207523,iCarly
207529,iET
207536,iKON
207539,iLL Faded
207545,iLLvibe
207547,iLoveMemphis
207548,iLoveMemphis fka iHeartMemphis
207561,iSH
207566,iSweat Fitness Music
207570,iZReaL
207574,iamDRED
207575,iamamiwhoami
207584,iiO
207591,ilan Bluestone| Jason Ross
207594,ill Factor
207595,ill-esha & venza
207598,illa
207600,illinit
207603,illion
207607,in FAM step
207612,inFashion - modern mix
207614,inc. no world
207616,indigo blue
207617,indigo la End
207621,inori Minase (水瀬いのり)
207622,io樂團 (io)
207624,iroha(sasaki) (イロハ（ササキ）)
207628,it's different
207629,it's different| helen
207631,itmusic studio
207635,ivory coast
207643,j.Billion
207653,japan_conquest
207661,jealkb
207664,jennylee
207669,jizue
207679,josh pan
207680,josh pan & X&G
207681,josh pan| X&G
207682,josh pan| x&g| jorgen odegard
207687,julian davies
207696,jyA-Me
207698,k-os
207699,k.d. lang and the Siss Boom Bang
207709,kainatsu
207734,kazuo sato (佐藤和夫)
207736,keeno
207741,kemu
207745,kentaro watanabe (渡辺　健太郎)
207761,kino
207766,kissaquo (キッサコ)
207769,kitty
207776,koducer × daoko
207779,kokkei no door (滑稽のドア)
207791,koushirou (卑屈P)
207801,kukatachii
207802,kukikodan (空気公団)
207804,kumiko morita (森田くみこ)
207805,kumoribi
207812,kusoiinkai (空想委員会)
207825,lenno
207833,livetune & Pharrell Williams feat. Hatsune Miku (livetune & Pharrell Williams feat. 初音ミク)
207834,livetune feat. 初音ミク
207835,livetune+
207837,locofrank
207839,lol
207841,loscil
207842,louisPasteur
207843,love is all
207844,love+war
207847,lumo
207849,lynch.
207851,lyrical school
207854,m-SJ
207855,m-flo
207856,m-flo loves BONNIE PINK (エムフロウラブズボニーピンク)
207857,m-flo loves BoA (エムフロウラブズボア)
207858,m-flo loves Emi Hinouchi & Ryohei (m-flo loves 日之内絵美 & Ryohei)
207860,m.age.project
207863,mAd sOuL cHiLd
207871,machineheart
207890,manual
207895,maron nekota (猫田まろん)
207904,mathru(KanimisoP) (mathru(かにみそP))
207909,maya
207911,mayu(HIGHSCHOOLSINGER.JP) (（ハイスクールシンガー）)
207917,mcYUU a.k.a asoeats (mc遊 a.k.a 遊beats)
207921,meg featuring 東京ブラススタイル
207926,meloel
207928,melost (天月-あまつき-×はしやん)
207940,miCKun
207945,michiyo
207951,mihimaru GT
207962,milktea
207963,milktub
207965,millstones
207977,misi Ke 柯泯薰
207979,miss A
207983,miwa
207986,miyu
207994,mochA
208018,moonlight lounge - 20 luxury lounge & chillout tunes
208032,mothy
208033,mothy_悪ノP feat.鏡音リン、鏡音レン
208034,moumoon
208036,movin'
208039,mrhay.co.uk
208044,muTRIO
208056,muzzle-lab
208058,my little airport
208066,myrza
208067,myunDo
208071,n. Lannon
208078,nafla
208082,nakamura-ya (仲村屋)
208095,nano
208096,nano an aperture
208097,nano.RIPE
208119,never young beach
208122,new element echo
208135,nipsey hussle
208136,nitsua
208138,nj
208139,no sleep
208149,noelle
208154,nonkeen
208156,noon
208161,noripy (のりぴー)
208173,nowhere樂團 (nowhere band)
208174,nowisee
208182,nyanyannya
208183,nówfrago
208188,oOoOO
208196,of Verona
208197,offaiah
208200,okameP (オカメP)
208221,orange pekoe (オレンジペコー)
208223,oreginalP (オレジナルP)
208226,ortoPilot
208229,otetsu
208243,pacificUV
208244,paniyolo
208255,per se
208261,photograph
208264,pianoboy
208266,pigstar (ピッグスター)
208267,pilgrimage to tokyo
208274,plenty
208285,pote (ぽて)
208291,prince ALI
208294,program YMG
208299,pukkey
208319,re:plus
208320,re:plus × Robert de Boron × Hidetake Takayama
208323,realist|loverst
208325,rega
208327,restless soul feat. Shea Soul
208328,retasuP (レタスP)
208338,river flow
208344,robin scott
208347,romi
208351,ryo (supercell)
208352,ryo(supercell) feat. HATSUNE MIKU (ryo(supercell) feat. 初音ミク)
208363,sads
208365,sakanaction (サカナクション)
208367,samfree
208373,sasakure.UK x DECO*27
208374,sasanomaly (ササノマリイ)
208390,seoan
208391,serpentwithfeet
208434,sin with sebastian
208441,siqingeril
208448,sizimi
208450,skazi
208457,sleepmakeswaves
208459,sleepy.ab
208461,slo
208462,sloth
208472,song
208473,song (ソング)
208488,soundmix24
208494,sp'ACE
208501,starRo
208508,stone
208515,sugar plant
208519,supercell
208530,syung@
208531,sébuhiroko
208532,t Yoonmirae
208534,t+pazolite
208537,t.A.T.u.
208538,t.Komine (うたたP)
208540,tINI
208541,tUnE-yArDs
208544,tagami
208545,tai wu guo xiao gu yao zhuan chang &Daniel ho
208557,takrec
208562,tamamix
208570,te'
208584,tetsuo
208589,the GazettE
208590,the JaneDear girls
208606,the bed room tape
208607,the brilliant green
208614,the georgia trio
208622,the man
208634,the telephones
208644,thePOALO
208648,theflow
208651,thomas' factory (thomas' factory)
208654,tico moon
208659,tio
208662,toa (とあ)
208664,tobyMac
208665,toddle
208666,toe
208667,tofubeats
208671,tokuP (とくP)
208675,tommy fresh
208677,tomoka wakabayashi (若林倫香)
208686,totalmusic
208691,trashpoptERROR
208693,tricot
208694,trioMotion
208700,tsunenori
208702,turn up
208705,twenty one pilots
208707,twinbird
208714,tyDi
208716,tyDi feat. Cameron Walker| tyDi
208717,tyDi feat. Dia Frampton
208718,tyDi| Jack Novak
208724,uchuu|
208727,uknoMunroe
208753,various artisits
208754,various artist
208778,w-inds.
208789,we.man.Love 我們愛
208805,whoo
208811,will.i.am Nicki Minaj
208815,wintermute
208820,world's end girlfriend
208836,xmas songs
208842,y0c1e
208847,yanmi
208853,yein
208857,yoga
208860,yoojasound
208861,yoomiii
208864,yoshie
208870,yoshiteru kotani
208874,young welfare
208875,yozuca*
208878,yucat
208879,yui&鏡音リン
208886,yukari
208891,yulia ziskel
208932, 埃克霍恩(小提琴)+貝格爾(高音大提琴)+蓋拉多(鋼琴)
208941,µ-Ziq
208948,Áine Cahill
208950,Álvaro González
208954,Ángel Luis Samos Luna
208961,Ásgeir
208963,Ängie
208969,Æðra
208973,Çeşitli Sanatçılar
208981,Édouard Commette
209010,Ólafur Arnalds
209012,Ólöf Arnalds
209016,Ödön Rácz
209017,Ödön Rácz| Franz Liszt Chamber Orchestra
209023,Ömür Göksel
209042,ØL
209055,÷1
209061,Đoàn Thuý Trang
209062,Đông Nhi
209065,Đỗ Phú Quí
209087,Şebnem Ferah
209102,α波童話音樂盒系列
209104,ν[NEU]
209105,Ёлка
209144,Алла Пугачева
209146,Алсу
209148,Алёна Апина
209162,Ани Лорак
209163,АнимаТор
209168,Анна Семенович
209189,БАБЛ ГАМ
209197,Баста
209198,Баста| Смоки Мо
209199,Бегемот (Begemot)
209202,Браво
209218,Валерия
209227,Виа Гра
209259,Время и Стекло
209306,Джиган
209336,Егор Крид| Тимати| Нюша| Сергей Лазарев| Ани Лорак
209340,Екатерина Бродская
209349,Жак-Энтони
209360,Земфира
209390,Карандаш
209408,Крематорий
209412,Кристина Орбакайте
209422,Ленинград
209435,Линда
209443,Лёха Медь
209487,Мумий Тролль
209495,Надежда Гуськова
209499,Натали
209518,Ночные Снайперы
209521,ОГОНЬ ОРКЕСТР
209523,ОУ74
209531,Олег Чубыкин
209556,Полина Гагарина
209564,Потап и Настя
209571,Различные исполнители
209604,Сергей Грубов
209626,Соль Земли
209634,Стриж
209638,Таисия Повалий
209641,Тамара Гвердцители
209646,Тараканы!
209647,Татьяна Буланова
209652,Тимати
209654,Тимур Родригез
209667,Тіна Кароль
209681,Хор Ленинградского радио и телевидения
209684,ЦельРазгром
209699,Южный Централ
209700,Юлианна Караулова
209704,Юля Волкова
209710,Юта
209748,עידו בי וצוקי
209778,กบ ทรงสิทธิ์ & แอม เสาวลักษณ์
209789,กวาง ABnormal (Kwang ABnormal)
209791,กอล์ฟ พิชญะ (Golf Pichaya)
209793,กะลา (KALA)
209794,กัน นภัทร (Gun Napat)
209795,กัน นภัทร| โตโน่ ภาคิน |ริท เรืองฤทธิ์
209796,กัน อชิ (Gun Achi)
209801,กันอชิ อชิรวิชย์
209802,กันอชิ อชิรวิชย์|แอมป์ ภูริกูลกฤษฎ์
209804,กัปตัน ชลธร คงยิ่งยง +ไวท์ ณวัชร์ พุ่มโพธิงาม
209808,กั้ง วรกร (Kang Vorakorn)
209820,ก้อง ห้วยไร่
209822,ก้านคอคลับ (Gancore Club)
209835,คัตโตะ
209837,คาราบาว (Carabao)
209846,คุณโอ๋ (Khun O)
209850,ค็อกเทล (Cocktail)
209851,จมาพร แสงทอง
209859,จอห์น ธนากร
209862,จัสติน ผ่องอำไพ (Justin Pongumpai)
209866,จินตหรา พูนลาภ
209870,จีน กษิดิศ (Gene Kasidit)
209874,จูเลียต บัลโคนี่ (Juliet Balcony)
209886,ชาติ สุชาติ
209888,ชิน ชินวุฒ (Chin Chinawut)
209903,ซีล (Zeal)
209911,ญาญ่า หญิง (Ya Ya Ying)
209912,ญารินดา (Yarinda)
209915,ณัฐ ศักดาทร
209918,ณเดชน์ คูกิมิยะ
209919,ณเดชน์ คูกิมิยะ & ญาญ่า อุรัสยา-Nadech Kugimiya & Yaya Urassaya
209931,ดา เอ็นโดรฟิน
209940,ดิว อรุณพงศ์ (Dew Arunpong)
209949,ดีฟโอซี
209954,ตั้ม วราวุธ
209956,ตั้ม เดอะ สตาร์ (TUM THE STAR)
209959,ตั๊กแตน ชลดา -  ไผ่ พงศธร (Takkatan Chollada -  Phai Pongsathorn)
209962,ตาตั้น (TATON)
209974,ตู่ ภพธร (Two Popetorn)
209975,ต่าย อรทัย
209984,ต้อล วันธงชัย (Tol Vonthongchai)
209995,ทาทา ยัง (Tata Young)
210001,ทู อิน วัน (2 IN 1)
210002,ทเวนตี้ ไฟร์ เอาเออะ (25 hours)
210012,นท พนายางกูร (Note Panayanggool)
210014,นนท์ ธนนท์ (Non Thanon)
210020,นอส (NOS)
210026,นัท มีเรีย (Nat Myria)
210027,นัน สุนันทา (Nann  Sunantha)
210028,นันทิดา แก้วบัวสาย (Nantida Kaewbuasai)
210046,นิว จิ๋ว (New Jiew)
210050,นิโคล เทริโอ (Nichole Theriault)
210053,นุช ตีสิบ
210055,นูโว (Nuvo)
210060,น้ำชา ชีรณัฐ (Namcha Sheranut)
210062,บลู เชด (Blue Shade)
210063,บลู เบิร์ด (BlueBird)
210064,บอดี้สแลม (Bodyslam)
210074,บอย พีซเมคเกอร์ (Boy Peacemaker)
210075,บอย สมภพ
210078,บอย โกสิยพงษ์ (Boyd Kosiyabong)
210080,บอยด์ โกสิยพงษ์ feat. ตู่ ภพธร
210090,บิลลี่ โอแกน (Billy Ogan)
210093,บิ๊ก แอส (Big Ass)
210097,บี พีระพัฒน์
210101,บี้ สุกฤษฎิ์ (Bie Sukrit)
210110,ปนัดดา เรืองวุฒิ (Panudda Reungwut)
210114,ปราโมทย์ วิเลปะนะ (Pramote Wilepana)
210124,ปั่น (Pan)
210125,ปั้น แบชเชอร์ (Pun Basher)
210128,ปาล์มมี่ (Palmy)
210129,ปิ่น THE STAR 12 (PHIN THE STAR 12)
210137,ป้าง นครินทร์
210139,ป๊อบ ปองกูล (Pop Pongkool)
210143,ฝน นภัส (Fon Naput)
210156,พริกไทย
210159,พรีน THE STAR 12 (PREEN THE STAR 12)
210166,พลอยชมพู (Ploychompoo)
210170,พอส (Pause)
210174,พั้นช์ (Punch)
210180,พิจิกา (Pijika)
210201,ฟิล์ม บงกช (Fymme Bongkot)
210204,ภูริกูลกฤษฎ์ ชูศักดิ์สกุลวิบูล
210217,มอส ปฏิภาณ (Mos Patiparn)
210220,มาช่า (Masha)
210222,มาตัง ระดับดาว (Matung Radubdow)
210224,มายด์ (Mild)
210225,มาริสา สุโกศล หนุนภักดี (Marisa Sukosol Nunbhakdi)
210238,มิสเตอร์ ทีม (Mr.Team)
210244,มุก วรนิษฐ์ (Mook Worranit)
210256,ยิปโซ อริย์กันตา (Gypso Ariigantha)
210265,รวมนักแสดงภาพยนตร์ ไอฟาย..แต๊งกิ้ว..เลิฟยู้
210266,รวมศิลปิน
210268,รวมศิลปิน เพลงประกอบละคร (Various Artists)
210270,รวมศิลปิน เพลงประกอบละคร ช่อง 3 (Various Artists)
210285,รูม 39 (Room 39)
210287,ละอองฟอง (La Ong Fong)
210290,ลิปตา (Lipta)
210293,ลุลา (Lula)
210315,วัชราวลี
210323,วิคเตอร์ ชัชชวิศ (Victor Chatchawit)
210334,ว่าน ธนกฤต (Wan  Thanakrit)
210355,สงกรานต์ รังสรรค์
210370,สวีต มัลเล็ต (Sweet Mullet)
210383,สิงโต นำโชค (Singto Numchok)
210385,สิบล้อ (Siplor)
210408,หญิงลี ศรีจุมพล
210416,หนุ่ม กะลา (NUM KALA)
210418,หนุ่ม สมศักดิ์ (Noom Somsak)
210424,หนูนา หนึ่งธิดา (Noona Nuangthida)
210442,อรุณ สิงห์ลำพอง
210445,อะตอม ชนกันต์ (Atom Chanakan)
210448,อัสนี แอนด์ วสันต์ (Asanee & Wasan)
210449,อัสนี โชติกุล (Asanee Chotikul)
210454,อาภาพร นครสวรรค์
210467,อินสติงค์ (Instinct)
210468,อิ้งค์ วรันธร
210469,อีทีซี. (Etc.)
210481,อ้อน ลัคนา (Aon Luckkana)
210482,อ้อน เกวลิน คอตแลนด์
210488,อ๊อฟ ปองศักดิ์ (Aof Pongsak)
210498,เกรซ เดอะสตาร์ 11 (Grace THE STAR 11)
210502,เก็ทสึโนว่า (Getsunova)
210504,เก่ง ธชย
210512,เคที่ แปซิฟิก (Katie Pacific)
210513,เครสเชนโด้ (Crescendo)
210514,เคลียร์ (KLEAR)
210517,เจ เจตริน (J Jatrin)
210520,เจมส์ จิรายุ (James Jirayu)
210525,เจี๊ยบ วรรธนา
210527,เจ็ทเซ็ตเตอร์ (JETSET'ER)
210537,เชอรีน เดอะ สตาร์ (CHERREEN THE STAR)
210543,เซ็กต์ ดักส์ แฟมิลี่ (SDF)
210546,เดวิด อินธี (David Inthee)
210549,เดอะ บอททอม บลูส์ (The Bottom Blues)
210550,เดอะ มูสส์ (THE MOUSSES)
210560,เดอะ สตาร์ 9 (THE STAR 9)
210561,เดอะ เยอร์ส (The Yers)
210563,เดอะ ได ได (The Dai Dai)
210564,เดอะฟิน (The Fin)
210576,เต้น นรารักษ์
210581,เทิร์นออน (Turn On)
210583,เท่ง เถิดเทิง
210587,เนเชอรัล เซนส์ (Natural Sense)
210588,เบน ชลาทิศ
210589,เบล สุพล (Bell Supol)
210591,เบลล์ นันทิตา ฆัมภิรานนท์ (Belle Nuntita Khamphiranon)
210593,เบิร์ด ธงไชย
210594,เบิร์ด แอนด์ เสก (Bird & Sek)
210600,เป้ อารักษ์ แอนด์ เดอะปีศาจแบนด์
210610,เพลงประกอบละคร สุภาพบุรุษจุฑาเทพ ตอน คุณชายพุฒิภัทร (PLENG PRA GAUB LA KORN SOO PAHP BOO ROOT JOO THA TEP TAUN KOON CHAH POOD THI PAT)
210628,เยสเซอร์ เดย์ (Yes'sir days)
210629,เรทโทรสเปค (Retrospect)
210640,เสก โลโซ (Sek Loso)
210656,เอส.ดี.เอฟ (S.D.F)
210661,เอิ้น พิยะดา (Earn Piyada)
210663,เอิ๊ต ภัทรวี (Earth Patravee)
210664,เอี่ยว พาคินทร์
210672,เอ๊ะ จิรากร (Ae Jirakorn)
210676,แกงส้ม ธนทัต (Kangsom Tanatat)
210678,แกรนด์ พรรณวรท|ฮั่น อิสริยะ (Grand Panwarot|Hun Isariya)
210680,แก้ม วิชญาณี (Gam Vichayanee)
210681,แก้ม วิชญาณี (Gam Wichayanee)
210682,แก้ม วิชญาณี|พรีน รวิสรารัตน์
210685,แก๊ก Prinky Groove (Gag Prinky Groove)
210687,แคนดี้ มาเฟีย (Candy Mafia)
210690,แคลอรีส์ บลาห์ บลาห์ (Calories Blah Blah)
210704,แดน วรเวช ดานุวงศ์ (Dan Worrawech Danuwong)
210709,แนท ณัฐชา (Nat Natthacha)
210720,แบงค์ แคช (BANKK CA$H)
210721,แบนด์วากอน (BANDWAGON)
210722,แบมบี้ เดอะ สตาร์ (BAMBI THE STAR)
210724,แบล็คเฮด (Blackhead)
210729,แพรว คณิตกุล (Praw Kanitkul)
210737,แม็ก นานา
210743,แสตมป์ (Stamp)
210747,แหนม รณเดช วงศาโรจน์ (Ronnadet Wongsaroj| Namm Ronnadet)
210755,แอนเดรีย สวอเรซ
210756,แอม เสาวลักษณ์ (Amp Saowaluck)
210758,แอมป์ ภูริกูลกฤษฎ์|กันอชิ อชิรวิชย์ (Amp Phurikoolkrit|GunAchi Achirawich)
210759,แอมมี่ เดอะ บอททอม บลู (Ammy The Bottom Blues)
210761,แฮงแมน (HANGMAN)
210763,โกไข่กับนายสน
210771,โซคูล (So Cool)
210772,โซฟา (Sofa)
210778,โดม จารุวัฒน์ (Dome Jaruwat)
210781,โดม ปกรณ์ ลัม
210786,โต๋ ศักดิ์สิทธิ์ (ToR+ Saksit)
210787,โต๋ ศักดิ์สิทธิ์ เวชสุภาพร (Tor Saksit Vejsupapor)
210788,โทนี่ ผี (Tony Phee)
210790,โนโลโก้ (Nologo)
210793,โปเตโต้ (Potato)
210801,โรส ศิรินทิพย์ (Rose Sirintip)
210803,โลว์แฟต
210804,โลโซ (Loso)
210805,โลโมโซนิค (Lomosonic)
210808,โอลีฟส์ (Olives)
210821,ไซ-แอม (Syam)
210826,ไทเทเนี่ยม (Thaitanium)
210829,ไผ่ พงศธร (Phai Pongsathorn)
210834,ไมค์ ดิ.เอนเจลโล (Mike D. Angelo)
210840,ไมโคร (MICRO)
210851,ไอซ์ ศรัณยู (Ice Sarunyu)
210855,‘London Road’ Band
210858,℃-ute
210866,♥♥♥LOVE♥♥♥
210868,《china》舞台劇原聲帶
210869,《全民公主》電視原聲帶
210870,《女醫明妃傳》電視劇原聲帶 (《The Imperial Doctress》Original Soundtrack)
210871,《小時代》電影音樂 Tiny Times OST
210872,《李欣芸與陳瑞斌的海上情書》電影原聲帶
210873,《杜拉拉之似水年華》 電視原聲帶
210874,「女人30情定水舞間」電視原聲帶
210875,「竊聽風雲」電影原聲大碟 Vol. 1-3
210876,「落跑吧 愛情」原聲帶 (All You Need Is Love Original Soundtrack)
210877,「蒼穹之戰神」COMPLETE BEST ALBUM
210878,『シティーハンター in Seoul』オリジナル・サウンドトラック
210879,『我鄰居是EXO』OST
210880,『終極X宿舍』電視原聲帶
210881,【花季未了】百年舞台劇原聲帶大碟
210887,あぶらだこ
210895,あらかじめ決められた恋人たちへ
210899,いちごキッズ & ぱーるキッズ
210909,うたまろ
210913,おさむらいさん
210915,おにゅうP
210929,かみぬまゆうたろう
210932,きいやま商店 (きいやま商店)
210935,きっきょん
210936,きのこ帝国
210950,ぐるたみん
210955,こどもらうんじ
210963,さかもとえいぞう
210967,さくら学院
210973,さよならポニーテール
210975,ざ・五人囃子
210985,ずんだれ
210987,そこに鳴る
210991,たいが
210992,たかい いぶき| Eve
210995,たこやきレインボー
210997,たどころ晋也(高橋ジョージ)
211000,だいじゅ
211001,だいすけP
211003,ちばゆき
211004,ちばり
211005,ちばんど
211015,つゆ
211019,てんやわんや
211023,とけた電球
211024,どついたるねん
211029,なかにし鈴子
211035,にごどる！（葉月真衣、寺島あかり、新妻華奈、桜良苺、杉村ちか子、結月春菜、鈴木千菜実、宮木南美、篠崎愛、三浦愛恵、村田綾野）
211039,にゃ～たん(CV:村川梨衣)、モ～たん(CV:松井恵理子)、ピヨたん(CV:佐々木未来)
211046,はせがわかおり
211048,はな
211050,はやや
211058,ぱぷりか
211061,ひめキュンフルーツ缶
211063,ふくい舞
211065,ふなっしー
211066,ふわふわしすぎてわかりません｡
211074,まいxなお
211077,まきゃヴぇり
211078,まこみな
211080,まちぶせ
211086,まり子
211088,まるちゃんの靜岡音頭
211101,みみめめMIMI
211111,やつかひとし
211112,やなせなな
211113,やみくろ
211119,ゆちゃP
211121,ゆめがあるなら (children's song)
211124,ゆよゆっぺ
211126,ゆりきゃんでぃ☆
211128,よういんひょく
211132,より子
211134,るなちゅ
211136,れるりり
211141,アイドリング!!!
211142,アイドルネッサンス
211148,アコルディ弦楽四重奏団
211152,アヒル軍曹P
211157,アヤナ
211165,アレクサンドル・ラザレフ／日本フィルハーモニー交響楽団
211169,アロマオルゴール ミュージック
211171,アンサンブル・プリズマ・ウィーン
211186,イツエ
211194,インビシブルマンズデスベッド
211195,イヴ・デュテイユ
211203,ウィリアム・ロ－ズ・オ－ケストラ　マーク・ローズ　ギター
211204,ウサたん(CV:相坂優歌)、ウマたん(CV:小澤亜李)、キーたん(CV:戸田めぐみ)、イヌたん(CV:本多真梨子)
211205,ウタぴょん
211207,ウラディーミル・アシュケナージ/NHK交響楽団
211209,ウラディーミル・アシュケナージ/シドニー交響楽団
211217,ウワノソラーズ
211222,エミ・マイヤー
211231,エレクトロニカ DJ Experience
211233,エレン・イェーガー(CV:梶裕貴)、ジャン・キル シュタイン(CV:谷山紀章)、ミカサ・アッカーマン(CV:石川由依)from attackers
211242,オルゴール
211244,オルゴール Sankyo
211245,オルゴール コレクション
211246,オルゴール サウンド コレクション
211247,オルゴール☆コレクション
211248,オルゴールで聴く 桑田佳祐 サザンオールスターズ作品集
211249,オルゴールサウンド J-POP
211259,カサンドラ
211260,カジヒデキ
211270,カメレオ
211272,カラスは真っ白
211281,カーネーション
211289,ガンジンルー
211290,キセノンP
211293,キム・ギョンホ
211294,キム・ソジョン
211299,キャラメルペッパーズ
211308,クラシックバレエ クラブ
211317,クリスマスソング ピアノ Master & クリスマスソング
211331,ゲイリー芦屋
211332,ゲスの極み乙女。
211346,ゴデハルト・ヨッピヒ ＆ 聖グレゴリオの家聖歌隊
211356,サウリュス・ソンデツキス/リトアニア室内管弦楽団
211359,サトウトモミ
211361,サニー久保田とオールドラッキーボーイズ
211365,サンタラ
211375,ザ・チャレンジ
211383,シマたん(CV:巽悠衣子)、ドラたん(CV:内田真礼)、ウリたん(CV:花守ゆみり)
211385,シャムキャッツ
211389,シュビドゥバ
211393,シンフォニック・ウィンド・オーケストラ21 指揮＝佐藤正人
211394,シンリズム
211396,ジブリサウンドトラック
211398,ジャズ & ジャズ
211399,ジャズ音楽アカデミー
211405,ジョゼ
211408,スカート
211409,スキップカウズ
211412,スターライト オーケストラ＆シンガーズ
211413,スターライトP／Benjamin
211418,ストレス解消
211427,スパ音楽のアカデミー
211437,ズーラシアンブラス
211443,セーンジャー
211451,ソンレイナス
211452,ソーセージ
211454,タイナカ彩智
211455,タカノン
211464,タニザワトモフミ
211481,チッツ
211484,チュウたん(CV:大原さやか)、シャアたん(CV:生天目仁美)、メイたん(CV:渕上 舞)
211485,チラ見セーズ
211491,テラ小室P
211494,テンテンコ
211499,デスおはぎ
211503,トクマルシューゴ
211506,トミ藤山
211507,トム
211533,ハコイリ♡ムスメ
211535,ハタヨガ音楽ゾーン
211538,ハチビー
211541,ハナエ
211542,ハニーゴーラン
211551,バラダン
211552,バルP
211570,パーマ大佐
211572,ヒゲドライバー
211573,ヒツジツキ
211582,ヒーリング・ライフ
211584,ビューティフルハミングバード
211585,ビレッジマンズストア
211586,ビーグルクルー
211592,ピアノ 胎教 音楽 Masters
211593,ピアノで缀る美しい日本の名曲・・・Cafe Piano Japanese Style
211604,ファンファン
211610,フェビアン・レザ・パネ・トリオ
211628,プチボサ・ファミリー
211629,ヘクとパスカル
211642,ホテルニュートーキョー
211649,ポジティブ思考
211657,マチゲリータ
211659,マックス・ポンマー、札幌交響楽団 & 札響合唱団
211660,マッサージのための音楽アカデミー
211662,マヒナスターズ/渕上雅代
211675,ミツメ
211679,ミュージックガンガン！２オリジナル
211681,ミュージック・ボックス・エンジェルス
211684,ミルキィホームズ（三森すずこ、徳井青空、佐々木未来、橘田いずみ）
211687,ミロスラフ・ケイマル & アレス・バールタ
211690,ムスカP(狐夢想)
211698,メグリアイ
211708,メロジー製作所
211730,ヨウヘイ
211733,ヨガ Master
211740,ライオンハート
211742,ライブシーンを彩る女神たち2
211744,ラグジュアリー オルゴール
211745,ラグジュアリー ピアノ
211752,ララバイアカデミー
211764,リラクゼーション Guru
211766,リラクゼーションゾーン音楽
211769,リラックスした音楽のアカデミー
211770,リラックスサウンド
211771,リラックスサウンドプロジェクト
211774,ルルティア
211776,レイキヒーリングユニット
211784,ロケットりょう太
211785,ロザリーナ
211793,ワスレナ
211804,ㄉㄧㄢˋㄉㄧㄢˋ (dMDM)
211807,一丁一口 輕樂團
211808,一之瀬ユウ
211809,一人一首成名曲
211810,一休
211811,一個人的聖誕節
211813,一切如來全身 舍利咒
211814,一切從電影開始
211815,一加一組合
211816,一對校園青春男女 用二胡與鋼琴碰撞出16首古典音樂火花
211818,一步樂團
211820,一綾
211823,一起聽月亮
211824,一起飛
211825,一路開花
211827,一頁台北 電影原聲大碟
211828,丁丁
211829,丁丁與西西
211830,丁于 (Caesar)
211832,丁力
211833,丁可
211834,丁噹 (Della)
211835,丁國琳
211836,丁姵均
211840,丁思忖
211843,丁曉雯
211847,丁爽
211851,丁衣凡 (Ryan Ding)
211852,丁詩瑀 (Birdy)
211853,丁酉酉
211854,丁香曉曉
211857,七朵花 (7 Flowers)
211859,七瀬由紀子
211861,七號青
211862,七郎
211866,三上悠亜
211869,三個人 (Three People)
211870,三四朗
211871,三四朗 with クリオネ
211880,三橋美穂| 久米由基
211881,三橘之戀電影原聲帶
211883,三牲獻藝
211885,三葉キジ（ＣＶ：Ｋｉｍｅｒｕ）・四桜犬士郎（ＣＶ：山本匠馬）・悟空猿門（ＣＶ：保志総一朗）・五代大和（ＣＶ：武内駿輔）
211886,三角COOL
211892,三重電音宮 (SanChung Electronic Kong)
211895,上々颱風
211896,上原れな
211897,上原彩子
211900,上妻宏光
211903,上官萍
211907,上明
211913,上海交響樂團
211915,上海愛樂管弦樂團
211920,上野由恵/石橋尚子
211923,上間綾乃
211924,下一站，幸福電視原聲帶
211926,下山静香
211927,下川みくに
211930,下班後小酒館
211931,不優雅先生
211933,不可能的Mix
211936,不寂寞樂團．阿京
211938,不是桃樂絲 (I'm not Dorothy)
211939,不是樂隊 (noyes)
211941,世一文化
211942,世武裕子
211943,世界のザキ
211945,世界軌跡樂團
211946,世界電影一百年紀念
211947,世紀台語精選
211949,丘丘@丘沁偉 (Jyn Chiu)
211950,丘丘合唱團
211953,丘與樂 (TRUE AND LOVE)
211958,中丸景子　KEIKO
211959,中井亮太郎
211960,中原大學數位音樂學程畢業製作團隊2
211962,中國古代十大名曲
211963,中國喜慶音樂
211964,中國娃娃
211965,中國星秀坊
211966,中國民樂300首
211968,中國的浪漫1
211969,中國音樂大全之二胡名家名曲大全
211970,中國音樂大全之古箏名家名曲大全
211971,中國音樂大全之大師集
211972,中國音樂大全之琴道禪韻
211973,中國音樂大全之琵琶名家名曲大全
211974,中國音樂大全之笛子名家名曲大全
211975,中國音樂家
211976,中國魔笛俞遜發笛子專輯1
211981,中堅份子 (Teamin Between)
211982,中央廣播電台/愛播聽書
211983,中央廣播電臺
211985,中山うり
211990,中山貴大
211993,中嶋泰三
212001,中村好江
212003,中村理恵
212008,中港台電視劇主題曲大比拼
212011,中田裕二
212012,中華職棒23年攻守交替主題曲
212013,中華隊專屬啦啦隊 (謝京穎 Orange、語媓 Queenie、李羽棠 Angel、怡庭 Reina、邵凡僖、許綺亞 Eda、劉怡琪kiki)
212017,中離狗樂團
212019,丸子
212020,丸子 (Cosmo)
212025,丹尼古奇
212027,主儀開經 (閩南語課誦)
212031,久升音藝-CAVENDISH
212035,久升音藝-UBM MEDIA
212036,久登
212039,乒乓電視原聲帶
212042,乘弘、乘願領眾敬頌
212043,乘願領眾敬頌
212045,乙女新党
212047,九九
212052,九龍
212053,九龍變劇集原聲帶
212055,乱彈阿翔 (Luantan Ascent)
212059,二代目ミスX(cv 井口裕香)
212062,二手玫瑰 (Second Hand Rose)
212065,二本貓 (UrbanCat)
212066,二胡+中胡+高胡演奏
212067,二胡演奏
212069,二階堂和美
212070,二龍湖浩哥
212071,于三珊
212072,于三珊+黃桂芳+邱罔舍
212073,于冠華
212074,于冬晴
212075,于台煙 (Shelly Yu)
212076,于娟
212077,于孟台
212078,于小冉
212080,于朦朧
212082,于櫻櫻
212083,于櫻櫻| 克峰
212084,于浩威 (Howl Yu)
212085,于湉 (Tan)
212086,于立成 (Freddy Yu)
212087,于萍
212089,于韻非
212090,云菲菲
212092,五人一首
212093,五十峯ゆき
212100,五月ながれ
212101,五月天 (Mayday)
212102,五月天 石頭 (Stone)
212103,五條人 (Wu Tiao Ren)
212104,五福星報喜
212110,井上恵一
212116,井上陽介 Z's
212120,井柏然
212121,井筒昭雄
212122,井草聖二
212123,亜沙
212127,亞力維新 (Asian Power)
212128,亞崴尤奈
212129,亞旺
212130,亞洲唱片精選系列
212131,亞男
212132,亢帥克 (Sharco Kang)
212133,交工樂隊
212134,交響情人夢
212136,亦帆 (Canace Wu)
212137,亦帆+楊子黎+徐哲緯+黃宥傑+林采緹
212139,享樂法蘭西
212141,京本百加
212145,人工衛星
212146,人文音樂館
212147,人聲樂團合輯 (A for a cappella| House for Life.)
212148,人間天堂之鋼琴演奏
212151,今井絵理子
212152,今夜は★コヨーテ
212159,他者 The Other
212160,付丹| 焦金海
212161,付辛博
212163,仙劍奇俠傳 電玩原聲帶
212165,仙狐奇緣
212167,代小波
212168,代岳東
212169,代平
212170,代慧穎
212172,代領 (Darling)
212173,仮面ライダードライブ オリジナルサウンドトラック
212174,任俊陶 (Dap Jon)
212177,任同祥嗩吶專輯
212178,任和
212179,任妙音
212180,任子墨
212181,任家萱 (Selina)
212182,任帥兵
212184,任柏儒
212185,任永恆
212188,任潔
212189,任潔玲
212190,任然
212192,任賢齊 & 梁漢文 (Richie Jen & Edmond Leung)
212193,任賢齊 (Richie Jen)
212195,任雪晨
212196,任震昊
212204,伊梓帆
212205,伊津美 昴
212206,伊琳
212207,伊甸園之東電視原聲帶
212208,伊索
212209,伊能靜 (Annie Yi)
212211,伊藤佳代
212215,伊藤志宏
212219,伊雪
212220,伊雪莉 (Shirley Yee)
212221,伊雪麗
212222,伊雷兔 (ElectroO2)
212223,伍佰 & China Blue
212224,伍俊華
212227,伍华
212228,伍國忠
212229,伍定彥 (Don)
212230,伍家輝
212231,伍家輝+李欣怡
212232,伍富橋 & 林師傑 & 陳國峰 & C君 & 陳豪
212234,伍思凱 (Sky Wu)
212235,伍浩哲
212236,伍澤 (Chris)
212238,伍賢 (Ng Yin)
212239,休閒輕搖滾
212241,伝統音楽インドBGM
212242,伶倫音樂
212243,似水年華-電視劇配樂全選輯
212244,似水年華-黃磊 文學音樂劇本
212246,低明度時期 (Low-Brightness Period)
212247,低苦艾樂隊
212249,住海邊
212250,佐々木 希
212254,佐々木健太郎
212255,佐々木友里
212259,佐倉ユキ
212262,佐橋俊彦
212264,佐藤ひろ美
212270,佐藤直紀
212272,佐藤聡美
212275,佐藤隆
212280,何一
212281,何以奇 (Alexis Ho)
212284,何俊明 橘子作品
212285,何俐恩 (Lillian Ho)
212286,何優冉
212288,何勇
212289,何占豪 朱昌耀 王愛康 陸如安 編曲
212290,何嘉文+李明川
212291,何嘉茵 (Cherry Ho)
212296,何川
212297,何建清
212298,何弘軒 (Alan Ho)
212299,何念兹 (Michiyo Ho)
212301,何方
212302,何晟銘
212303,何曼婷
212305,何杰兒 (Ger)
212307,何森
212308,何欣
212309,何欣穗 (ciacia her)
212310,何沛璇 (Eunice Hoo)
212311,何浣舟
212312,何浩文 (Dominic Ho)
212313,何潔
212315,何潤東
212316,何瑞康 (RayKang)
212318,何真真
212319,何禹萱
212320,何紫慧 (Cherry Ho)
212321,何維健 (Derrick Hoh)
212322,何耀珊 (Sun Ho)
212323,何芝芸
212324,何芸妮 (Winnie Ho)
212327,何超儀 (Josie Ho)
212328,何超與海膽仔 (Josie & the Uni Boys)
212329,何鑑軒
212330,何雁詩 & 胡鴻鈞 & 吳業坤 (Stephanie Ho & Hubert Wu & Kwan Gor)
212331,何雁詩 (Stephanie Ho)
212332,何靜
212333,何韻詩 (HOCC)
212335,何龍雨
212336,佘詩曼 (Charmaine Sheh)
212338,余亮誼(餅兒)
212343,余天
212344,余天龍
212345,余威
212346,余孫生
212347,余小魚
212348,余帝
212349,余文樂 (Shawn Yue)
212350,余文龍
212351,余昶賢
212352,余楓
212354,余翠芝 (Chita Yu)
212355,余艾倫 (Aileen Yu)
212356,余荃斌 (No name)
212357,余震東
212358,佛光禪歌
212359,佛教國語課誦系列
212360,佛教梵唄樂團
212361,佛教經讚
212362,佛教閩南語演唱系列
212363,佛教閩南語課誦系列
212364,佛曲演唱系列
212366,佛說阿彌陀經國語教學
212367,佛跳牆 (BUDDHA JUMP)
212368,佛香甜 (Frusciante)
212369,作業用 Maestro
212373,你們你們 (YOU-S)
212374,你嘛！幫幫忙
212375,你愛永不變
212376,你我反詐騙全民當柯南
212377,你沒聽過的，另類聖誕歌曲
212378,你為我著迷 電視原聲帶 1
212380,你的生活
212382,侃侃
212383,來吧！焙焙！ (Come On! Bay Bay!)
212384,來自紅花坂 電影原聲大碟
212385,依拜維吉 (I Pay Buyici)
212386,依林法師
212387,依然
212388,依錚依靜
212392,侯嘉英 (Brian Hau)
212397,侯志斌
212400,侯湘婷 (Angel hou)
212402,侯磊 (Hou Lei)
212407,侯麗芳
212411,俞心嵐
212414,俞遜發+詹永明
212415,俞遜發-笛子專輯
212417,俞隆華
212420,信 (Shin)
212421,信心地圖
212422,信樂團 (Shin Band)
212423,修北
212424,倆倆 Claire & Cheer
212426,倪力 (Nick Ngai)
212427,倪子岡 (Nese)
212428,倪安東 (Anthony Neely)
212429,倪賓
212430,倫敦頌揚合唱暨交響樂團
212431,倫永亮
212432,假勇樂團
212433,假文藝青年俱樂部
212434,偏執狂樂團
212435,偲菘+偉菘 (Peter +Paul)
212436,側田 & 李思捷 (Justin Lo & Johnson Lee)
212437,側田 (Justin Lo)
212438,側田&劉浩龍 (Justin Lo & Wilfred Lau)
212439,偷心大聖PS男 電視原聲帶
212440,偷心電視原聲帶
212441,偷摸大雞
212444,傅健穎
212445,傅又宣 (Maggie Fu)
212447,傅宇昊 (Dave Eng-Hoo Poh)
212448,傅振輝
212449,傅振輝+5個女主角
212451,傅穎 (Theresa Fu)
212454,傅薇
212455,傅超華@超音界 & 劉曉華 (Tomi & Max)
212457,傑凱 (JKAI)
212458,傑利 Jelly Lee
212459,傣族 景頗族音樂合輯-雲南少數民族音樂之二
212460,催眠曲 Bedtime Songs Collective
212461,傳奇樂坊
212463,傻酷樂團 Cool Silly
212464,傾聽心靈音樂
212468,儒孺vs旺來
212469,優人神鼓
212470,優客李林 (Ukulele)
212471,優糖糖
212474,兀突骨
212475,元冠
212476,元宝
212477,元平
212478,元智大學流行音樂錄音社 (YzuRec)
212479,元氣G-BOYS
212480,元氣妹妹
212482,元若藍 (Shorty Yuan)
212483,元衛覺醒 (Awaking)
212484,元音天唱音樂系列
212486,兄弟本色G.U.T.S. (姚中仁、張震嶽、頑童MJ116)
212487,兄弟聯 (Go Go Club)
212489,先知瑪莉 (Mary See the Future)
212491,光合作用
212492,光岡昌美
212493,光引擎 (LightEngine)
212496,光樂團 (R.A.Y)
212497,光澤
212499,光良 (Michael Wong)
212500,光陰的故事  校園民歌回憶錄
212505,克峰
212506,克里夫 (Cliff)
212511,兒童佛教歌曲 (Children Buddhist Songs)
212512,兒童學習系列
212513,內地暢銷金曲
212514,內地華語精選
212515,內田奈織
212516,全世煌
212517,全民發燒偶像劇冠軍主題曲 Top 32
212518,全然敬拜系列 十二首名曲鏡拜詩歌精選
212519,全然渴慕系列
212520,全球電影配樂大師
212521,全素妍
212522,全素華
212523,兩室一廳
212524,兩小時樂團 (2HRs)
212525,八三夭 (The Last Day of Summer 831)
212526,八兩金主題原聲帶
212527,八十八佛洪名寶懺
212528,八十八顆芭樂籽 (88 balaz)
212529,八弟 (Buddy)
212531,八王子P
212532,八王子P × マーティ・フリードマン × 鹿乃
212535,八眼間諜
212536,八角塔男聲合唱團
212537,八部傳說‧布農
212538,公主幫 (Knights of Princess)
212539,公義 (純音樂)
212541,六哲
212542,六哲+蔡曉
212543,六字大明咒 - 國語演唱篇
212544,六字大明咒/心靈極品鋼琴輯
212546,六甲樂團
212547,六號出口電影原聲帶
212548,兰兰姐姐| 小蓓蕾组合
212549,共工靖雲 (Raymond Gong Gong)
212550,共犯
212551,关牧村
212558,再愛一次
212559,再見螢火蟲電視原聲帶
212562,冪雅
212563,冬カフェ・・・クリスマスと冬のカフェ・ミュージック
212568,冰淇
212569,冰淇淋少女組。
212570,冰火組合
212574,冷子夕
212575,冷漠
212578,冷筱宇| 夏凌兮
212579,冷顯達
212580,冼佩瑾 (Celeste Syn)
212589,凌雲+櫻花
212591,凍頂樂團 (Rock 'n' Rap)
212592,凡人二重唱
212594,凰玉
212595,凰翔翔
212601,出道＝紀念日
212602,刀郎
212605,分享器樂團 (Hands Up Band)
212606,分島花音
212607,分手說愛你電影原聲帶
212617,刘珈莉
212621,初夏
212625,初音ミクVS海賊王×[TEST]
212629,利得彙
212630,利未人室內樂團
212631,利未人現代樂團
212632,利特 X SUHO X Kassy X Cho| Young Soo
212633,利綺 (Romi Li)
212634,利菁 (Regine)
212636,刹那P
212637,刺客
212639,刺猬樂隊 (Hedgehog)
212641,刺青電影原聲帶
212648,前進樂團 (Transition)
212650,剛澤斌
212651,創作天團
212652,創時代音樂製作有限公司
212653,劉三藏
212654,劉亦菲
212656,劉佩芯 (Stephanie)
212657,劉佳
212658,劉佳欣
212659,劉依純
212661,劉偉仁
212662,劉偉德 (Victor Lau)
212663,劉傑洛 (Ziro Liu)
212666,劉冰歌
212668,劉剛
212669,劉力揚 (Jeno liu)
212671,劉君兒
212672,劉和剛
212673,劉品言 (Esther Liu)
212675,劉嘉亮
212676,劉嘉玲 (Carina Lau)
212677,劉在錫 X EXO
212678,劉士華
212680,劉奕岑+劉奕彤
212681,劉威煌 (Ryan Lau)
212682,劉娛嘉
212684,劉婉瑩 (Diana Liu)
212685,劉子千 (Jeremy Liu)
212688,劉宏傑
212689,劉家昌
212690,劉容嘉
212691,劉小慧 (Winnie Lau)
212693,劉尹樵
212695,劉彥羣
212696,劉德海
212697,劉德海+湯良興
212698,劉德華 & 李宇春 (Andy Lau & Chris Lee)
212699,劉德華 & 黃曉明 & 沈騰
212700,劉德華 (Andy Lau)
212701,劉心
212702,劉心+洪辰
212706,劉思涵 (Koala Liu)
212707,劉惜君 (Sara)
212708,劉愷威 (Hawick Lau)
212709,劉承志
212711,劉文正
212713,劉文金 彭修文 劉明源 朱昌耀 崔新 王愛康 編曲
212715,劉明峰
212716,劉明峰+MATZKA
212717,劉明湘 (Rose Liu)
212719,劉明輝
212720,劉春美
212721,劉春雲
212722,劉昱妤 (Lexie)
212723,劉曉華 (Max Lau)
212724,劉棟升
212725,劉森+王鐵錘+林文增+張維良
212729,劉沁
212730,劉沖
212732,劉浩龍 (Wilfred Lau)
212734,劉濤
212737,劉珂
212738,劉珂矣
212739,劉珺兒
212740,劉珺兒| 龍飄飄
212743,劉畊宏
212744,劉界輝 (Juztin Lan)
212745,劉秀暐
212746,劉秋儀
212747,劉秋儀| 秦永
212748,劉秋儀| 秦永| 王登雄
212749,劉立芩
212750,劉紫玲
212753,劉維+范曉萱
212754,劉美
212755,劉美君 (Prudence Liew)
212758,劉航
212759,劉芷妃
212760,劉苓
212761,劉若英 (Rene Liu)
212762,劉若英+嚴爵 (Rene Liu+ Yen-j)
212765,劉萬洋
212766,劉藍溪
212767,劉蘊晴
212768,劉虹嬅 (GinnyLiu)
212769,劉行格
212771,劉赤城
212774,劉軒蓁
212775,劉轉亮
212777,劉錫明 (Canti Lau)
212778,劉雅麗 (Alice Lau)
212780,劉雨松
212783,劉雲平
212784,劉韻
212785,劉順得
212786,劉香慈 (Chantel Liu)
212787,劉鳳瑤 (Finn Liu)
212788,功夫之王
212790,加々美亜矢
212796,加藤博啓
212797,加藤博啓 High Unit
212802,勁樂音樂Big Bang& Fuzz
212803,勁舞團
212805,勉強用 Maestro
212807,動力火車 (Power Station)
212808,動感音符演奏曲
212809,動靜 (Don Gin)
212810,勝嶼
212812,勝田一樹
212813,勞動服務 (Community Service)
212814,勞嘉怡 (Yukilovey)
212815,勸世寶貝喵喵 (Trance Baby Meow)
212816,勸世美少女娃娃
212817,包偉銘
212822,包美聖
212825,化學猴子
212827,北七樂團
212828,北乃きい
212830,北京中央音樂學院民樂團
212831,北京快樂小菩薩合唱團
212832,北京打擊樂團
212834,北原山貓
212841,北戈 (Beige)
212842,北斗奠安宮媽祖
212848,北沢麻衣
212852,區瑞強 (Albert Au)
212854,十七世大寶法王
212857,十二星座
212858,十二生肖賀新年
212861,十鼓擊樂團
212862,千佛禮讚
212864,千傑俊揚、王建傑
212865,千博樂家族
212866,千古絕響
212872,千早
212873,千昌夫
212874,千晴
212875,千百順
212878,千題百怪大冒險配樂原聲帶
212880,午夜電台情歌系列
212881,午後ティー
212882,午後之樹爵士樂團
212883,半成年主張
212884,半熟戀人 電視原聲帶
212885,半田健人
212888,卍LINE (卍LINE)
212889,华夏乐团
212890,华夏乐团| 丁安根| 石家环
212892,华夏乐团| 李小刚| 丁宝春
212896,华夏乐团| 陈述刘
212898,卓文萱 (Genie Zhuo)
212899,卓樂
212901,卓義峰 (A-par)
212903,協奏曲電視原聲帶
212906,南印度甘丹寺北學院多位格西唱誦
212907,南合文斗
212908,南團鬥陣合輯
212909,南征北戰
212910,南拳媽媽
212911,南拳媽媽NQMM (Nan Quan Mama NQMM)
212912,南方二重唱
212913,南方小羊牧場電影原聲帶
212916,南明東
212918,南海普陀山觀世音
212919,南海菩陀山觀世音
212921,南無地藏王菩薩聖號
212922,南無本師釋迦牟尼佛
212924,南無消災延壽藥師佛、藥師灌頂真言
212925,南無觀世音菩薩、朝山禮拜
212926,南王姊妹花
212927,南瓜妮歌迷俱樂部
212928,南西樂團 (NASYY)
212929,南面而歌
212930,南風
212931,卜學亮
212932,卜星慧+范曉萱
212933,卜科
212937,卡卡
212938,卡夫卡不插電
212941,卡通王國
212942,印子月
212944,印象派
212945,印象派鉛筆 (Impressionism Pencil)
212947,原 朋信
212948,原Band大賞-2011全國原住民樂團大賽紀念專輯
212949,原來是美男 電視原聲帶
212952,原創歌手精選輯
212953,原創達人
212955,原味左岸‧沙發香頌
212956,原味的夏天電視原聲帶
212957,原唱原曲
212960,原子邦妮 (Astro Bunny)
212961,原子霏
212967,原硕
212968,原碩
212969,原聲帶精選-超級劇無霸 2014
212971,原舞者
212972,厲娜
212973,參劈 (Tri Poets)
212974,又見一簾幽夢電視原聲帶
212977,友利花
212978,友善的狗9大創作藝人
212981,反光鏡 (Reflector)
212982,反賄選廣播劇
212983,叢日新
212984,叢浩楠
212986,古典名曲
212987,古典名曲點播100首
212988,古典大師
212989,古典情人
212990,古典搖籃瘋寶貝
212991,古典樂派
212992,古典美酒
212993,古典美食
212994,古典音樂花房
212995,古卓文
212997,古墳P
212998,古天樂 (Louis Koo)
212999,古小偉
213000,古川本舗
213002,古巨基 & 容祖兒 (Leo Ku + Joey Yung)
213003,古巨基 (Leo Ku)
213005,古琴演奏
213007,古箏佛讚
213008,古箏樂境系列
213009,古箏演奏
213010,古箏讚佛曲
213012,古舘由佳（ヴァイオリン） 　飯田俊明（ピアノ）
213016,古韻薪傳系列
213018,只要為你活一天電影原聲帶
213020,可嵐
213021,可晴
213022,可歆
213024,可澤
213025,可登
213026,可登歷年經典
213028,可米小子
213029,台北公案 (Taipei Cases)
213030,台北室內合唱團
213031,台北愛樂室內及管弦樂團 音樂總監暨指揮 /亨利‧梅哲
213033,台北曲藝團/愛播聽書
213035,台北爵士大樂團
213037,台北風尚長笛家族室內樂團
213040,台客嗆嘻哈
213041,台客電力公司
213042,台灣偶像劇精選
213043,台灣兒歌與民謠之旅
213044,台灣囝仔歌
213045,台灣國家公園音樂系列
213046,台灣圓達禪寺
213047,台灣地下音樂檔案
213048,台灣女孩
213050,台灣情歌
213051,台灣旅遊音樂系列
213052,台灣曼波[金水嬸電視主題歌]
213053,台灣森林自然聲音圖鑑
213054,台灣流行音樂經典 陳志遠紀念特輯
213055,台灣流行音樂經典大集
213056,台灣海聲實錄
213057,台灣爽樂團
213060,台灣竹樂團
213061,台灣經典歌曲演奏集
213063,台灣阿兜仔 (Froeigner In Taiwan)
213064,台灣音樂便當 (A Tasty Bento Box of Taiwanese Music)
213065,台灣音樂地圖 - 島嶼漫遊
213066,台語精選原版
213067,台青蕉樂團 (Youth Banana)
213068,台風 (Typhoon)
213069,叱咤中國風雲榜
213070,史上最hi華夏舞曲帝國
213073,史密斯飛船合唱團
213074,史志有
213076,史茵茵
213080,司徒蘭芳
213082,司馬中原
213083,司馬中原/愛播講堂
213085,各種各樣的藝術家
213087,吉他 Solo
213088,吉他古典瘋
213089,吉他浪漫夜
213090,吉他舒眠夜
213091,吉佑社 (Grow Up)
213093,吉克隽逸
213096,吉娜
213097,吉它中國
213100,吉川友
213104,吉普賽狂想曲
213105,吉澤嘉代子
213117,吉那罐子樂團
213120,吉馬創意大對唱
213121,吉馬台語排行榜
213122,吉馬大對唱
213123,吉馬男女大對唱
213124,同恩
213125,同班同學
213127,名渡山遼
213128,后樂團
213129,吐司男之吻電視原聲帶
213132,向井太一
213134,向蕙玲
213135,向量單車 (VectortheBike)
213137,吞食天地
213140,含笑食堂電視原聲帶
213141,吳丹妮
213142,吳亦凡 (Kris Wu)
213143,吳亦帆
213144,吳佩慈
213145,吳佩珊 (Devin)
213146,吳佳正
213147,吳俊余
213148,吳俊宏
213150,吳兆南+魏龍豪
213151,吳兆南相聲劇藝社
213152,吳兆南相聲劇藝社/愛播聽書
213153,吳克群 (Kenji Wu)
213154,吳勇濱
213156,吳卓源 (Julia Wu)
213157,吳卓羲 (Ron Ng)
213158,吳卓羲 + 陳展鵬 (Ron Ng + Ruco Chan)
213159,吳卓羲 ＆胡杏兒 (Ron Ng & Myolie Wu)
213160,吳卓羲＆謝天華＆陳鍵鋒 (Ron Ng & Michael Tse & Sammul Chan)
213161,吳卓羲＆關智斌＆吳浩康 (Ron Ng ＆ Kenny Wong & Deep Ng)
213162,吳卓羲＆黎耀祥 (Ron Ng＆Wayne La)
213163,吳南穎 (Fiona Wu)
213164,吳君如 (Sandra Ng)
213166,吳听徹
213167,吳品醇
213169,吳國敬 (Eddie Ng)
213171,吳大衛
213172,吳奇隆 (Nicholas Wu)
213173,吳姵文
213174,吳婉瑜 (Bobo Wu)
213175,吳婉芳
213177,吳宗憲 (Jacky Wu)
213178,吳巍
213179,吳巧玲
213181,吳建豪 (Vanness Wu)
213182,吳建鋒
213183,吳建飛 (Jerry Wu)
213184,吳彤 (Denis Ng)
213185,吳彤 (WU TONG)
213186,吳志寧
213187,吳志寧| 黃玠
213188,吳志桓
213189,吳忠明 (Quack Wu)
213190,吳念真
213191,吳惠真
213194,吳日言 (Yan Ng)
213195,吳昀橋
213197,吳昊恩+The Daniel Ho Trio
213198,吳映潔 (Emma Wu)
213199,吳是閎
213202,吳木
213204,吳梵
213206,吳業坤 (Kwan Gor)
213208,吳歡慶
213209,吳正宇
213210,吳汶芳 (Fang Wu)
213211,吳浩康 (Deep Ng)
213212,吳海文
213213,吳淑敏
213214,吳滌清
213215,吳燦濤
213216,吳玉霞
213218,吳瓊
213219,吳申梅 (Gigi Wu)
213220,吳百倫
213221,吳盛智
213223,吳純芳
213225,吳至青
213227,吳若希 (Jinny Ng)
213229,吳莫愁 (Momo Wu)
213230,吳蕙君
213231,吳蠻
213232,吳蠻 + Luis Conte + Daniel Ho
213235,吳金黛
213236,吳金黛+孫清松
213237,吳鍾昊
213238,吳陌川
213239,吳陌川| 張語倢
213240,吳雅慧+黃正銘
213242,吳雨霏 (Kary Ng)
213246,吳駿毅
213247,吳鶯音
213248,吳鶯音+靜婷+崔萍+劉韻
213253,吴赣伯| 顾思曼
213256,吹笛人室內樂團
213257,吹萬
213258,吹過島嶼的風
213259,吾輩はニコ厨である、まだP名はないP
213263,呂建中 (Tank)
213265,呂思清系列
213266,呂方 (Lui Fong)
213267,呂方&小虎隊
213268,呂明銀
213270,呂珊 (Rosanne Lui)
213273,呂立凡 (Evan Lu)
213275,呂莘 (Connie)
213276,呂薔Amuyi
213279,呂鋆峰
213280,呂雯
213282,周享嘉 (A-ga)
213283,周亮
213285,周以勝
213287,周俊偉
213288,周信
213289,周傳雄 (Steve Chou)
213294,周嘉健
213295,周囲の瞑想曲
213296,周國賢 (Endy Chow)
213297,周大派
213298,周子揚 & 吳業坤 (Hinson Chou & Kwan Gor)
213299,周子琪
213302,周定緯 (Judy Chou)
213306,周小真
213307,周巧文
213308,周影
213311,周慧敏 (Vivian Chow)
213312,周文彬+游宜群
213314,周明文
213316,周明璟
213319,周杰
213320,周杰倫 (Jay Chou)
213321,周杰倫 X 楊瑞代 (Jay Chou + Gary Yang)
213322,周杰倫+方文山 (Jay Chou + Vincent Fang)
213323,周柏豪 (Pakho Chau)
213324,周桐同
213325,周殷廷 (Yan Ting)
213327,周治平 (Steve Chou)
213329,周海媚 (Kathy Chau)
213330,周深
213332,周渝民 (Vic Chou)
213333,周湯豪 (NICKTHEREAL)
213334,周照棠
213336,周瑋賢 (Jacky)
213337,周璇 (Chow Hsuan)
213338,周立銘 (Andrew Chou)
213339,周筆暢 (Bibi Zhou)
213341,周美麗
213342,周至賢
213343,周興立
213346,周華健 (Emil Chau)
213347,周華健+蘇慧倫 (Emil Chau +Tarcy Su)
213349,周蕙
213350,周覓 (ZHOUMI)
213351,周詩穎
213354,周迅 (Zhou Xun)
213355,周逸涵
213356,周雲蓬
213357,周韋彤 (Cica)
213358,周韋杰
213359,周麗淇 (Niki Chow)
213360,周麗淇&任賢齊 (Niki Chow & Richie Jen)
213361,周麗淇&謝天華 (Niki Chow ＆ Michael Tse)
213362,命中注定我愛你電視原聲帶
213363,和拖鞋 (Dewen)
213364,和楽器バンド+加治ひとみ
213370,和田貴史
213371,和田貴史　橘麻美
213372,和菓子之戀2 ～最愛日韓影視主題曲之歌
213374,和風輕音樂
213375,咖啡因公園
213376,咖啡因樂隊 (Caffe-In)
213377,咖啡貓
213378,咖啡香系列
213380,咻比嘟嘩 (S.B.D.W)
213381,品冠 (Victor Wong)
213384,哈斯托婭
213385,哈林搖Remix
213386,哈琳
213388,哈雅樂團
213389,哈韓瘋日必備歌
213390,哥哥妹妹 (GoGo & MeMe)
213391,哪一天我們會飛
213394,唐儷
213395,唐儷+吳俊宏
213396,唐古
213397,唐古+蔡曉
213398,唐寧 (Tang Ning)
213399,唐尼
213401,唐山+程琇慧
213402,唐從聖 (Action Tang)
213403,唐文龍 (Michael Tong)
213405,唐朝樂隊 (Tang Dynasty)
213407,唐漢霄
213410,唐禹哲 (Danson Tang)
213412,唐美慧
213413,唐芯
213417,唯舞獨尊EP
213418,唱唱跳跳學兒歌系列
213419,唱囂封神榜
213420,唱自己的歌
213421,唱遍市場．台語排行
213422,唱遍市場．吉馬大對唱
213423,商東茜 (TATA)
213424,問樂團 (Guess What)
213427,啾咪！我的聖誕
213432,喜兒
213433,喜慶八音系列
213434,喜樂泉
213437,喜羊羊與灰太狼之虎虎生威電影原聲大碟
213438,喬任梁
213439,喬凡 (Djavan)
213440,喬安舞
213441,喬幼
213442,喬毓明 (Ming Bridges)
213443,喬沐楠
213444,喬洋
213445,喬紫喬 (J.J.Candy)
213446,單一
213447,單九希
213449,單戀
213450,單色淩
213451,單藝
213454,嘉芙姐姐 & 嘉芙姐姐兒童合唱團
213455,嘎嘎
213458,嘜阿喜酷獸樂園
213459,嘴哥樂團 (MISTER MOUTH)
213462,嘻哈屌選
213463,嘻哈最強棒
213466,嘻哈說唱學唐詩
213467,嘻哈饒舌瘋
213469,嘻遊記
213470,嘿
213471,噓，龍貓睡著了
213472,噪音科學 (The Noise Science Orchestra)
213473,嚐味‧人生百味華語作品集
213475,嚴之
213476,嚴爵 (Yen-j)
213478,嚴當當
213479,嚴藝丹 (Ivy Yan)
213482,四個女生 (M-Girls)
213483,四個朋友(林正/鄭宇伶/劉佳銘/蘭馨)
213484,四分衛 (Quarterback)
213485,四分鐘熱度樂團
213487,四季的呢喃系列
213490,四枝筆 (Fourpens)
213491,四枝筆 Four Pens
213494,四葉草 (Joyce Chu)
213495,四葉鈴蘭
213496,囝仔 (GINA)
213497,回聲樂團 (ECHO)
213498,回音哥
213499,因為有你
213500,図師たまみ
213502,固定客樂團
213503,圈圈兒童 (Hoop Kids)
213505,國度音樂傳愛團契
213507,國蛋 & 楊大正
213508,國語教學
213509,國語精選原版
213510,國語經典101
213511,圓圓
213512,圓滿自在組
213514,圖騰樂團
213516,土岐麻子
213517,土橋創
213521,在愛中飛翔
213526,地圖音樂日記
213527,地底樂團 (Underground)
213529,地球防衛部 (山本和臣、梅原裕一郎、西山宏太朗、白井悠介、増田俊樹)
213530,地藏菩薩本願經國語教學(1-3)
213540,坂田明トリオ
213541,坐在寶座上聖潔羔羊
213542,坡上村 (Poshangcun)
213543,城市少女 (City Girls)
213544,城市樂章
213545,城市生命泉純福音教會
213546,城市雨人 (THE CITY RAIN MAN)
213548,基地小虎
213549,基石周年紀念音樂
213550,堀川りょう
213552,堂娜 (Nana Tan)
213553,堤 博明/木村秀彬
213554,堪布松柏仁波切
213555,堪布欽哲
213556,堪布貝瑪千貝仁波切
213557,堪布貝瑪千貝仁波切&烏金喇嘛
213560,堯堯+ShaLaLa
213566,塩高和之 & 大浦典子
213567,增山裕紀 (YUKI)
213569,壊れかけのテープレコーダーズ
213571,壞碑唇 (Vibration)
213572,壞阿美人 (BadAmis)
213574,夏代孝明
213577,夏卡毛
213579,夏國星
213580,夏國星+林玉英
213581,夏天 & 臧恰 (Alex & Devil Q)
213582,夏天 (Alex)
213583,夏天Alex+白婧
213589,夏宇童
213590,夏後
213595,夏田昌和
213596,夏空P
213597,夏米雅
213598,夏語
213599,夏韶聲 (Danny Summer)
213600,夕陽武士
213601,外囿祥一郎&藤原亜美
213602,多亮
213604,多樂園 (Paradise Lots)
213605,多田葵
213607,多謀室內樂團
213609,夜半歌聲 電視原聲帶
213612,夜店狂熱(辣舞派對Sexy Party)
213613,夜店狂熱-白色派對
213619,夜深人靜
213621,夜的精靈
213623,夜貓子
213624,夜貓組 (Leo王+春艷)
213626,夢中唐古拉2
213627,夢夢
213628,夢幻 早安少女組
213629,夢幻古典系列
213630,夢幻古典音樂盒
213631,夢想者聯盟 (Dream Catchers)
213634,夢然
213639,夢飛船 (Dreamz FM)
213641,大事件 (Big Thing)
213642,大博爾青年團
213644,大原櫻子
213647,大友良英
213648,大台風樂團
213649,大和姫呂未
213650,大哲
213651,大嘴巴 (DA Mouth)
213652,大囍臨門 電影原聲帶
213653,大囍門
213661,大女孩 (Big Girls)
213662,大孔雀明王真言‧大佛母孔雀明王菩薩聖號
213663,大學城
213664,大學時代
213665,大寶法王、巴滇巴沃仁波切、桑傑年巴仁波切
213667,大小姐
213668,大小百合
213672,大巴六九部落傳唱歌謠
213674,大張偉
213676,大忙人 (Mr.Busy)
213677,大悲咒+六字大明咒+南無觀世音菩薩
213678,大悲咒水晶琴
213679,大悲心咒
213680,大悲懺
213681,大悲願
213682,大愛人間
213683,大愛人間13
213684,大愛人間15
213685,大愛人間16
213686,大愛人間17
213687,大愛劇場生命花園
213688,大慶
213689,大慶小芳
213690,大提琴的獨白
213691,大搖大擺 中港台搖滾樂勢力
213692,大支 (Dwagie)
213694,大改樂團 (Big Change)
213695,大新鮮樂團
213696,大星
213698,大木綾子/須賀慶四郎/芳賀邦比庫
213703,大柴広己
213704,大棒 (DA BANG)
213707,大森靖子
213708,大森靖子+THEピンクトカレフ
213711,大橋歩夕
213713,大橋純子
213717,大波浪樂隊
213718,大波起司
213719,大男人情歌
213720,大男人真女人 (Love Songs About Man and Woman)
213722,大眼炮
213723,大石昌良
213726,大竹研
213729,大聲東
213730,大自然典藏套裝
213731,大自然音樂
213732,大自然音樂系列
213733,大芭
213735,大葉奏子
213737,大衛.蕭 (David Hsiao)
213738,大衛‧葛林格斯 (大提琴)+伊恩‧方登 (鋼琴)
213740,大象體操 (Elephant Gym)
213741,大豪
213747,大開天窗 (Always Open Your Heart)
213749,大陸暢銷金曲
213750,大陸暢銷金曲精選
213752,大隅知宇/信澤宣明
213753,大隸 (Da lead)
213754,大韓劇
213755,大韓日台劇1
213757,大頭 (Phineas Cheong)
213758,大風音樂劇《美好的人生》
213761,天SIZE BEATCONTROLLERS
213763,天上智喜
213764,天上智喜 - Dana&Sunday
213767,天下霸唱+禦定六壬
213768,天作之合
213769,天使のオルゴール
213770,天使之眼 電視原聲帶
213771,天使之翼電視原聲帶
213772,天使之聲系列
213773,天使情人電視原聲帶
213774,天使波羅蜜-金榜錄
213775,天使波羅蜜金典藏
213776,天使波羅蜜金選
213777,天使療癒系列
213778,天使遺落的詩篇
213780,天喜果
213781,天國的嫁衣電視原聲帶
213784,天地風雲錄之劍影魔蹤原聲帶
213786,天堂牧場 電視原聲帶
213787,天天
213788,天姿國樂
213789,天孿兄弟
213792,天府樂典
213793,天心月圓
213795,天方爵士 (TianFang Jazz)
213797,天梯樂團
213798,天權
213799,天浩
213800,天浴電影原聲帶
213804,天炫男孩 (Tension)
213806,天籟交響詩
213807,天籟地球村
213809,天籟廣告美聲
213810,天籟美聲
213812,天野月
213814,天鼓
213815,太合麥田
213816,太妃堂 (TOFFEE)
213817,太子 (馬蹄幫)
213818,太平國小布農兒童合唱團
213819,太極 (Tai Chi)
213821,太田真季
213826,太鼓 ブルンジ
213827,央金
213828,失華-shikka- (猟奇アッセンブル研究所)
213830,夾子太硬啦!
213831,夾子小應
213832,夾子電動大樂隊 (THE CLIPPERS BAND)
213833,奇人密碼:古羅布之謎 電影原聲帶
213834,奇克拿樂團 (ChicKNUP Band)
213835,奇哥
213836,奇妙礼太郎
213839,奇樂
213841,奈々菜パル子（ＣＶ：徳井青空）
213844,奕睆佛曲唱頌系列
213849,奧斯塔泰格／小提琴、吉倫／指揮
213851,女也 (Herstory with Mayday)
213852,女人不壞電影原聲帶
213853,女人香 (Scent of Woman)
213854,女子十二樂坊
213855,女孩與機器人 (The Girl and The Robots)
213856,女生向前走
213857,女聲四重唱
213858,奶油直昇機
213859,奶猴子
213861,她她 & 原武 & 陳卓賢 & 容穎賢
213862,她她 (TATA)
213863,她的海樂團
213864,好事花生 (Good News)
213866,好大一團173 (顏永烈 曾子余)
213869,好妹妹樂隊 (Good Meimei)
213870,好客愛吃飯
213873,好樂團 (Good Band)
213874,好歌大家唱
213875,好歌如林系列
213877,好聽小故事
213878,好豐盛
213879,如是我聞
213881,妃田智
213882,妄走族
213883,妊娠中のための音楽のアカデミー
213884,妖怪手錶 動畫原聲帶
213885,妖獸都市電影原聲帶
213887,妙樂回春音樂系列
213888,妙法蓮鏵觀世音普門品
213889,妙蓮華自在梵唄組
213890,妙音天籟
213893,妤楨
213894,妮可醬 (NekoJam)
213895,妮波寺 (Nipples)
213896,妹尾武
213897,妻人太甚 OST
213898,姊妹電視原聲帶
213899,姚乙
213900,姚亦晴 (Shiny)
213902,姚俊羽
213903,姚可傑
213904,姚嘉兒 (Venus Yiu)
213908,姚清
213910,姚莉
213911,姚蘇蓉
213912,姚貝娜
213913,姚贝娜
213914,姚锡娟| 小蓓蕾组合
213917,姚麗娟
213919,姜佑澤
213920,姜大風
213923,姜木
213925,姜海威
213928,姜玉陽
213929,姜育恆 (Keung Hang)
213930,姜華
213932,姜鵬
213933,姜鹏
213934,姜麗文 (Lesley Chiang)
213938,威仔
213939,威仔+初晴
213940,威仔+單九希
213941,威仔+夏淩兮
213942,威仔+奶兔
213943,威仔+格子兮
213944,威仔+胡艾彤
213945,威仔+阿夏
213946,威廉布萊恩
213950,婳詩詩
213952,婷婷 (Tin Tin)
213953,媽媽說故事
213954,嬉班子
213955,嬌嬌
213960,子安聖皓
213963,孔一兵
213964,孔令奇 (KUNG)
213967,孔雀眼 JADE EYES
213968,孔雀群星
213969,孙伯纶
213971,孙楠| 曹芙嘉
213974,孟佳 (Jia)
213975,孟剛+杜歌+郭少傑
213977,孟庭葦
213979,孟慧圓
213980,孟慶而 (Cheer Mon)
213982,孟楠 (MO)
213983,孟莎莎
213984,孟飛
213985,季欣渝
213986,季欣霈
213988,孩子王 (Kid King)
213989,孫伯綸 (Sun Bo Lun)
213990,孫協志 (Tony Sun)
213994,孫嫣然
213995,孫子涵 (Niko Sun)
213996,孫建平
213997,孫建平&The Singers
214000,孫敬凡
214001,孫明
214002,孫曉哲
214003,孫楠
214005,孫浩雨
214006,孫淑媚 (May sun)
214007,孫淡妃
214008,孫燕姿 (Yanzi Sun)
214010,孫盛希 (Shi Shi)
214012,孫羽希
214013,孫翠鳳
214014,孫耀威 (Eric Suen)
214015,孫自佑 (Dennis Sun)
214017,孫藝程
214019,孫越
214020,孫越+陶大偉+張帝+張魁
214021,孫達布 橘子作品
214022,孫震
214025,學院王國 (College Kingdom)
214027,宅男塾 (Otaku)
214029,宇倫
214030,宇兒
214031,宇宙人 (Cosmos People)
214032,宇宙光/愛播講堂
214035,宇恆
214036,宇桐非
214037,宇珩
214038,宇田川FREECOASTERS
214039,守人
214040,守夜人 (Night Keepers)
214041,安らぎの音楽工房 フィル
214042,安以軒 (Ady Ann)
214043,安伯政
214045,安俊豪 (Simon On)
214046,安俐娜 (AnRina)
214047,安又琪 (Angela An)
214049,安妮朵拉樂團 (Anniedora)
214051,安崎ひな
214054,安心亞 (Amber An)
214055,安晨妤 (Nico An)
214058,安東陽
214061,安濤
214062,安琥 (ANHU)
214063,安琪 (Anchi)
214067,安苡葳 (Anne)
214069,安迪
214070,安達久美
214073,安香
214074,宋保才管樂專輯
214076,宋冬野 (Dongye Song)
214077,宋子昀
214079,宋孟君
214080,宋孟君+格子兮
214081,宋孟君vs劉浩航
214082,宋岳庭
214090,宋新妮 (Jessica Song)
214092,宋沛江
214096,宋茜
214097,宋超
214098,宋逸民
214105,宏星特攻隊
214106,宗次郎
214107,官恩娜 (Ella Koon)
214109,官靈芝
214112,宥勝
214114,宮上ゆみ
214116,宮崎駿‧兒童合唱精選
214117,宮崎駿‧動物音樂特輯
214118,宮崎駿‧風起 / 松任谷由實音樂盒作品輯
214119,宮崎駿映畫名曲集
214120,宮崎駿映畫音樂
214124,宮本由利子
214125,宮本貴奈､日野皓正､YOKOHAMA ROBINS
214126,宮沢明子
214129,宮脇詩音
214134,宮閣 (GONG)
214137,家家 (JiaJia)
214138,家庭教師 HITMAN REBORN!
214140,容祖兒 (Joey Yung)
214141,容祖兒&鍾舒漫 (Joey Yung & Sherman Chung)
214143,寂悸
214145,密教紀元心環境音樂
214146,富仕音樂
214147,富永TOMMY弘明
214153,實語利行
214154,寧桓宇
214157,寫手 (The Writers)
214158,寵物之聲
214159,寶寶DoReMi系列
214160,寶寶水晶音樂
214161,寶寶的起床號
214162,寶寶的音樂花園
214163,寶寶睡眠音樂
214164,寶米恰恰電影原聲帶
214165,寶藍
214166,寶藍+姚冬青
214167,寶貝的呢喃歌 (Murmuring Songs for Babies)
214168,寶鑑
214169,寶鬘覺華
214170,寺井尚子
214177,寿君
214180,寿和
214185,導遊台灣心音樂
214186,小5
214187,小S+大鵬
214188,小人
214196,小右
214197,小右| Xun
214198,小右| 小根号
214199,小右| 胡碧文荟
214200,小喇叭演奏
214201,小喵 (CV:村川梨衣)
214203,小城故事 電視劇原聲音樂大碟（阿杜)
214204,小城星電台
214206,小塵埃 (Lil’Ashes)
214207,小妮妮
214208,小娟&山谷裡的居民 (Xiaojuan & Valley Children)
214209,小宇-宋念宇
214210,小宇宙
214212,小安
214214,小寺健太
214215,小小朋友
214216,小小浩
214219,小山　豊
214226,小島麻由美
214230,小提琴演奏
214231,小文
214232,小旺福 (Wonfu Jr.)
214234,小昔米
214236,小月
214237,小朋友的鋼琴音樂
214238,小村
214242,小松亮太
214245,小林友韻
214246,小林幸子
214248,小林未郁
214249,小林洋平
214253,小林研一郎/日本フィルハーモニー交響楽団/チェコ・フィルハーモニー管弦楽団
214266,小樂 (吳思賢) (Ben Wu)
214267,小樽戀曲
214271,小池龍平+長久保寛之
214276,小濤
214279,小球 (莊鵑瑛)
214280,小瑜 (Alpeo)
214283,小男孩樂團 (Men Envy Children)
214285,小百合周月綺
214286,小眼先森&阿施小姐 (Mr.XY & Miss A-Shih)
214287,小確幸日記
214288,小童話大世界
214290,小羊妹妹
214291,小羊詩歌
214292,小老虎
214294,小老鷹樂團 (Eagle Baby Band)
214295,小肥 (Terence)
214299,小芳
214303,小蓓蕾組合
214305,小蓓蕾组合
214310,小蓓蕾组合| 曾晓盈| 草莓妹妹
214313,小蓓蕾组合| 赵雅瑄
214315,小虎隊
214316,小虫
214318,小蟲
214322,小護士樂團 (La Petite Nurse)
214327,小豆芽
214329,小賤
214332,小辣椒 (Migo)
214333,小酒館的情歌
214335,小野崎孝輔、若松正司編曲指揮，邱玉蘭:演唱，東京愛樂管弦樂團演奏
214337,小関佳宏
214341,小電影電影寫真原聲帶 (The Dream Boyz Original Soundtrack & Photobook)
214342,小霞
214343,小馬崎達也
214344,小高
214346,小鳳鳳
214347,小黃飛
214349,小黑人快樂唱兒歌
214351,少女標本 (Girls' Sample)
214352,少女隊
214353,少妮瑤.久分勒分
214354,少年ㄞ國
214355,少年吔，安啦電影原聲帶
214356,少年維持的煩惱
214357,少數民族印象之旅
214359,少爺占/朱豔強 (Jim)
214360,尖叫聲鈴聲
214366,尚金斯頓+妮琪米娜
214367,尚雯婕
214368,尤米澤 (roseyu)
214369,尤雅
214372,就要復興
214373,尹健
214374,尹光
214377,尹子維 (Terence Yin)
214378,尹正修 X 金淑
214379,尹洪強
214380,尹洪强
214384,屎袋褲 (STAYCOOL)
214385,屏東民謠樂團
214386,屏東泰武國小古謠傳唱隊
214387,展翼 (ZAYIN)
214389,屠穎
214394,山中潤一
214395,山人樂隊
214398,山内昌也
214402,山口リサ
214410,山形モエ
214415,山本剛トリオ
214420,山東 (SADON)
214421,山根万理奈
214423,山狗大後生樂團
214424,山獣丸
214425,山田 将司
214428,山田和樹＆横浜シンフォニエッタ
214430,山田和樹／東京混声合唱団
214433,山的孩子
214434,山野
214435,山風點伙
214436,岑寧兒 (Yoyo Sham)
214437,岑日珈 (Angie Shum)
214441,岡崎雅彦
214447,岡部啓一（MONACA）・帆足圭吾（MONACA）
214449,岩井俊二
214450,岩代 太郎
214454,岩崎愛
214455,岩本小弥加 from j-Pad Girls
214460,岳雷
214462,岸田教団＆THE明星ロケッツ
214464,島ゆかり
214465,島嶼森林 / 自然‧療癒‧音樂
214466,崇喆 (Gavin)
214469,崔健
214471,崔君芝-箜篌專輯
214472,崔天琪
214474,崔子格 (Queena Cui)
214475,崔希
214476,崔恕
214479,崔苔菁
214480,崔萍
214490,川上里美
214498,川子
214501,川島茉樹代 (Makiyo)
214502,川崎 萌
214503,川嶋あい
214505,川本真琴
214508,川田俊介
214510,川秋沙 (Goosander)
214514,左光平
214515,左安安
214517,左小祖咒
214518,左左右右 (Zony&Yony)
214520,左連杰+易桀齊
214523,巨大的轟鳴 (Gigantic Roar)
214524,巨星傳奇
214525,巨星城
214526,巨星白金系列
214527,巨星精選
214528,巨星系列
214529,巨星風華璀璨經典 走過歲月
214530,巫啟賢 (Eric Moo)
214531,巫奇 (Allan Mo)
214534,己龍
214535,巴奈
214537,巴桑拉姆
214538,巴洛克樂派
214540,巴薩諾瓦
214541,巴西音樂俱樂部 Bossa Negra
214542,巴賴
214543,巴郎百川
214544,巷弄裡的那家書店 (電視原聲帶)
214545,市原光
214548,布偶樂隊
214549,布川
214550,布布高聲賀新春
214552,布拉姆斯.舒伯特.德布西.莫札特等作曲
214553,布朗 (MrBrown)
214555,布魯恩斯 (大提琴)+赫姆拉斯(指揮)+德勒斯登國立劇院管弦樂團
214558,希亞 (Zya)
214562,帕爾哈提&王卓
214564,帥霖
214565,帥霖+冷漠
214566,帥霖+大哲
214567,師子吼 (Simhanada)
214570,帶我去遠方電影原聲帶
214574,常安
214575,常定晨
214578,常石磊
214579,常艾非
214580,常靜
214581,幕小柒
214583,平井千絵
214586,平安 (Ping An)
214587,平山織絵
214589,平松愛理
214593,平野宏太
214595,年來說故事
214596,年少 (Island)
214598,年的跨越
214601,幸福是啥物?
214602,幸福的孩子愛唱歌
214604,幸運空氣 (Lucky Air)
214605,幻日樂團 (Anthelion)
214607,幻眼樂隊
214609,幼兒啟蒙成長系列
214610,幼兒床邊晚安曲系列
214611,幼兒床邊童話系列
214612,幽情之美
214614,幾年幾班音樂教室
214615,幾米
214616,幾米、劉季陵
214617,幾米幸運兒音樂劇原聲帶
214618,幾米微笑的魚
214621,広田智之/三輪郁
214623,床邊的紅毛港故事
214624,庞龙
214626,座禅
214628,庭竹
214629,康喬
214630,康喬| 劉珺兒
214631,康喬| 謝采妘
214632,康士坦的變化球 (Constant & Change)
214633,康姆士 (COM'Z)
214634,康小白
214636,康晋榮 (Kang Kang)
214638,康橋
214639,康淨淳
214642,康華 & 樊奕敏 & 馬蹄露
214644,康雷
214646,庾澄慶 (Harlem Yu)
214647,庾澄慶+張韶涵 (Harlem Yu+Angela Cheung)
214648,庾澄慶| 吳莫愁 (Harlem Yu| Momo Wu)
214649,廖世儉
214650,廖允杰 (Jaydaone)
214651,廖博儀
214652,廖士賢
214653,廖大森
214654,廖子褕 (liao zi yu)
214655,廖文強 (Chris Liao)
214656,廖文強與壞神經樂團
214659,廖碧兒 (Bernice Liu)
214663,廖竟淳
214665,廖芊芊
214666,廖芳
214668,廖語晴 (Linda)
214669,廚房仔
214670,廢五金 (Scrap Metal)
214673,廢結合
214675,廣告原曲淘寶王
214676,廣告歌曲大賞
214677,廣告配樂精選
214678,廣告金鑽101
214679,廣告音樂大賞
214680,廣定大司徒巴及印度八蚌智慧林僧眾
214681,廣州交響樂團
214682,廣智
214683,廣東版演唱系列
214684,廣橋真紀子
214685,廣藝愛樂交響樂團
214702,张沫凡
214706,张雅玲
214709,弦子
214711,弦琴雅室-鋼琴小品集
214714,張一諾 (jasmine Cheung)
214715,張三李四 (Chang and Lee)
214716,張中立+劉亮延
214721,張亞東
214722,張亮
214725,張仰華+杜紹穎 (Chang Yang-Haw & Du Shaw-In)
214726,張伊美
214727,張伯宏
214729,張信哲 (Jeff Chang)
214730,張信哲&容祖兒
214731,張倫輝
214733,張偉文
214734,張偉晉 (Regent Cheung)
214735,張傑 (Chase Chang)
214736,張傳杰
214739,張冬玲
214740,張凱仲 (KAI)
214741,張凱閔
214743,張力尹
214746,張博
214747,張含韻
214748,張咸寧
214749,張啟輝
214750,張善為
214751,張嘉傑
214752,張嘉洵
214753,張嚴之
214754,張國榮 (Leslie Cheung)
214756,張士堂
214757,張大光
214758,張大奕
214761,張婧
214764,張學友 (Jacky Cheung)
214766,張學友&黃凱芹 (Jacky Cheung&Chris Wong)
214767,張學友＆陳奕迅
214768,張宇 (Phil Chang)
214769,張宇軒
214770,張家輝 (Nick Cheung)
214774,張小燕
214777,張小英
214778,張小雯
214781,張峰奇
214782,張峽浩 (Sean Xiahao Zhang)
214784,張希+范曉萱
214788,張彤昉+岡林
214789,張彥博 (Bob Cheung)
214791,張德蘭 (Teresa Cheung)
214792,張心傑 (Mark Chang)
214793,張心柔
214794,張志林 (Andrew Chueng)
214797,張怡
214799,張恆遠
214800,張惠妹+孫燕姿 (a MEI+Stefanie Sun)
214801,張惠春 (Saya)
214802,張惠琴
214804,張惠雅 (RegenC)
214805,張懸 (Deserts Xuan)
214806,張振宇
214808,張提
214809,張政
214811,張政雄+薛珮潔
214812,張敬軒 (Hins Cheung)
214813,張敬軒 (降兩度Gonlando)
214814,張敬軒＋泳兒＋李代沫＋大山 (Hins Cheung +Vincy Chan +Demon Lee +Freddy Yu)
214817,張文森 (Vincent Chang)
214818,張文綺
214819,張文迪
214822,張明敏
214823,張星唯
214824,張晉樵 (Raymond Zhang)
214825,張智成 (Z-Chen Chang)
214826,張智揚 (Tosh)
214827,張智霖 & 吳業坤 (Chilam Cheung & Kwan Gor)
214828,張智霖 (Chilam Cheung)
214833,張曼玉 (Maggie Cheung)
214835,張木易
214836,張杰 (Jason Chang)
214837,張東朗
214838,張柏芝 (Cecilia Cheung)
214842,張棋惠
214843,張棟樑 (Nicholas Teo)
214844,張楚
214848,張永智 (Chang Yung-Chih)
214849,張永智+好朋友現代重奏樂團
214850,張沫凡
214851,張津滌
214852,張津滌vs張冬玲
214853,張洪量 (Chang Hung Liang)
214855,張涵雅
214856,張清芳 (Stella Chang)
214857,張濛
214859,張瀛仁
214860,張燊悅 (Nicola Cheung)
214861,張燕清
214866,張玉華 (Celest Zhang)
214867,張琍敏
214869,張瑋
214870,張瑋琁 (Ash Chang)
214871,張瑋綸
214872,張瑜文
214873,張瑞希
214875,張璐詩
214876,張瓊
214877,張盈 (Sondia)
214880,張真賀
214881,張睿
214882,張睿銓
214883,張碧晨
214884,張磊
214885,張祖誠 (Vic Teo)
214886,張祥洪
214887,張秀卿
214888,張穆庭
214889,張立基
214890,張紋嘉 (Crystal Cheung)
214891,張維良
214892,張繼聰 (Louis Cheung)
214893,張繼聰&陳凱琳 (Louis Cheung & Grace Chan)
214894,張美儀 (Jaymie Cheung)
214895,張美晨
214896,張美燕
214897,張美玲
214900,張羽偉
214902,張羽偉+焦炭樂團
214904,張羽希 (VENUS)
214905,張羿凡
214906,張翠琳+黃貞瑛+林薏蕙+藍郁仙+徐嘉琪
214908,張致恆 (Steven Cheung)
214909,張舒娟
214910,張艾亞
214911,張艾嘉 (Sylvia Chang)
214912,張芯瑜
214913,張芸京 (Jing Chang)
214914,張芸京+藍又時
214915,張若昀
214917,張莫晗
214918,張菲 (Chang Faye)
214921,張蓉蓉
214922,張蔚乾
214924,張藝興 (LAY)
214926,張衛健 (Dicky Cheung)
214927,張衞帆 (Weifan Chang)
214928,張詒博 (Peace Teo)
214929,張語倢
214930,張赫宣
214931,張起政 (Kit)
214932,張超 (Juck)
214935,張進偉 (DJ Tommy)
214937,張銳二胡獨奏
214938,張鎬哲 (Chang Ho Chirl)
214939,張鎬哲+羅時豐+黃仲崑
214940,張長綾
214942,張陽陽
214943,張雨生 (Tom Chang)
214944,張雷
214945,張震
214946,張震嶽
214947,張露
214950,張靚穎 (Jane Zhang)
214953,張韓娜
214954,張韶涵 (Angela Chang)
214955,張韶涵+蘇打綠
214960,張鳳鳳
214967,強辯之[終極三國]三國鼎立SUPER大鬥陣
214968,強辯樂團 (Champion)
214969,強迫女孩 (Ocd Girl)
214970,彈琴給你聽 / 孩子的音樂夢森林
214971,彌勒救苦真經
214973,彝族音樂-雲南少數民族音樂之一
214976,彩虹人
214978,彩音 ～xi-on～
214979,彭于晏
214980,彭佳慧 (Julia Peng)
214984,彭坦 (Tan Peng)
214986,彭家麗 (Angela Pang)
214987,彭家麗＆高皓正 (Angela Pang & Zac Kao)
214988,彭柏邑 (Boiii P)
214989,彭永琛 (Sean Pang)
214992,彭立
214995,彭羚 (Cass Phang)
214996,彭翊勝
214997,彭芳
214998,彭莉
215001,彭雨柔
215002,彭靖
215003,彭靖惠 (Yvonne Pan)
215004,彭飛| 趙英俊 (Fei Peng| Ying-Jun Zhao)
215005,彭麗媛+俞淑琴+伊相杰+于文華等演唱合輯
215006,彭麗媛+聶建華+蔡紅虹+等演唱合輯
215010,很久沒有敬我了你
215011,後弦
215016,徐一鳴
215017,徐乃麟
215018,徐亨
215019,徐佳瑩 (Lala Hsu)
215020,徐偉賢 (Peco Chui)
215023,徐千舜
215024,徐向立 (Shawn Hsu)
215025,徐哲緯
215027,徐嘉良
215028,徐天佑
215030,徐子崴
215031,徐子洋
215032,徐子涵
215034,徐子源
215038,徐小鳳 (Paula Tsui)
215039,徐峻豪 (Jean Shiu)
215040,徐崇育 (Vincent Hsu)
215042,徐懷勝
215043,徐懷鈺 (Yuki Hsu)
215044,徐承邦
215045,徐杰
215046,徐樂同
215047,徐洪剛
215048,徐浩
215049,徐浩+朱元冰
215050,徐清原
215051,徐潔兒 (Jill Hsu)
215052,徐澤
215054,徐瑋
215056,徐立
215057,徐筱寧
215058,徐紫淇
215060,徐良
215061,徐苑| 騎士遊樂團
215062,徐若瑄 (Vivian Hsu)
215063,徐菲 (Fisheer)
215064,徐薇/愛播講堂
215065,徐衍麗
215066,徐詣帆
215068,徐譽滕
215069,徐賓
215073,微光閃亮 第一個清晨 電影原聲帶
215074,微女神breeze
215076,微胖女神
215077,微酸的偷窺狂 (Acidy Peeping Tom)
215078,微醺酒館JAZZ情歌選
215080,徳山秀典
215081,徳永二男| 永田郁代 & 小森谷裕子
215084,德德瑪+胡松華+李谷一+朱逢博等演唱合輯
215085,德芊・夏克・德謝
215086,徹摩 (Cemelesai Pasasauv)
215088,心-靈詩篇
215090,心中的陽光
215092,心凜
215093,心動勁歌
215094,心培和尚
215095,心定和尚
215096,心星的淚光電視原聲帶
215100,心痛記事
215101,心的樂世界
215102,心與海的守護-媽祖故事
215103,心華
215104,心靈SPA音樂系列
215105,心靈敬拜系列
215106,心靈樂世界
215107,心靈樂賞系列
215108,心靈水晶
215109,心靈波羅蜜
215110,心靈深呼吸
215111,心靈甦醒
215112,心靈舒壓演奏曲
215113,心靈雅樂
215114,心靈音樂
215115,心靈音樂詩
215116,心靈音樂館
215117,心靈驛站音樂系列
215119,必順鄉村 (Bison country)
215122,志田サマー新井サマー
215124,忘れらんねえよ
215126,忘忧
215127,忘憂古典香
215128,忠於自己
215130,快樂2世代
215131,快樂寶寶古典樂
215132,快樂廚娘-陳亭/愛播聽書
215133,快樂直笛手系列
215134,快樂童年童歌精選
215137,念佛入心田
215139,怕胖團 (PA PUN BAND)
215140,思い出野郎Aチーム
215142,思嘉姐姐
215143,思嘉姐姐| 小蓓蕾组合
215144,思浓| 思雨
215145,思衛 (Sway)
215146,思賢創意音樂
215151,怪腳團體
215152,恆春兮工商服務
215153,恆月三途 (Crescent Lament)
215159,恕樂團 (SOLEMN)
215161,恩琦/言言/丞妮
215163,恭碩良 (Jun Kung)
215164,恭賀新禧
215166,悠以
215168,悲情之美
215169,悲慘世界~大師之屋
215170,情人節愛情的滋味系列
215171,情人耳邊呢喃
215172,情意結
215174,情歌寶典2010
215175,情歌星光大道 1
215177,情歌瑪奇朵 / 全球流行經典合輯
215178,情深 ‧ 緣淺
215180,惑星アブノーマル
215183,惡男宅急電電視原聲帶
215186,想破頭 (Boomhead)
215187,想飛 電影原聲帶
215191,愚人夢想決戰時刻劇集原聲帶
215193,愛上巧克力 原聲帶
215194,愛上路 (Love Way)
215195,愛依
215197,愛原創音樂合輯1
215198,愛原創音樂合輯2
215199,愛原創音樂合輯3
215200,愛原創音樂合輯4
215201,愛原創音樂合輯5
215202,愛啾 (Jiou)
215204,愛在月光下的琴聲
215206,愛客樂 (iColor)
215207,愛情之美
215208,愛情保鮮盒
215209,愛情全壘打電視原聲帶
215210,愛情勿語
215211,愛情護法
215212,愛情風暴美麗99電視原聲帶
215213,愛情魔戒電視原聲帶
215215,愛情魔髮師電視原聲帶
215216,愛情，勿語
215217,愛慧娜
215219,愛的奇蹟
215220,愛的音樂盒
215221,愛突擊合唱團
215222,愛舫 (Ai-Fang)
215224,感傷主義 (The Verse)
215225,愷樂 (Butterfly Chien)
215226,慈囊仁波切&嘎拉喇嘛&蔣楊喇嘛&若傑喇嘛
215227,慈悲三昧水懺
215228,慈悲藥師寶懺
215230,慕容婕鈴
215231,慕容曉曉
215233,慕鈺華
215234,慢慢說樂團 (MURMURSHOW)
215237,慶慶
215240,憂歡派對
215241,憂歡派對+小虎隊
215242,憑著愛
215244,應蔚民
215245,懷念巨星
215246,戀愛初歌原聲大碟
215247,戀愛占星音樂全精選
215248,戀愛奇摩子
215249,戀愛盒子 online
215250,戀戀古典心
215251,戀戀薩克斯
215252,戀花
215254,成公亮
215257,成豔
215258,成鎵羽 (Ava Shing)
215259,成青
215260,成鳳
215261,成龍 (Jackie Chan)
215262,成龍、周華健、張震嶽 (Jackie Chan +Emil Chau +Chang Chen Yue)
215263,我們2-生日快樂
215264,我們最愛的電影金曲
215265,我們結婚吧電視原聲帶
215266,我喜歡讚美 - 蒲公英首張兒童中英文敬拜專輯
215267,我有我的驚嘆號！
215268,我的公主 電視原聲帶
215269,我的寶貝四千金 電視原聲帶
215270,我的心 在幸福中歡舞
215271,我的明星男友電視原聲帶
215273,我的海洋
215274,我的祕密飯店 電視原聲帶
215275,我的神，我的王
215277,我的過年選擇
215278,我租了一個情人 電視原聲帶
215281,我要當歌手
215282,我要變成硬柿子電視原聲帶
215283,我郷泰弘
215285,戚薇
215287,戰斧樂隊
215291,戴佩妮 (Penny Tai)
215296,戴安娜 (Jin Tai)
215297,戴愛玲 (Ailing Tai)
215298,戴曉君
215299,戴梅君
215302,戴蕙心 (Shirley Tai)
215304,戴雪兒
215307,戸渡陽太
215309,戸田賢二
215310,房祖名 (Jaycee)
215311,房祖名 feat.成龍 (Jaycee Chan feat|Jackie)
215315,才子佳人乾隆皇主題曲
215317,打打打団 天鼓
215318,打擾一下樂團
215319,打烊輕鬆聽
215323,把愛傳出去 心繫四川災民
215324,抒情中國系列
215326,拉卡 . 飛琅 (LAKA)
215327,拍謝少年 (Sorry Youth)
215329,拜爾
215330,拜訪者
215332,拷秋勤
215333,拼圖
215334,拾參樂團
215335,拾音社 (TENMUXIC)
215336,拾音［'Pickʌp］
215338,指原莉乃
215343,插班生 (The Freshman)
215344,揚哲
215345,揚琴演奏
215348,搖滾主耶穌
215350,搖滾東方合唱團
215351,搖滾變電所
215352,摩天人 (Ferris Person)
215353,摩天樓OPERA
215355,摩登電音
215356,撒小樂團 (So What)
215357,撞球小子電視原聲帶
215358,擁抱希望
215359,擊沈女孩 (Destroyers)
215361,放客兄弟 FunkyBrothers
215362,放射空間 (Ground Zero)
215364,政陽 ＆偉華
215368,教練樂團 (Coach)
215370,文上豪
215373,文化流轉原音不絕 第五屆原BAND大賞
215375,文學系樂團
215376,文寧靜
215377,文彥博
215378,文歌 (Wenge)
215379,文章
215380,文筱芮
215381,文藝復興樂團
215384,斉藤和義
215387,斯琴高麗
215389,新七小福 (Luck 7)
215393,新光三越第四屆不插電音樂大賽合輯
215394,新兵日記大樂兵
215395,新加坡 Lounge
215396,新和兒童樂隊合唱團
215397,新垣 勉
215398,新垣 隆| 東京室内管弦楽団
215400,新墨鏡 (New Sunglasses)
215402,新寶島康樂隊 (New Formosa Band)
215403,新山詩織
215404,新布拉格鋼琴三重奏團史塔米克弦樂四重奏團
215405,新年到
215406,新春賀歲福滿堂
215408,新滿面春風
215410,新疆麥蓋提刀朗木卡姆藝術團
215411,新白髮魔女傳
215413,新維瓦第合奏團
215414,新褲子樂隊 (Sex Drugs Internet)
215415,新謠經典HDCD發燒系列
215416,新里宏太
215417,新金曲獎
215418,新青年理髮廳 (New Youth Barber Shop)
215421,方力申 & 鄧麗欣 (Alex Fong & Stephy Tang)
215422,方力申 (Alex Fong)
215423,方大同 (Khalil Fong)
215424,方子浩 (李國毅）
215425,方寧
215426,方怡萍
215427,方文琳
215430,方治權 (Funcal)
215431,方炯嘉
215432,方炯鑌
215433,方炯鑌（阿鑌） (Abin Fang)
215434,方瑞娥
215435,方瑞娥+高向鵬
215436,方皓玟 (Charmaine Fong)
215437,方皓玟 (Charmaine Fong) & RubberBand
215438,方磊| 賈玲
215439,方茉琳 (Moline)
215440,方逸華
215441,方鉑深 (Kenny)
215442,方阡翊
215443,方靜音
215444,方順吉
215445,於文華| 尹相傑
215447,施孝榮 (Samson Shih)
215449,施文彬 (Michael Shih)
215450,施易男
215451,施維亞 (Sylvia)
215453,旅夢
215454,旅行團樂隊 (The Life Journey)
215455,旅行箱樂團
215459,日京江羽人
215463,日安。波斯菊
215466,日本マドンナ
215467,日本動畫名曲集--波妞的遊園地
215469,早安家族總動員
215470,早安少女組。’14
215473,早川正昭編曲新維瓦第合奏團演奏
215478,旺福 (Wonfu)
215481,昆虫キッズ
215482,昆蟲白
215483,昊恩
215484,昊恩家家 (Hao-en and Jiajia)
215485,昊瑕
215486,昊龍
215488,明天會更好
215491,明日三少
215492,明日之星 台灣好聲音
215494,明明電影音樂旅程
215495,明晰夢
215497,明玥
215498,明福俠
215499,明聖凱
215500,明道
215502,昏鴉
215503,易天晴
215506,易桀齊
215507,易欣
215509,易欣| 門麗| 孫鶯
215511,易烊千璽 (Jackson Yee)
215512,易烊千璽 (Jackson Yi)
215514,星光
215515,星光夢想村
215516,星光幫
215517,星光音樂匯
215518,星宇
215519,星專輯之Only Chow (周星馳電影配樂大全)
215521,星弟
215523,星星兔 (Singsing Rabbit)
215524,星星狐狸
215525,星星的孩子
215527,星期二樂團 (TUE)
215529,星盒子 (Boxx)
215530,星空下的卡農
215535,春之鮮活
215536,春妹
215542,春艷
215545,是元介 (Jay Shih)
215547,時下暴力電影原聲帶
215551,晏洋
215552,晏陽
215553,晚安打烊曲
215555,晨曦光廊 (Sun Of Morning)
215556,晨熙
215557,普天同慶萬家歡
215558,景峰 (Andrew Pong)
215559,景行廳男孩
215560,智勝鮮師原聲帶
215562,暉倪
215563,暗示樂團 (Hint)
215564,暗黑白領階級
215565,暢銷排行最愛情歌合輯
215566,暴君 (Bloody Tyrant)
215567,暴林
215569,曉金鳳
215570,曲奇 (Cookies)
215571,曲婉婷 (Wanting Qu)
215572,曲家瑞 (Kristy Chu)
215573,曲祐良
215574,曲言言
215575,書庭
215576,書香音樂系列
215578,曹寅
215580,曹方
215581,曹智
215582,曹格 (Gary Chaw)
215584,曹登昌
215585,曹西平
215586,曹軒賓 (ShaneBin)
215587,曹雅雯
215589,曹雪晶
215591,曹震豪 (Wallis Cho)
215596,曾國琿
215597,曾奕豪 (YIHAO)
215598,曾宜臻
215599,曾寶儀
215603,曾心梅
215605,曾志權
215606,曾慶瑜 (Regina Tsang)
215609,曾春年
215611,曾昱嘉
215612,曾晓盈
215613,曾楠
215615,曾沛慈 (Pets Tseng)
215616,曾淑勤
215617,曾甜
215620,曾詠欣 (Nicola Tsang)
215621,曾詠熙 (Teresa)
215623,曾軼可
215624,曾鈺婷 (Mia)
215625,曾陽晴/愛播講堂
215626,曾雨晴 (Jody Tsang)
215627,曾靜玟 (Jing Wen)
215628,曾靜玟+吳汶芳 (Jing Wen Tseng+Fang Wu)
215630,最佳廣告主題曲年鑑
215631,最好時光三重奏
215632,最幸福電視原聲帶_遇見幸福300天
215634,最愛台語經典2004
215635,最愛廣告101
215636,最愛爵士情歌1 - 爵色戀曲
215637,最愛爵士情歌2 - 歌聲魅影
215638,最愛爵士情歌3 - Bossa Nova
215648,有土詩有才
215650,有情天十二周年台語詩歌精選
215651,有感覺 (F.E.E.L)
215655,有耳非文
215656,有聲故事輯系列
215659,服部浩子
215661,服部隆之 Presents GUNDAM THE ORIGIN featuring 石田匠
215665,朝鮮族音樂專輯
215670,木匠兄妹最愛情歌
215671,木吉他
215673,木子李+葉俐葶
215679,木暮“shake”武彦
215680,木曜日 (moku~you~bi)
215682,木村信彦
215687,木箱
215692,木頭人 (Mu Tou Ren)
215694,未來的選擇電視原聲帶
215695,未來腳踏車
215697,本兮
215699,本多RuRu (Ruru)
215703,本棚のモヨコ
215705,本色–百代音樂人創作專輯
215708,本間圭吾
215710,札噶仁波切
215715,朱俐靜 (Miu Chu)
215716,朱元冰
215719,朱可可
215721,朱可昀
215723,朱哲琴
215724,朱天毅
215725,朱妍
215726,朱婧
215728,朱孝天 (Ken Chu)
215729,朱安禹 (Momo Chu)
215730,朱宗慶打擊樂團
215732,朱少薇 (Alex Chu)
215733,朱康
215736,朱文
215737,朱昌耀
215738,朱昌耀 二胡專輯
215739,朱昌耀二胡專輯
215741,朱昌耀胡琴主奏 江蘇省歌舞民族月對劇院特輯之一
215742,朱昌耀胡琴主奏 江蘇省歌舞民族月對劇院特輯之四
215745,朱昌耀．二胡
215748,朱海君
215749,朱淑華
215751,朱碧石
215753,朱紫嬈 (Khloe Chu)
215754,朱芽婵
215756,朱莉葉
215757,朱賀
215762,朱靖
215764,朱頭皮 (Pigheadskin)
215765,朱麗葉
215767,朴容夏
215768,朴政珉
215769,朴樹 (Pu Shu)
215770,朵蕾咪Doremi樂團 (Doremi  Band)
215772,杉山優奈
215774,杉恵ゆりか
215780,李之勤
215782,李亞明 (Li Yaming)
215783,李仁甫
215784,李代沫
215785,李佑晨
215789,李佳璐
215790,李佳薇 (Jess Lee)
215791,李依瑾
215792,李依霖
215794,李俊龍
215795,李俐青
215796,李偉菘 (Paul Lee)
215797,李健 (Li Jian)
215800,李克勤 & 容祖兒 (Hacken Lee & Joey Yung)
215801,李克勤 (Hacken Lee)
215803,李其燊
215804,李冠群
215805,李冰冰
215806,李劍青 (Li Jian Qing)
215807,李千娜 (Nana Lee)
215808,李千慧
215809,李卓庭
215813,李周杰+李祥
215814,李哲藝+林天吉+歐陽慧儒三重奏
215815,李唯楓 (Coke Lee)
215816,李园佳子
215817,李國修
215819,李國毅
215820,李國祥 (K C Lee)
215821,李壽全
215822,李夏
215823,李大宇
215826,李如春
215828,李妍瑾 (Yuni)
215829,李妍霏
215830,李姚
215831,李威
215832,李威慶
215834,李娅
215835,李娜
215837,李婭莎 (Sasha Li)
215839,李子恆
215840,李季準
215841,李宇春 (Chris Lee)
215842,李安豪 (Ivan Lee)
215843,李安鈞
215844,李宓 (Mina)
215845,李宗盛 (Jonathan Lee)
215846,李宗霖
215847,李宜玲 (Elin Lee)
215853,李小哲
215854,李小璐 (Li Xiao-Lu)
215856,李尤、李紹繼
215858,李岱瑾 (Angel Lee)
215859,李峰
215860,李崗霖 (Alex Lee)
215862,李希特薩
215863,李常磊
215864,李幸倪 (Gin Lee)
215865,李度
215866,李建復
215867,李建復/愛播聽書
215869,李彩華 (Rain Li)
215870,李德筠 (Li Te-Yun)
215871,李心潔 (Angelica Lee)
215872,李心潔+劉若英+張艾嘉 (Angelica Lee+Rene Liu+Sylvia Chang)
215873,李志
215874,李志洲
215875,李志清
215876,李忱霖
215877,李思慧
215878,李恕權
215880,李悅君 (Erika Lee)
215881,李悅心
215883,李愛綺 (Angie Lee)
215884,李慧珍
215885,李戈
215887,李承泰
215888,李承炫
215891,李承鉉+趙泳鑫
215892,李拾壹 (Subyub Lee)
215895,李日詹
215896,李日詹feat.2*sweet
215897,李昀陵
215899,李昂
215900,李昊嘉 (Sharon Lee)
215902,李明洋
215903,李明洋+邱芸子
215906,李易峰
215907,李星宇 (Li Xingyu)
215909,李星諾
215911,李昶俊 (ECHO)
215912,李晉
215913,李晟 (Li Sheng)
215914,李晨
215915,李晨+董璿
215918,李曉杰
215919,李曉薇
215924,李楠
215925,李榮浩
215926,李權哲 (Jerry Li)
215927,李欣怡 (Cheryl Lee)
215928,李欣芸 (CinCin Lee)
215929,李欣芸+溫佑君
215930,李欣頻
215932,李正帆
215933,李正帆&李王若涵 (Lee Zheng Fan + Jennifer Lee)
215934,李殊
215935,李毓芬
215936,李永昌
215938,李沛瑋
215939,李治廷 (Aarif Rahman)
215940,李治廷| 范冰冰
215941,李泉 (James Li)
215943,李泰祥 (Lee Tai-Hsiang)
215944,李洛洋
215946,李浩文
215947,李浪 (Allen Lee)
215948,李海強 (Hai Qiang Li)
215951,李溪芮
215953,李濤+黃子佼+蕭敬騰+左左右右
215956,李煒 (Well Lee)
215957,李玉剛
215959,李玉璽 (Dino Lee)
215960,李王若涵 (Jennifer Lee)
215961,李玖哲 (Nicky Lee)
215962,李玟 (CoCo Lee)
215963,李玟+蔡依林+莫文蔚
215966,李理
215968,李琦
215969,李登威
215972,李碧華
215973,李祐誠
215975,李祥祥 (Xiang Xiang Li)
215978,李立崴
215979,李童謠
215981,李素华
215982,李素專
215983,李紫昕 (Purple Lee)
215984,李維
215986,李翊君
215987,李翊君．許茹芸．許美靜
215988,李翠翠
215990,李聖傑 (Sam Lee)
215992,李臨秋
215993,李舒彤+祁隆
215994,李艷秋
215996,李芊彤 (Chantal)
215998,李英宏 aka DJ Didilong
215999,李茂山
216000,李莉莉
216001,李華章
216002,李菲菲
216003,李蕙敏 (Amanda Lee)
216004,李蘊 (Renee Lee)
216005,李蘋果
216006,李虎
216007,李行亮
216008,李詩斌 & 謝承偉 (Wind & Rickman)
216009,李誠元
216010,李谷一
216011,李豪
216013,李逸
216014,李逸朗 & 蔣雅文 (Don Li +Mandy Chiang)
216015,李逸朗 (Don Li)
216021,李采霞
216022,李鈺卿 (Nana Lee)
216025,李隆基
216027,李雅微
216029,李雙澤
216030,李雨寰
216033,李霄雲 (L.X.Y)
216034,李靜美
216035,李韋 (Alex Lee)
216037,李飚
216038,李香蘭
216039,李驥 (David Lee)
216040,李魏西
216041,李麗芬 (Lily Lee)
216042,李麗華
216043,李齊揚 (Samuel Lee)
216044,李龍基
216045,杏窪彌
216046,村上ゆき
216047,村上春樹的安眠曲
216050,村松崇繼
216051,村治佳織
216057,杜存剛
216059,杜德偉 (Alex To)
216060,杜德偉&蘇永康&林楚麒&莫鎮賢
216061,杜忻恬
216062,杜歌
216063,杜歌+郭少傑
216064,杜雯媞
216066,杜麗莎&林姍姍 (Teresa Carpio&Sandy Lam)
216067,杜麗莎| 林子祥
216068,杨孝芬
216069,杨尘
216073,杨洋| 金彪
216075,杨钰莹
216076,杭士琁 (Oli)
216078,杭航
216081,東于哲
216083,東京スカパラダイスオーケストラ feat. Ken Yokoyama
216084,東京プリン/橘佳奈
216085,東京佼成ウインドオーケストラ
216088,東京愛樂管弦樂團
216089,東京朋友 音樂選輯
216091,東來東往
216092,東來東往+姜宇清
216093,東嘉娛樂歌曲精選輯
216094,東嘉娛樂群星精選輯
216095,東嘉精選群星DJ版
216096,東嘉群星流行精選輯
216097,東城衞 (D.C.W)
216099,東方不敗風雲再起電影原聲帶
216100,東方依依
216101,東方傳奇
216102,東方冥想音樂系列
216103,東方天使之音
216104,東方天使之音全選集
216105,東方快車合唱團
216106,東方紅豔
216107,東方美
216108,東映兒童合唱團
216113,東邪西毒電影原聲帶
216118,松井春香(CV:戸田めぐみ)
216138,松田理奈
216139,松田純一、古屋美和、BALLIONAIRE MAFIA
216147,林一峰 (Chet Lam)
216149,林一峰+林二汶
216150,林一峰與小娟
216151,林久登
216154,林二汶 (Eman Lam)
216155,林仁建
216156,林仁斌&周欣穎
216157,林仁斌+郭宗翰
216158,林仁斌/劉士堉
216159,林佑威
216160,林佳儀 (Lin Nisa)
216161,林佳慧
216162,林佳蓉+許淑絹 (Lam Kai Yung +Annie Hsu)
216163,林依婷
216164,林依晨
216165,林依輪
216166,林依轮
216167,林依霖
216168,林俊傑 (JJ Lin)
216169,林俊傑+何耀珊 (JJ Lin+Sun Ho)
216170,林俊傑+林志穎 (JJ Lin+Jimmy Lin)
216171,林俊傑+金莎 (JJ Lin+Kym Kum)
216172,林俊吉
216177,林俊逸 (Sean Lin)
216178,林保怡 (Bowie Lam)
216179,林保怡&陳豪&黃德斌 (Bowie Lam＆Moses Chan＆Kenny Wong)
216181,林倍妤
216183,林健輝 (Eric)
216184,林冠吟
216185,林凡 (Freya Lim)
216186,林利豪
216188,林千豔 (Cady Lam)
216189,林可昕
216193,林嘉欣 (Karena Lam)
216194,林國慶
216195,林均
216196,林埈永 (Rim)
216197,林士軒
216198,林夏薇 (Rosina Lam)
216199,林夕字傳
216200,林大晉 (Jin Lin)
216201,林奕匡 (Phil Lam)
216202,林妍君
216203,林姍
216204,林威老師
216205,林威良 (Will Lin)
216209,林子娟
216210,林子曦 (Benjamin Lin)
216211,林子祥 (George Lam)
216212,林子祥&杜麗莎
216213,林子良 (Johnny Lin)
216215,林子鈴
216216,林學楷
216217,林宇中 (Rynn Lim)
216218,林宗興
216220,林宛臻
216221,林宥嘉 (Yoga Lin)
216222,林家德
216223,林寶
216225,林少緯
216226,林少英
216227,林山川 (Sanchez Lam)
216228,林峯 (Raymond Lam)
216229,林峯＆吳卓羲＆馬國明＆陳鍵鋒 (Raymond Lam ＆ Ron Ng ＆ Kenneth Ma ＆ Sammul Chan)
216230,林峯＆鍾嘉欣 (Raymond Lam ＆ Linda Chung)
216231,林帆 (Evelyn Lam)
216232,林師傑 (Auston Lam)
216233,林建予
216234,林強 (Lim Giong)
216236,林德信 (Alex Lam)
216237,林心如
216240,林志炫 (Terry Lin)
216241,林志玲
216242,林志穎 (Jimmy Lin)
216243,林志美 (Samantha Lam)
216245,林思彤
216246,林思杰
216247,林慧省
216248,林慧萍 (Monique Lin)
216250,林憶蓮 (Sandy Lam)
216253,林振詮
216254,林文蓀
216256,林文龍 (Frankie Lam)
216260,林明禎 (MinChen)
216262,林昕陽 (Lin Xin Yang)
216265,林智文
216267,林曉培 (Shino Lin)
216269,林村ゆかり
216270,林松義
216274,林楠
216275,林樂偉 (Ludwig Lim)
216276,林欣彤 (Mag Lam)
216278,林正
216280,林水草
216281,林沖
216282,林海
216283,林海峰 (Jan Lamb)
216285,林淑容
216286,林淑容&羅時豐
216287,林淑敏
216290,林濃華
216291,林為音
216292,林煌麟+PureTone
216293,林熹瞳
216297,林珍範
216298,林瑪黛
216299,林瓊瓏
216300,林生祥
216301,林知卉
216307,林立洋
216309,林竹君
216311,林綾 (Iris Lin)
216312,林美
216316,林義忠
216320,林耕進
216321,林育品 (Lin Yu-pin)
216322,林育羣  (小胖)
216323,林育群
216326,林良樂
216327,林良歡
216328,林良歡+許志豪
216329,林芯儀 (Shennio Lin)
216330,林苑
216332,林葉亭 (Judy Lin)
216333,林葳
216335,林進清
216336,林逸欣 (Shara Lin)
216337,林采欣 (Bae Lin)
216338,林采緹
216340,林隆璇 (Kevin Lin)
216341,林隆璇+張中立 (Kevin Lin +Eric Chung)
216342,林隆璇+林亭翰
216343,林靖雨
216344,林鴻鳴
216345,林麗蓉
216347,林黛 (Linda Lin)
216348,果味VC
216349,果實樂團 (FRUUiT)
216351,果田木童話廣播電台
216353,柏木広樹
216355,柒拾趴樂團
216357,柔均
216358,查勞加盧
216359,查勞．巴西瓦里 (Chalaw Basiwali)
216363,柯以敏 (Mindy Quah)
216365,柯儒軒
216367,柯大堡
216369,柯智棠 (Kowen)
216370,柯有倫 (Alan Kuo)
216371,柯有倫+林明禎
216372,柯有倫+黃雅莉 (Alan Kuo +Huang Yali)
216374,柯蕭 (KE)
216375,柯震東
216376,柳兼子／小林道夫
216378,柳妍熙 (Shay Liu)
216379,柳子駿+史茵茵+簡愛+許智皓+嚴啟榮+鄭世成+陶美惠+蔡欣潔+林頌安
216380,柳川あやか
216381,柳影虹 (Katherine Lau)
216382,柳石明+俞淑琴+郭頌+周友金等演唱合輯
216383,柴可夫斯基名曲101
216386,柴郡貓 (CheshireCat)
216393,栗錦
216394,栞菜智世
216395,校園民歌系列
216396,校園滾滾
216397,校園金曲
216398,校聲滾滾 (PRLLING SCHOOL)
216399,株主総会
216401,核桃 KurumiQ
216402,格子兮
216403,格子兮+潘成
216404,格格
216407,桂雀三郎
216409,桃色幸運草Z vs KISS
216410,桃黑亭一門
216411,桐嶋ノドカ
216412,桑原まこ
216414,桑布伊 (Sangpuy Katatepan Mavaliyw)
216415,桑德林／指揮、司圖嘉特廣播交響樂團
216417,桜庭和
216420,桧山あきら
216421,梁一貞
216422,梁佑嘉 (Abella Leung)
216425,梁叙甜 (Candy Leung)
216428,梁宵萍 (Jessica Liang)
216429,梁家輝 (Tony Leung)
216432,梁弘志+鈕大可+陳復明+陳志遠+曹俊鴻
216433,梁心頤 (Lara)
216435,梁文音 (Rachel Liang)
216437,梁朝偉 (Tony Leung)
216438,梁根榮 (Gen Neo)
216441,梁正群
216443,梁洛施
216444,梁漢文 (Edmond Leung)
216447,梁琳
216448,梁立昂 (Jesse Liang)
216449,梁紫丹
216451,梁詠琪 (Gigi Leung)
216453,梁邦彦
216454,梁雁翎 (Annie Liang)
216455,梁雨恩 (Cathy Leung)
216456,梁靜茹 (Fish Leong)
216457,梁香
216468,梅東生
216469,梅東生 vs.簡語卉
216471,梅艷芳 (Anita Mui)
216474,梧桐 (Indus)
216475,梨可辰 (Rico Chen)
216476,梨川| 東尼
216477,梭哈樂團 (Showhand)
216478,梵谷 水晶鋼琴
216479,梵谷之愛
216481,棉花糖 (katncandix2)
216482,棒棒堂 (Lollipop)
216483,棠星琪 (Sheila Tang)
216486,森山　良子
216491,森林ㄌㄜˋ園 (The Forest Party)
216492,森林狂想曲
216495,森美移動 (Sammy Moving)
216500,棻蘭
216501,椅子 (Chairs')
216503,椎名ぴかりん
216509,椰子!!Coconuts
216511,楊丞琳 (Rainie Yang)
216512,楊乃文 (Naiwen Yang)
216513,楊俊龍
216515,楊克強
216516,楊冪
216517,楊凱琳 (Rosie)
216519,楊力燁
216521,楊千嬅 (Miriam Yeung)
216522,楊千瑩
216525,楊哲
216527,楊坤
216528,楊培安 (Roger Yang)
216530,楊天+馬明
216531,楊奇煜
216532,楊子黎
216534,楊宇安
216535,楊宗憲
216536,楊宗緯 (Aska Yang)
216537,楊家成 (Jeremy Yang)
216538,楊小菁| 鍾婉儀
216539,楊小萍
216540,楊峻榮
216542,楊思怡
216544,楊惟
216550,楊斯捷
216555,楊曉
216557,楊林
216558,楊梓文琪
216563,楊榮輝
216564,楊永聰 (James)
216565,楊洋
216566,楊洋 (Yang Yang)
216567,楊洋+佟鐵鑫
216568,楊淑芬 (Anabela Ieong)
216569,楊炅翰
216570,楊炅翰 & 嚴藝丹 (Johan & Ivyan)
216571,楊燕
216572,楊燕&謝雷
216573,楊燦明
216577,楊瑞代 (Gary Yang)
216578,楊異強| 陳麗媚
216579,楊祐寧 (Tony Yang)
216580,楊秀蘭/歐陽謙
216581,楊程鈞 (Vic Yang)
216582,楊程鈞＋呂薔
216583,楊立鈦 (DJ E-turn)
216584,楊竣傑
216585,楊紫燃
216588,楊耀東 (Tony Yang)
216589,楊聲錚&周志豪
216590,楊臣剛
216593,楊芳儀+徐曉菁
216594,楊若瑄
216595,楊荷永
216596,楊蒨時 (Hope Yang)
216598,楊裕
216599,楊豐彥
216600,楊軒
216601,楊采妮 (Charlie Young)
216602,楊采妮&梁詠琪&袁詠儀
216604,楊雪霏
216606,楊青倩 (Lena)
216607,楊靜
216608,楊韻禾 (Melody Yeung)
216609,楊麗紅
216610,楊黎蘇
216612,楚博仁
216614,楚楚
216615,楚留香
216616,楞嚴咒國語教學
216617,極光樂團
216618,極光樂團 (Aurora)
216620,極道學園電視原聲帶
216623,榊原ゆい
216625,榮忠豪
216626,榮星合唱團
216628,槍擊潑辣 (Guntzepaula)
216630,樂世界樂團
216632,樂世界音樂經紀
216636,樂印姊妹 (SiS)
216638,樂小菲
216642,樂瞳 (Cilla Kung)
216643,樊凡
216655,樫本大進&列夫席茲
216660,橋本みゆき
216661,橋本仁
216664,橋本翔太
216666,橙草樂團 (Orangegrass)
216670,檳榔兄弟
216671,檸檬
216673,櫻桃幫 (Cherry Boom)
216674,櫻花
216676,權寶英
216677,欒克勇(阿勇仔)
216678,欒生
216681,欣暐
216684,歌劇名曲點播100首
216687,歌海(二)廣西壯族 瑤族 苗族 麼老族 毛南族 京族
216688,歌莉雅 (Gloria Tang)
216689,歐噴愛 (OpenEye)
216690,歐尼爾
216691,歐得洋
216692,歐洲情歌冠軍超精選
216693,歐漢聲
216694,歐育齊
216695,歐豪 (Oho Ou)
216696,歐開合唱團
216698,歐陽娜娜
216699,歐陽宜昕
216702,歐陽菲菲
216703,歐陽靖 (MC Jin)
216704,歡喜台灣節
216705,歡喜慶新年
216707,歡子
216708,歡度耶誕夜
216709,歡樂中國系列
216710,歡樂小學堂
216711,歡樂時光
216712,歡樂童謠派對
216713,歡樂聖誕
216714,歡樂頌
216715,歡歡喜喜迎新年系列
216718,正東Saxophone戀曲
216719,正歌
216720,正皓玄
216721,步步驚心主題曲原聲EP
216722,步步驚情電視原聲帶
216734,武藝 (Philip Wu)
216736,武虎將
216737,武陵高中校園歌手
216739,段信軍
216740,段千尋
216742,段紅
216743,殷悅 (Melody)
216745,殷正洋 (Johnny Yin)
216748,殺手鐧 (KillerSoap)
216751,毒蘋果樂團 (Poisoned Apple)
216752,比丘 索南嘉措仁波切
216756,比菲多多 (Bifidordor)
216757,毛利沙織
216758,毛奕錚
216759,毛妮卓瑪
216760,毛恩足 (Danubak)
216761,毛浣西
216762,毛澤少
216763,毛皮のマリーズ
216765,毛鵬懿 (Mao)
216766,民國十大奇案
216768,民樂演奏
216769,民樂演奏版
216770,民謠‧水晶鋼琴演奏專輯
216771,民謠風
216772,民雄
216773,民雄巴萊
216774,氣志團ときただにひろし
216776,水上まり
216778,水原 弘
216782,水文彬
216783,水晶心樂
216784,水晶清音樂
216785,水晶琴能量音樂
216787,水晶鋼琴
216792,水木年华
216793,水木年華
216795,水樹奈奈 × T.M.Revolution
216796,水瀬いのり
216798,水谷上総 & 小倉貴久子
216802,永不止息的敬拜
216805,永恆千禧心動精選
216806,永恆電影電視廣播劇主題曲精選
216807,永邦
216809,求婚事務所電視原聲帶
216814,江原郊子
216816,江宏恩
216817,江山
216818,江崎とし子
216819,江崎昌子
216826,江志豐
216827,江惠儀
216828,江文也
216829,江明娟 (Erica Juan)
216830,江明學
216832,江映蓉 (Vivi Jiang)
216833,江松霖
216834,江欣燕 (Elvina Kong)
216835,江淑娜 (Nana Chiang)
216836,江清蓉
216838,江漢聲+曾素芝
216839,江潮
216841,江玲
216842,江維峰
216843,江美琪 (Maggie chiang)
216844,江美琪+光良
216845,江美麗
216846,江羚瑜
216847,江若琳 (Elanne Kwong)
216848,江蕙 (Jody Jiang)
216849,江蕾
216850,江蘇省崑劇院
216851,江語晨 (Jessie Chiang)
216854,江音
216856,池 頼広
216859,池宇菲 (Chi yufei)
216860,池希 (Cga)
216864,池石鎮+胡琳
216865,池秋美
216868,汪中意
216869,汪佩蓉 (Fengie Wang)
216870,汪妤淩
216871,汪定中
216872,汪小敏 (Tracy Wang)
216873,汪小敏+曹格 (Gary+Tracy)
216874,汪峰
216875,汪思妍
216876,汪明荃 (Liza Wang)
216880,汪明荃＆農夫 (Liza Wang ＆ Fama)
216881,汪東城 (Jiro Wang)
216882,汪琨
216883,汪睿 (Rio)
216885,汪蘇瀧 (Silence Wang)
216887,汽車總動員系列外傳
216888,汽車風雲 史上NO.1
216890,沈元
216891,沈安 (Shen An)
216892,沈建宏 (Kris)
216893,沈建豪
216894,沈志仲
216895,沈志豪 (Alfred Sim)
216900,沈玉琳
216901,沈玮琦
216903,沈祥龍 (Sylvester Sim)
216904,沈立良
216905,沈聖哲
216906,沈芳如
216907,沈震軒 (Sammy Sum)
216909,沈麗美
216911,沐妮悠 (妞妞) (Muniyu)
216913,沒關係 是愛情啊  電視原聲帶 Volume 1
216916,沙寶亮
216921,沙發都會情歌
216922,沙羅曼蛇 (Salamander)
216931,河辺千恵子
216933,河野万里奈
216934,河靜靜
216937,沼尻竜典／トウキョウ・モーツァルト・プレーヤーズ
216945,法式多情香頌
216946,法式綺思 (FrenchCheese)
216947,法式香頌
216948,法悅 仁增塔欽仁波切
216949,法拉狸
216950,法藍
216951,法蘭 (Fran)
216952,法蘭黛樂團 (Frandé)
216953,法音清流精選拜願系列
216954,法鼓文化/愛播講堂
216955,波光折返 (WAVE LIGHT)
216961,波麗士大人電視原聲帶
216962,泰坦 (TITAN)
216963,泰武國小古謠傳唱
216964,泰迪羅賓 (Teddy Robin)
216965,泰雅族之歌
216966,泳兒 (Vincy Chan)
216967,泽野弘之，和田贵史＆とくさしけんご
216970,洛天依
216973,津軽三味線 新田昌弘 MASAHIRO NITTA
216974,洪一峰
216975,洪佳琦
216976,洪俊揚
216977,洪信傑
216978,洪億展
216979,洪卓立 (Ken Hung)
216980,洪卓立&鍾舒漫
216983,洪天祥 (Jimmy)
216985,洪小喬
216987,洪愛莉
216988,洪敬堯
216989,洪敬婷 (Chin-Ting Hung)
216991,洪新智
216992,洪杰 (Alex Wu)
216993,洪杰&朱紫嬈
216994,洪榮宏 (Jung Hung)
216995,洪榮宏+洪敬堯
216996,洪榮宏+洪薇婷
216999,洪瑞襄
217000,洪百慧
217001,洪筠惠
217002,洪筠惠+洪偉婷
217005,洪鐘
217007,活出真正的你
217010,派偉俊 (Patrick Brasca)
217011,流星+雙妹+嘜
217012,流氓阿德
217013,流浪漢 (Richie ＆ Michael ＆ Aniu)
217015,流行4度c
217016,流行作品鋼琴集
217017,流行星選
217018,流行駭客 (PopHolic)
217020,浅沼修
217023,浅野孝己
217027,浩九的愛情 電視劇原聲帶 PART 1
217029,浩角翔起
217031,浪漫古典名曲101
217032,浪漫婚禮-演奏篇
217034,浪漫晚餐
217035,浪漫樂派
217036,浪花兄弟 (The Drifters)
217037,浮生夢事系列
217040,海哲明
217041,海有多深電影原聲帶
217042,海洋嬉游記
217043,海產哥 (Seafood Brother)
217044,海蝶周年新謠紀念
217045,海蝶夯之唱響世界
217046,海角七號電影原聲帶
217047,海豚樂隊 (Air Dolphins)
217052,海風的牽引
217054,海馬迴 (Hippocampus)
217056,海鳴威 (Ocean)
217058,涂惠元 (Michael Tu)
217060,涂薾勻
217061,消災拜懺阿彌佗佛
217062,涉谷慶一郎+東浩紀+初音未來
217065,涼煙樂團 (The SlimCigarettes)
217068,深いくつろぎの為の音楽
217070,深い瞑想の為の音楽
217071,深白色
217072,深白色2人組
217073,深藍
217074,深見東州
217075,深觸我心系列
217076,混合空氣
217079,清 竜人
217080,清塚信也
217082,清新十小咒
217083,清新敬拜
217085,清晨樂團 (Daybreak EcLipse)
217096,清涼月系列
217097,清淨身心靈
217102,渋谷なお
217114,渡邊 (Westaipei Rhymer)
217119,渡部優衣
217121,温泉 Music Master
217123,游兆棋
217124,游喧 (iD)
217125,游喬軒
217126,游學志
217127,游恩杰 (EJ.YO)
217128,游智淇 (Alisia You)
217132,游鴻明 (Chris Yu)
217133,游鴻明+彭佳慧
217134,游麗紅
217135,渺渺電影原聲帶
217138,湯加麗
217140,湯姆與哈克
217143,湯寶如 (Karen Tong)
217147,湯薇恩
217148,湯蘭花
217149,湯鈞禧
217150,湯非
217151,湯駿業 (Edmond Tong)
217154,溫偉杰 (Vj Voon)
217155,溫力銘 (Danny One)
217157,溫小平
217158,溫嵐 (Landy Wen)
217159,溫拿
217160,溫拿樂隊 (The Wynners)
217161,溫故知新 Revival
217162,溫昇豪 (James Wen)
217163,溫晉禾
217164,溫朋達
217165,溫流(ONEW) X Lee| Jin Ah
217166,滅火器 (Fire EX.)
217168,滾動合輯 (Playboz)
217169,滾石三十  青春音樂記事簿
217170,滾石國語1歌
217173,滾石金曲
217174,滾石金韻民歌百大精選
217175,滿人 (Manchuker)
217185,漢洋
217186,漢洋&譚嘉荃
217187,漢霖民俗說唱藝術團
217188,漢霖說唱藝術團/愛播聽書
217190,潑猴
217191,潘伊琳 (Mabel Phua Yilin)
217193,潘佩莉
217194,潘儀君 (Joy Pan)
217196,潘協慶
217197,潘嘉麗 (Kelly Poon)
217199,潘安邦
217202,潘廣益
217203,潘成
217205,潘成+初晴
217206,潘敬祖 (Felix Poon)
217207,潘映竹 (Chu)
217208,潘曉東
217209,潘東亮
217211,潘洛妮 (Nini)
217212,潘清華 (Ariel Pan)
217215,潘瑋儀 (Alicia Pan)
217216,潘瑋柏 (Will Pan)
217217,潘秀瓊
217219,潘美辰
217220,潘胤 (Anita)
217222,潘芳烈
217223,潘裕文 (Peter Pan)
217224,潘越雲 (Michelle Pan)
217227,潛規則樂團
217233,澀女郎電視原聲帶
217234,澆灌的園子音樂事工
217235,澎恰恰
217237,澤木柚依
217239,澤田陽子
217240,澤翁羅吾上師
217243,激膚樂團 (My Skin Against Your Skin)
217244,濁水溪公社 (L.T.K.)
217249,火星人
217251,火星寶寶
217252,火星熊
217253,火星電台 (RADIO MARS)
217255,火燒島 (Burning Island)
217256,火雅
217257,火鳥 firebird
217258,灰姑娘搞笑家族
217260,灰色螺旋 (Gray spiral)
217261,炎亞綸 (Aaron Yan)
217262,炫木
217263,炮大师
217264,炳本Tsukushi (CV吉永拓斗)
217265,炸彈客 (The Bombers)
217267,烏拉多恩
217268,烏蘇里船歌
217269,烏蘭圖雅
217270,烏蘭托婭
217271,烏賊紳士 (Gentle Squid)
217272,烏金喇嘛&圓圓
217275,無不響應
217276,無力P
217277,無印良品 (Michael & Victor)
217278,無敵珊寶妹電視原聲帶
217280,無級生
217282,無限延伸音樂
217283,無限融合樂團 (Timeless Fusion Party)
217284,焯皓 (Alan Leung)
217285,煙霧彈 (Smoky Bomb)
217287,熊仔 (PoeTek)
217288,熊天平
217289,熊天益
217290,熊寶貝樂團 (Bearbabes)
217292,熊汝霖 & Dirty Honey
217295,熊胡杰
217296,熊貓人電視劇
217297,熊貓團 (PandaBros)
217298,熟睡 Maestro
217299,熟睡の為の音楽
217300,熱狗 (MC HotDog)
217301,熱田公紀
217302,燃燒這生命
217304,燕俊霆 (Jon)
217307,燕红| 燕军| 安李
217308,燕雙雙
217310,爆米花樂團
217312,爵士の四季
217313,爵士演唱輯
217314,爵士演奏輯
217315,爵士輕鬆聽
217316,父後七日電影原聲帶
217318,片倉恵一（ＣＶ：島崎信長）／直江剛（ＣＶ：内山昂輝）
217322,片霧烈火
217323,牙牙樂
217325,牛奶咖啡
217326,牛奶白 (MilkWhite)
217330,牛牛
217332,牟磊
217333,牟茗
217338,特大號樂團 (XL)
217340,牽牛花開的日子電視原聲帶
217344,犬神サアカス團
217347,狂想三重奏
217348,狂想古典瘋
217349,狂愛龍捲風電視原聲帶
217351,狂樂者 (FANDOR)
217353,狄易達 (Det Dik)
217354,狄鶯
217355,狗毛
217356,狗狗SPA音樂
217357,狗與狼的時間電視原聲帶
217359,猛虎巧克力
217360,猴子飛行員 (Monkey Pilot)
217361,獄無聲 (Silent Hell)
217363,獅子合唱團 (Lion)
217364,獨聲子
217365,獨角獸
217366,率智哈妮 (EXID)
217369,玉薩
217370,王一明
217371,王一明+梅子
217372,王上頡
217373,王中山
217374,王中平
217375,王丹
217381,王俊傑
217382,王俊凱 (Karry Wang)
217384,王偉忠、讀者文摘/愛播聽書
217386,王健傑
217387,王傑 (Dave Wang)
217388,王傑&容祖兒
217389,王傳一
217390,王儷婷 (Olivia Ong)
217392,王冠逸 (Lawrence Wong)
217393,王冰洋
217396,王力宏 & 譚維維 (Wang Leehom  & Tan Weiwei)
217397,王力宏 (Leehom Wang)
217398,王力宏 x Avicii
217401,王博文 (Bowen)
217405,王君馨 (Grace Wong)
217406,王喂馬
217408,王嘉儀 (Sophy)
217411,王國潼．二胡
217413,王夢麟
217415,王大文
217416,王大文+魏如萱
217417,王奕心 (Mao)
217418,王奕瑾 (Candy Wang)
217423,王子+小傑 (Prince+LilJay)
217424,王子建
217425,王子變青蛙電視原聲帶
217426,王子音樂出版社
217427,王宇良
217428,王宏恩
217429,王宗賢
217432,王尚宏
217433,王尚恩 (Shawn Wang)
217434,王崇真 (Wang Chung Zhen)
217435,王希文
217436,王建傑
217437,王建勛
217440,王強
217441,王彙筑
217443,王彩樺 (Lotus Wang)
217445,王心凌 (Cyndi Wang)
217446,王心如 (Cynthia Wang)
217447,王心心
217448,王心雅
217449,王志均 (Terry Wang)
217452,王思佳
217453,王思思
217454,王思遠
217457,王振祖 (Edward Wang)
217458,王政靈
217459,王敏德 (Michael Wong)
217460,王敘然
217461,王文禮
217463,王新蓮+馬宜中+鄭怡 (Wang Xin lian + Freda Ma + Jeng Yi)
217465,王旭東
217466,王旭鵬
217467,王昊
217470,王映丹+陳奕秀+劉澤文+陳承恩
217472,王昭華
217475,王柏森
217478,王梓宏
217481,王梓軒 (Jonathan Wong)
217482,王梵瑞
217483,王森地
217484,王榆鈞與時間樂隊 (Yujun Wang&TIMEr)
217485,王榮德
217486,王樂妍
217487,王櫟鑫
217490,王正平+陳中申指揮台北市立國樂團
217491,王永康
217492,王江發
217493,王沙| 秋呤
217497,王浩信 (Vincent Wong)
217498,王海玲 (Helen Wang)
217500,王渝
217502,王源 (Roy Wang)
217504,王灝兒 (JW)
217507,王燦
217508,王珍妮
217509,王珮瑤+許惠品
217510,王琦 (Seven Wang)
217512,王瑋(水晶琴)+張正弟(二胡)
217513,王瑞淇
217515,王瑞霞
217516,王瑞霞+辦桌阿傑
217522,王矜霖 (JL Wang)
217523,王磊鋼琴獨奏 黃河鋼琴協奏曲
217524,王祖藍 (Wong Cho Lam)
217525,王祖藍 feat. 冼杏嫦
217528,王秀如
217529,王秀琪
217531,王笠人
217532,王箏
217533,王紫蓓
217535,王繹龍
217536,王繹龍 & 糖糖樂團
217537,王美蓮
217538,王羚柔
217539,王羽澤
217540,王翰
217543,王艷薇
217544,王芷蕾
217546,王若琳 (Joanna Wang)
217548,王菀之 & 張敬軒 (Ivana Wong & Hins Cheung)
217549,王菀之 (Ivana Wong)
217550,王菀之&王祖藍 (Ivana Wong ＆Wong Cho Lam)
217552,王菲 (Faye Wong)
217553,王菲&鄧麗君 (Faye Wong & Teresa Teng)
217554,王萊
217555,王蓉 (Rollin Wang)
217556,王藍茵
217557,王藝偉
217559,王詩安 (Diana Wang)
217560,王詩齡+KIMI+天天+石頭
217561,王識賢
217566,王野 (King Wang)
217567,王鍵
217569,王開城
217570,王雁盟
217572,王雅娴
217573,王雅嫻
217576,王雪娥 (Billie Wang)
217577,王電
217578,王青 (Wang Qing)
217581,王頌恩
217583,王馨平 (Linda Wong)
217588,王麟
217590,王麟&楚博仁
217591,王麟&阿悄
217593,王默君
217594,玖壹壹
217595,玥霖
217598,玩弦四度 (Interestring Quartet)
217599,玫熹 (Macy Chen)
217600,玫瑰紅樂團 (ROSY)
217604,珍愛典藏輯
217606,珍藏天籟2
217609,現田茂夫+大阪市音楽団
217611,球愛天空電影原聲帶
217612,理化兄弟 (P.C.B)
217614,琉璃大悲咒
217615,琥珀うた
217617,琪琪格
217624,瑜珈冥想
217626,瑞奇 (Ricky)
217628,瑠美
217630,瑤池金母找子+池水蓮花收圓心
217631,瑪啡因 (Maffine)
217632,瑪麗 (Ma Li)
217633,瑪麗亞·卡登查瓦納·伊娃(CV：日笠陽子)
217634,瑰寶1949 電視原聲帶
217636,環ROY × OLIVEOIL
217638,璽恩 (Sien)
217639,瓊英．卓瑪
217640,瓦曼倫 (Wave Manner)
217641,甄妮 (Jenny Tseng)
217642,甄妮| 羅文 (Ni Zhen| Roman Tam)
217644,甄楚倩
217646,甄秀珍
217647,甄詠珊 (Carisa Yan)
217648,甘建民
217649,甘醇清韻系列
217650,甘雅丹
217652,甜心情人
217654,甜梅號 (Sugar Plum Ferry)
217655,甜波蕾樂團
217657,生命之歌
217658,生命之歌 / 世界原住民天籟
217659,生命最後一個月的花嫁電影原聲帶
217660,生命樹
217661,生命聖詩
217662,生日快樂
217663,生日快樂歌
217664,生日快樂電影原聲帶
217665,生日結婚
217667,生祥樂隊
217670,甯浩基 (Samson Ling)
217671,田一龍
217672,田中B
217677,田中靖人
217678,田亞霍 (Elvis)
217681,田原
217682,田心蕾 Rae Anna
217684,田村ゆかり
217685,田欣
217686,田添香菜美、Tomi & Roberta Stott
217688,田蕊妮 & 胡定欣 (Kristal Tin & Nancy Wu)
217689,田蕊妮 (Kristal Tin)
217690,田蕊妮&鄭俊弘 (Kristal Tin&Fred Cheng)
217692,田躍君
217694,田震
217695,田馥甄 (Hebe)
217697,由紀さおり duet with テレサ・テン
217699,甲子慧
217700,甲洞 電影原聲帶
217702,男人幫
217703,男女情歌對唱冠軍全記錄
217704,男子漢樂團
217708,畠山美由紀
217710,畢國勇
217711,畢夏
217713,畢書盡 (Bii)
217714,畢業幹什麼
217716,畫天
217718,異想古典夜
217719,當愛來的時候電影原聲帶
217720,當水晶遇上巴黎戀人
217724,痛仰樂隊 (Miserable Faith)
217725,痞克四
217726,痞子旁分 (Peace Punk)
217728,痞客四 (Picks)
217731,療傷小魔女Mida
217732,癒し 音楽 Specialist
217733,癒しの力
217734,癒しの周波数
217737,癒し音
217741,發條人樂團
217742,發條音樂廳
217746,白健恩 (Ronan Pak)
217747,白光
217748,白冰冰
217749,白嘉莉
217752,白安 (Ann)
217753,白家綺 (Sabrina Pai)
217757,白瑪多吉
217758,白百何
217760,白目樂隊 (The White Eyes)
217762,白羽毛之戀
217763,白舉綱
217765,白色之戀鋼琴演奏
217766,白色巨塔電視原聲帶
217767,白色海盜 (White Pirate)
217768,白色雑音
217769,白若溪
217771,白虹+周璇
217772,白金情歌傳奇
217774,白雪
217776,白雲華樂對
217777,白麗華
217778,百事音樂風雲榜
217781,百代百年系列
217783,百年新娘 電視原聲帶
217789,皮諾丘 電視原聲帶
217793,益田正洋
217794,盛君 (Janelle Sing)
217795,盛噶仁波切
217796,盛夏光年-電影主題曲概念專輯
217800,盧于光
217802,盧佳慧
217803,盧冠廷 (Lowell Lo)
217804,盧凱彤 (Ellen Loo)
217805,盧學叡 (Afalean Lu)
217807,盧家宏 (Lu Jia Hong)
217808,盧巧音 (Candy Lo)
217809,盧庚戌
217810,盧廣仲 (Crowd Lu)
217811,盧志勛
217812,盧昌明
217813,盧易之
217814,盧春如 (Ruby Lu)
217815,盧業瑂 (Brenda Lo)
217816,盧煥剛 (Luke)
217817,盧芸 (Rita)
217818,盧葦
217819,目思者 (Muster)
217821,相対性理論
217822,相思雨
217823,相愛穿梭千年 電視原聲帶
217827,相聲瓦舍/愛播講堂
217828,看見台灣 電影原聲帶
217834,真善美國語精選
217835,真善美音樂大賞
217836,真女人情歌
217837,真心ブラザーズ
217838,真愛100天 電影原聲帶
217839,真愛On Air電視原聲帶
217840,真愛傳情系列
217842,真愛心靈成長音樂系列一
217843,真愛．台灣
217845,真熊大團
217846,真熊家族
217848,真野惠里菜
217851,眭澔平
217852,眼球先生
217853,眾藝人
217854,眾藝人 (Various)
217856,着メロ
217857,着信メロディ
217859,睏熊霸
217860,睡眠導入
217862,睡眠導入 Specialist
217864,睡眠用
217865,睡眠音楽のアカデミー
217866,睡眠音楽の巨匠
217867,睿騰 (Ree)
217870,瞑想 & 瞑想
217879,知己二重唱
217881,石原江里子
217882,石原眞治
217883,石塚まみ
217885,石小飛
217887,石山正明
217892,石川智晶
217893,石康鈞
217894,石慧成
217897,石梅
217902,石竣艮
217904,石裕博
217905,石詠莉 (Sukie Shek)
217909,砰砰樂隊
217912,碎紙花樂團
217913,碎骨仔
217922,祁岩峰 (Simon Qi)
217923,祁隆
217924,祁隆+容舒
217926,祈家恆 (Kashy Keegan)
217929,祖絲 (Josie Ho)
217930,祝庭輝
217931,祝瑞莲
217932,祝瑞蓮 (Josie Chu)
217933,祝釩剛
217936,神代修/本図智夫/常総学院高等学校吹奏楽部
217940,神奇膠 (Wondergarl)
217942,神山みさ
217943,神山純一
217945,神木與瞳 (Y2J)
217946,神棍樂團
217947,神田優花
217948,神田寛明 & 広田智之
217953,神魔之塔 (Tower of Saviors)
217954,神鵰俠侶電視原聲帶
217956,禁断の多数決
217958,禅宗花园 按摩
217961,福原希己江
217962,福原香織
217964,福氣又安康電視原聲帶
217968,福爾摩斯電影原聲帶
217969,福爾摩沙任務爵士樂團 (Mission Formosa)
217970,福田妙音
217972,福田裕彦
217973,福祿壽
217974,福至心靈
217975,福茂音樂字典ABC
217976,福虎生風
217977,福音音樂
217980,禪樂大悲咒 - 寧靜祥和心靈樂
217984,秀才
217986,秀蘭瑪雅
217987,私旅行-夏-海灘的艷陽呼喚
217988,私．旅行-地平線上的留白
217989,秋休
217991,秋天
217995,秋本薰
217999,秋褲大叔 (冷漠、路勇)
218001,秋風センチメンタル
218005,秦嵐
218006,秦永
218008,秦薇 & 樂小菲 (Lucy Qin & Le Xiao-Fei)
218010,移山倒海樊梨花連續劇主題曲
218011,程偉祥
218012,程恢弘
218013,程文政 (KEVIN CHENG)
218014,程璧 (Cheng Bi)
218015,程科
218018,種子音樂暖冬數位合輯 (Seeds Of Winter Love)
218021,稻草人兵團
218023,穆松古千仁波切
218024,穆松古千仁波切、白玉措嘉謝拉達吉林寺阿尼僧眾
218027,穢翼のユースティア
218030,空中分解 feat.アンテナガール
218031,空之感應
218033,空氣罐頭
218037,穿越星空與你相遇
218038,窒息
218040,竇唯
218041,竇智孔 (Bobby Dou)
218042,竇靖童 (Leah Dou)
218045,章中锦| 张雅玲| 小蓓蕾组合
218048,章蓉舫
218049,童可可
218050,童可可+田躍君
218052,童安格 (Angus Tung)
218053,童安格+周治平 (Angus Tung +Steve Chow)
218054,童年童語 - LG洗衣機 小賴皮之歌
218055,童彤
218056,童立安
218058,童聲童語歡喜心
218059,童言童語
218060,童謡スーパースター
218061,童靖文 (Lyrics Tung)
218062,童音集演唱系列
218063,童黨樂隊
218065,竹仲絵里
218066,竹內順子
218068,竹内永和
218073,竹清仁波切&夏沛仁波切
218079,笛子演奏
218081,符家浚 (Calvert)
218082,符瀧飛 (J.A)
218083,符瓊音 (Meeia Foo)
218084,符致逸 (Adrian Fu)
218085,第14屆赤弦獎決賽精選
218086,第8號當舖電視原聲帶
218087,第一次 電影原聲帶
218088,第三種愛情 電影原聲帶專輯
218089,第三者 (The Third Party)
218092,第八音符 (8th note)
218093,第六世塔立仁波切
218095,笹川美和
218096,等等樂團 (THE WAiiT)
218098,筋肉少女帯
218099,筋肉少女帯人間椅子
218100,筷子兄弟
218102,箏藏 - 箏樂演奏專輯
218103,管平湖
218104,管碧玲
218105,管罄 (Kris Kuan)
218112,簡單情歌
218113,簡單情歌2
218114,簡弘亦
218115,簡愛
218116,簡文彬與NSO
218118,簡淑萍
218119,簡紅
218120,簡英材 (Martin Chien)
218121,簡詩敏
218122,簡迷離 (GEMINI)
218124,米兒絲
218125,米拉拉 (林慧玲)
218126,米星星 (Ricing Star)
218127,米星星與她的好伙伴
218128,米樂士合輯
218134,粉愛粉愛你 電視原聲帶
218135,粉紅噪音 (Pink Noise)
218136,粉紅教父小甜甜電視原聲帶
218137,粉紅色口紅電視原聲帶
218138,粗大band
218139,精選輯
218140,糖兄妹
218141,糖妹 (Kandy Wong)
218144,糖果可樂 (Candy Cola)
218147,糖果酒 (Candy Wine)
218148,糖糖樂團
218150,糯米
218151,糯米糰 (Sticky Rice)
218153,紀佳松 (BlueJ)
218154,紀儀羚 (Kirki)
218156,紀宏仁
218157,紀宜廷
218159,紀尾井シンフォニエッタ 東京
218161,紀文惠 (Justine Chi)
218162,紀曉君
218165,紀露霞
218166,紀露霞+呂淑玲
218167,約書亞樂團
218168,約瑟翰龐麥郎
218169,約翰安鐸尼
218171,紅唇族
218172,紅孩兒
218173,紅布條
218174,紅情歌
218175,紅星十年紀念精選
218176,紅月
218178,紅玫瑰白玫瑰電影原聲帶
218179,紅節奏 (THE RED GROOVE PROJECT)
218180,紅色狂想曲之《愛‧過年》
218181,紅色狂想曲之好過年
218183,紅花樂團 (Red Flower)
218189,紅龍
218192,紐德爾雅
218194,紓壓輕鬆聽
218196,純全敬拜系列
218197,純愛年代
218198,純愛西洋對唱情歌CV
218199,純粹好聽
218200,純音樂
218201,紙片女孩
218202,紛紛樂團 (The Fen Fens)
218208,索南帕吉
218212,紫凌
218213,紫君
218214,紫禁之巔電視原聲帶
218216,紫色呢喃
218218,紫藤戀電視原聲帶
218221,紮央拉姆
218222,細野晴臣
218223,紳士合唱團
218224,紳士樂團 (Gentlemen)
218225,紳士的品格 電視原聲帶
218226,結婚好嗎?
218228,絕代電影情史
218229,絲襪小姐
218233,經典好歌集錦
218234,經驗樂團 (Experience)
218236,維恩 (Sharon)
218237,網路熱搜歌曲合輯
218238,網路特搜精選曲
218243,綾小路 翔と森山直太朗
218247,緑川フミヤ
218251,練習曲電影原聲帶
218252,縣政愛
218253,縱貫線 (SUPERBAND)
218254,繆以欣
218256,繭子
218257,繼承者們 電視原聲帶1
218258,繼承者們 電視原聲帶2
218263,繽紛花博
218264,纪懿珍
218270,羅中旭
218271,羅凱瑩 (VIVIANA LO)
218272,羅力威 & 余楓
218273,羅力威 (Adason Lo)
218274,羅力威+容祖兒 (Adason Lo +Joey Yung)
218276,羅啟聰 (K.I.S.)
218277,羅嘉良 (Gallen Lo)
218278,羅嘉良＆胡杏兒 (Gallen Lo & Myolie Wu)
218281,羅嘉豪 (Hyper Lo)
218283,羅大佑
218284,羅大佑 feat.台北愛樂合唱團
218285,羅天宇
218288,羅孝勇 (Sheldon Lo)
218289,羅小白 (S.White)
218290,羅復中
218291,羅心潔
218292,羅志祥 (Show Lo)
218293,羅思容
218294,羅思容與孤毛頭樂團
218295,羅憶詩 (Yise Loo)
218297,羅文 (Roman Tam)
218299,羅文&甄妮 (Roman Tam&Jenny Tseng)
218300,羅文聰
218301,羅文裕 (Wing Lo)
218302,羅昊
218303,羅晴 (Christine Lo)
218306,羅百吉 (Jerry Lo)
218307,羅美玲 (Irene Luo)
218309,羅賓
218310,羅賓| 康喬| 謝采妘
218311,羅軍
218312,羅鈞滿 & 鄭世豪 & 姚兵
218313,羅鈞滿&王君馨 (Ronald Law & Grace Wong)
218314,羅鈞滿&鄭世豪 (Ronald Law & Hoffman Cheng)
218316,羅雋永 (Louis Lo)
218317,羅雲熙
218319,羊毛與千葉花
218322,美吉田月
218323,美味的想念 電視原聲帶
218324,美味關係
218325,美味關係電視原聲帶
218329,美好前程樂團 (Go Go Rise)
218330,美好的日子
218331,美寶 (Mabel)
218332,美少女時代網路勁歌
218335,美崎しのぶ+中司雅美+AKKO+森川由綺+緒方理奈
218340,美聲天使/心靈禮讚
218341,美聲天籟
218343,美野春樹
218345,美雲このは(CV:上坂すみれ)
218346,美霖
218347,美麗心民謠
218348,美麗新世界
218350,美黛+孔蘭薰+吳靜嫻
218352,群可
218353,群可| Hojo
218355,群可| 孙羽幽
218357,群星
218358,群星 (Remix 101)
218359,群星會金曲傳唱系列
218361,羽柴夏樹（CV:松岡禎丞） 松永智也（CV:江口拓也） 片倉恵一（CV：島崎信長） 直江剛（CV：内山昂輝）
218362,羽柴夏樹（ＣＶ：松岡禎丞）　／　松永智也（ＣＶ：江口拓也）
218364,羽泉 (Yu Quan)
218366,羽田
218369,翁倩玉 (Judy Ongg)
218370,翁倩玉趙+曉君+張陶陶
218371,翁元佑
218373,翁孝良/林雨
218376,翁梓銘
218377,翁清溪+台灣爵士大樂團
218378,翁滋蔓
218379,翁瑩瑩 (YinYin)
218380,翁立友
218383,翟惠民
218386,翼勢力 (Eastyle)
218387,耀樂團
218388,老九
218392,老狼
218394,老貓偵探社 (the old mog detective agency)
218397,耿洛
218400,聖安東尼奧聖經教會現場敬拜讚美精選輯
218402,聖誔萬花筒
218403,聖誕快樂久久
218404,聖誕歌曲大車拼
218405,聖誕童聲
218406,聖誕音樂
218407,聖誕音樂盒
218408,聖誕頌歌
218409,聖蹟高校足球部【炳本Tsukushi (CV吉永拓斗)、風間陣 (CV松岡禎永)】
218410,聖馬克兒童合唱團
218412,聲子蟲 (Bugs of Phonon)
218413,聲朗文化/愛播聽書
218414,聲音玩具 (Soundtoy)
218415,聲音碎片 (Sound Fragment)
218419,聶琳
218420,聶禹
218421,聶雲與烏野薰爵士樂團
218422,聽見100%美麗琴聲 (100%Lovely Piano)
218423,聽見下雨的聲音 電影原聲帶
218424,聽見內在的聲音
218425,聽見幸福 電視劇原聲帶
218426,聽見美麗琴聲
218428,聽電影
218430,肇群 (Peter)
218436,肖飛
218437,肖馨露
218439,肯周樂隊 (Ken Chou Group)
218440,胃氣團
218441,胎教音樂
218443,胖虎
218444,胡世恩 (Lesley Hu)
218445,胡乃元
218446,胡元愷
218448,胡兵
218449,胡利基
218450,胡力
218451,胡夏
218452,胡宇威 (George Hu)
218453,胡彥斌 (Tiger Hu)
218454,胡德夫
218455,胡恩瑞
218456,胡杏兒 (Myolie Wu)
218458,胡杏兒&李思捷 (Myolie Wu ＆ Johnson Lee)
218462,胡椒貓樂團 (PepperCats)
218463,胡楊林 (Lydia Hu)
218464,胡楊琳vs祈隆
218465,胡楠
218466,胡次
218467,胡歌
218468,胡波濤
218469,胡渭康 (William Hu)
218470,胡瀞云
218472,胡琳 (Bianca Wu)
218473,胡瓜
218476,胡維納 (Hu Weina)
218477,胡艾彤
218478,胡艾彤+玄殤
218479,胡莎莎
218481,胡量
218485,胡雯
218486,胡靈 (Kiki Hu)
218487,胡靖杰 (Eason Hu)
218488,胡鴻鈞 (Hubert Wu)
218489,胡鴻鈞&徐子珊 (Hubert Wu ＆ Kate Tsui)
218490,胡鴻鈞&鍾嘉欣 (Hubert Wu & Linda Chung)
218491,能量兄弟
218493,脫拉庫 (TOLAKU)
218494,腐男塾
218497,腳趾上的星光 電影原聲帶
218498,臟手指
218499,臥軌的火車
218500,臧天朔
218501,臧天朔&斯琴格日樂
218506,自律訓練法 Specialists
218510,自然の音と音楽
218511,自然捲
218512,自然的聲音
218513,自然與神思合奏團
218515,自由權威 (Authority of Liberty)
218516,自由派對 (Free party)
218517,自由發揮 (One Two Free)
218519,至上勵合 (Top Combine)
218520,臺灣國樂團+李垂誼
218521,臺灣好聲音
218522,臺灣福音書房 (Taiwan Gospel Book Room)
218525,與陽光共舞
218527,舌頭樂隊
218528,舒子晨
218530,舒曼.海頓.貝多芬.柴可夫斯基.蕭邦等作品
218531,舒浩
218532,舒眠奏鳴曲
218533,舒舒
218535,舞力假期對決
218536,舞力全開
218537,舞力對決
218538,舞動
218539,舞吧舞吧在一起 電視原聲帶
218542,舞曲傳奇3
218543,舞曲大閱兵
218544,舞曲封神榜
218545,舞曲超值全餐
218546,舞林大会之歌舞魅影
218547,舞林大道
218551,般若波羅蜜心經系列
218560,艾怡良 (Eve Ai)
218561,艾成 (Eison Ai)
218562,艾晴晴
218563,艾歌
218566,艾瑋倫 (Allen)
218567,艾瑋倫+The Angel Without Wings
218568,艾粒 (I Love You Boyz)
218570,艾迴20年200曲
218572,艾青
218573,艾麗雅
218575,芝蔴 & 龍眼
218576,芝麻+龍眼
218577,芝麻| 龍眼
218579,芦屋花繪（ＣＶ：梶裕貴）・安倍晴齋（ＣＶ：前野智昭）
218580,芬華
218581,芮德 (RED)
218582,芯平+吉娃楓
218584,花世紀 (What Century)
218585,花兒 (The Flowers)
218586,花兒 (林佳音)
218587,花吃了那女孩電影原聲帶
218590,花木蘭電影原聲帶
218593,花漾年華
218594,花粥
218595,花與愛麗絲電影原聲帶
218596,花蓮海洋公園之水晶城堡首部曲-神秘的門
218597,花見桜幸樹
218598,花鳥風月Project
218599,花鳥風月Project / Environmental Cinema / 青木晋太郎
218600,芳怡 (Fann)
218601,苏天华
218602,苏子哲
218607,苗小青
218608,苗岭的早晨
218609,苗族 水族 布依族音樂合輯
218610,苗苗
218612,苟偉
218613,若井優也
218624,英皇團員
218625,英雄堂NO.1
218626,英雄聯盟召喚師群
218627,茂野雅道
218630,范圣琦
218632,范安婷 (Anie Fann)
218633,范宗沛
218634,范宗沛 x 李哲音 二重奏
218635,范宗沛+林海
218636,范宗沛+林海+董運昌+林慧玲+黃雅詩+徐清原+楊錦聰+許紫庭
218637,范家豪
218638,范小倩 (Fanny)
218640,范怡文
218641,范振鋒
218642,范揚景 (FAN YangJing)
218643,范揚景+陳思瑋+達一生
218644,范曉萱 (Mavis Fan)
218645,范曉萱+100%樂團 (Mavis Fan+100% yue tuan)
218646,范曉萱+A
218647,范曉萱+IPIS (Mavis Fan+IPIS)
218648,范瑋琪 (Christine Fan)
218649,范瑋琪+張韶涵+郭靜 (Fanfan Fan+Angela Cheung+Claire Kuo))
218651,范逸臣
218652,范麗絲
218653,茅野嘉亮
218656,茍爽
218658,茜拉 (Shila Amzah)
218659,茶太
218662,草地人樂團 (The Locals)
218663,草東沒有派對 (No Party For Cao Dong)
218664,草莓救星 (We Save Strawberries)
218665,草莓救星 x 甜梅號
218667,草蜢 (Grasshopper)
218669,草蜢&軟硬
218671,荒山亮 (Ric Jan)
218674,荘村清志
218675,莊冬昕 (Ben Chong)
218676,莊妮
218677,莊學忠
218678,莊學忠+小鳳風
218679,莊心妍
218680,莊心妍+海哲明
218681,莊振凱
218684,莊祖宜
218685,莊育典
218686,莊育典+儒孺
218688,莎拉布萊曼最愛安可經典
218693,莫小娘| 小右
218694,莫少聰
218695,莫文蔚 & 鄭少秋 (Karen Mok & Adam Cheng)
218696,莫文蔚 (Karen Mok)
218697,莫斯科新愛樂交響樂團
218698,莫智欽
218699,莫札特精選集
218700,莫海婧
218703,莫瑟 (大提琴)+恩肯能 (指揮 科隆西德廣播交響樂團)
218704,莫瑟 (大提琴)+李雲尼斯 (鋼琴)
218705,莫瑟 (大提琴)+李雲尼斯(鋼琴)
218706,莫瑟／大提琴、李雲尼斯／鋼琴
218707,莫西子詩
218709,莫非，這就是愛情 原聲帶
218710,莫龍丹 (Eleven Mo)
218711,菁英藝術家三重奏 (Elite Artists Trio)
218714,菅原洋一
218715,菅嶋光明
218718,菅野祐悟
218719,菅野義孝
218723,菊梓喬 (HANA)
218728,華人碉堡音樂帝國
218729,華人碉堡音樂帝國3
218730,華夏HIGH舞曲
218731,華夏排行榜流行歌曲
218732,華夏流行排行榜精選輯
218733,華夏流行排行榜金曲
218734,華夏流行歌曲精選集
218735,華夏流行舞曲精選
218740,華晨宇
218741,華納群星
218743,華風月
218744,華麗的宮廷國樂演奏
218745,菲MM
218746,菲比 (Febe)
218747,萊特姊弟 (The Lighters)
218748,萌力BOB (CV:村川梨衣、大原沙耶香、松井惠理子、巽悠衣子、相坂優歌、內田真禮、生天目仁美、小澤亞李、淵上舞、戸田惠、佐佐木未來、本多真梨子、花守由美里)
218750,萬妮達 (Vinida)
218756,萬玲琳
218757,萬能青年旅店
218759,萬芳
218760,萬重樂隊
218763,落落
218766,葉乃文
218767,葉乃銀
218768,葉佩雯 (Grace Ip)
218769,葉佳修
218770,葉依青.蓮歌子
218771,葉俊亨 (Hank Yip)
218772,葉倩文＆林子祥 (Sally Yeh & George Lam)
218773,葉停雨 (Bruce Ip)
218774,葉勝欽
218775,葉啟田 (Ye Qi Tian)
218776,葉大俠
218777,葉子瑄 (Sandy Yeh)
218778,葉巧琳 (Mischa Ip)
218780,葉復台
218781,葉德嫻 (Deanie Ip)
218783,葉懷佩
218784,葉振棠 (Johnny Ip)
218785,葉振棠&葉麗儀 (Johnny Ip & Frances Yip)
218787,葉文輝 (Barry Ip)
218788,葉時偉
218791,葉月ゆら
218792,葉楓
218794,葉樹涵
218795,葉樹涵銅管五重奏
218796,葉樹茵
218797,葉歡 (AUGUSTINE Yeh)
218800,葉熙祺 (Anna Kay)
218802,葉玉卿 (Veronica Yip)
218803,葉琮文 (Steven Yeh)
218804,葉瑋庭 (Uni Yeh)
218805,葉璦菱
218806,葉秉桓
218807,葉穎
218808,葉良俊
218809,葉蒨文 (Sally Yeh)
218812,葉諾帆
218813,葉貝文
218815,葉鷹
218816,葉麗儀 (Frances Yip)
218818,葛仲珊 (MISS KO)
218823,葛洛力
218824,葛蘭
218825,葛蘭 (Grace Chang)
218826,葛雨晴
218829,董事長樂團 (The Chairman)
218830,董事長樂團＆九天民俗技藝團
218831,董佩佩
218833,董又麟
218834,董姿彥 (Joanna Dong)
218837,董育君
218838,董舜文 (Shuen Wen Tung)
218839,董運昌
218845,蒙克
218846,蒙古族音樂
218847,蒙家華
218848,蒲公英合唱團
218849,蒲公英希望基金會
218850,蒲庭龍
218852,蒼鷹
218853,蓉蓉
218856,蓝澜
218858,蓮歌子
218860,蓮歌子.黃慧文
218862,蓮緣系列-佛曲演唱
218868,蔚雨芯 (Rainky)
218869,蔡伯南
218871,蔡佳璇
218872,蔡佳靈 (Charis)
218873,蔡佳麟
218874,蔡依林 & Alesso
218875,蔡依林 (Jolin Tsai)
218876,蔡依林 (Jolin Tsai) & Alesso
218878,蔡健東
218879,蔡健雅 (Tanya Chua)
218881,蔡卓妍 & 馬天佑 (Charlene Choi & Mayao)
218882,蔡卓妍 (Charlene Choi)
218883,蔡卓妍&王祖藍&杜汶澤
218884,蔡可荔
218886,蔡國權 (Terence Tsoi)
218887,蔡夢航
218888,蔡孟臻 (Monmon Tsai)
218891,蔡小虎
218892,蔡幸娟 (Delphine Tsai)
218895,蔡惠英
218896,蔡憶雯 (Chua Vivian)
218897,蔡振南
218898,蔡日軒 (Roch Tsai)
218899,蔡旻佑 (Evan Yo)
218905,蔡楓華 (Kenneth Choi)
218907,蔡淳佳 (Joi Chua)
218910,蔡琴 (Tsai Chin)
218911,蔡琴+李建復
218912,蔡盛通
218914,蔡秋鳳
218915,蔡立兒 (Cherrie Choi)
218916,蔡義德
218918,蔡茗淇
218919,蔡藍欽
218920,蔡豫+黃慧音
218922,蔡鎔竹
218923,蔡閨
218924,蔡阿嘎 (A-Ga Tsai)
218927,蔡麗津
218928,蔡黃汝 (豆花妹)
218929,蔡齡齡
218930,蔣三省
218931,蔣勳
218932,蔣卓嘉 (GJ)
218933,蔣大為
218939,蔣榮宗
218940,蔣瑤佳 (JIANG Yaojia)
218942,蔣蔣
218943,蔣薇
218944,蔣雅文 (Mandy Chiang)
218946,蔣風之+孫文明+張方鳴
218948,蔵島由貴
218949,蕊~Remix舞曲
218950,蕭亞軒 (Elva Hsiao)
218951,蕭人鳳
218952,蕭全
218953,蕭孋珠
218954,蕭寶鐶
218955,蕭岳英
218957,蕭敬騰 (Jam Hsiao)
218959,蕭正楠 (Edwin Siu)
218960,蕭淑慎 (Suzanne Hsiao)
218962,蕭澤倫
218963,蕭煌奇 (Ricky Hsiao)
218964,蕭煌奇+胡藝芬
218965,蕭玉芬
218966,蕭福德 (Fu De Hsiao)
218967,蕭羽心
218969,蕭蔓萱
218970,蕭蔓萱+陳淑萍+蔡麗津
218971,蕭蕭
218973,蕭賀碩 (Debbie Hsiao)
218974,蕭賀碩與冷笑話樂團 (Shuo and Cool Humor)
218976,蕭閎仁
218977,蕭風
218981,薇格 (Wéko)
218983,薛之謙
218985,薛凱琪 (Fiona Sit)
218986,薛嘯秋
218987,薛家燕&蕭正楠&麥長青 (Nancy Sit & Edwin Siu & Evergreen Mak)
218988,薛岳
218990,薛曉楓
218991,薛汀哲
218992,薛炳進 (Jin)
218993,薛珮潔
218994,薛金顯
218995,薩克斯風演奏
218996,薩克斯風系列
218997,薩迦法王&大寶金剛仁波切&拿旺喇嘛等
218999,薩頂頂
219001,薫と友樹､たまにムック｡
219003,藍又時 (Shadya Lan)
219004,藍喆
219005,藍奕邦 (Pong Nan)
219006,藍弘欽
219007,藍心湄 (Pauline Lan)
219008,藍憂音樂盒
219010,藍文澤 (BLUE)
219011,藍櫻
219012,藍櫻| 范麗絲
219013,藍瀾
219017,藍聖文
219020,藍雨
219021,藏傳演唱系列
219022,藏族音樂專輯
219023,藝聲 X SEULGI
219025,藤井　フミヤ
219028,藤井樹 (Hiyawu)
219035,藤岡藤巻と大橋のぞみ
219037,藤本一馬
219043,藤澤教正
219047,蘇丁琦 (Amy)
219048,蘇世豪
219049,蘇仨
219052,蘇修儀 (Shoie)
219054,蘇兒真
219056,蘇南嘉措仁波切
219057,蘇又鎔+辦桌阿龍
219058,蘇唯
219061,蘇妙玲
219064,蘇宥蓉
219070,蘇慧倫 (Tarcy Su)
219071,蘇打綠 (Sodagreen)
219072,蘇振華
219073,蘇文慶
219075,蘇曼竹巴仁波切
219076,蘇有朋
219078,蘇格蘭風笛
219079,蘇永康 (William So)
219080,蘇永康+許志安 (William So+Andy Hui)
219082,蘇煒喬 (Ivan So)
219083,蘇珮卿 (Paige Su)
219084,蘇琛
219085,蘇穩璋
219088,蘇育霆
219089,蘇芮 (Julie Su)
219090,蘇路 (SOLO)
219091,蘇運瑩
219092,蘇醒 (Allen Su)
219096,蘋果的搖籃曲
219099,蘭陵王電視原聲帶
219113,虹原ぺぺろん
219114,虹翎ML (Mia Liu)
219116,蛇足
219117,蛋堡 (Soft Lipa)
219118,蛋堡 x 黃玠
219119,蛋堡Soft Lipa & Jabberloop (Soft Lipa + Jabberloop)
219126,蜂蜜幸運草電視原聲帶
219128,蜜糖老爹 (Sugardaddy)
219129,蜜糖老爹 3 (Sugardaddy 3)
219130,蜜雪薇琪 (Michelle & Vickie)
219133,蝶々P feat. 初音ミク
219134,螢火蟲
219135,螺絲釘 (Rose Din)
219136,蟑螂合唱團 (IPIS)
219139,血肉果汁機 (Flesh Juicer)
219140,行李樂團
219144,街頭霸王
219145,衛生紙請丟進馬桶 (Flush Tissues down the toilet| pls)
219146,衛蘭 (Janice M. Vidal)
219147,衛詩 (Jill M. Vidal)
219148,衝擊力樂隊
219151,表兒
219153,袁哲
219157,袁姍姍
219158,袁婭維 (TIA RAY)
219159,袁小迪
219161,袁惟仁
219162,袁成杰
219163,袁成杰+戚葳
219165,袁耀發
219166,袁興國
219169,袁詠琳 (Cindy Yen)
219174,裘海正
219175,裘芝
219177,西內麻里亞
219179,西單女孩
219180,西域胡楊
219181,西塔浸信會 (CITA Baptist Church)
219182,西山
219183,西山樂隊 (馮佳界)
219187,西川由真
219190,西本幸弘 & 山中惇史
219191,西村幸輔
219193,西村由紀江
219202,西沢はぐみ
219207,西藏兒童村學童
219208,西藏民族音樂系列
219209,西街少年電視原聲帶
219210,西遊樂隊
219215,覃子茵
219216,親愛的奶奶 電影原聲帶
219220,角田・ハマケンのSMJ全日本スキマ音楽
219222,解偉苓 (Yvonne Hsieh)
219223,解婕翎
219225,觸執毛 (Chochukmo)
219226,言承旭 (Jerry Yan)
219227,言皓 (Jaron)
219228,言野
219229,訂座你的情人節
219230,記號士 (The Sign of Human)
219234,許仁杰 (Stanly Hsu)
219236,許元成
219237,許冠傑 (Sam Hui)
219238,許冠英 (Ricky Hui)
219240,許含光 (Lumi)
219241,許哲珮 (Peggy Hsu)
219242,許啟隆
219243,許啟隆+可可
219246,許富凱
219247,許嵩
219249,許巍 (Xu Wei)
219250,許廷蔚
219251,許廷鏗 (Alfred Hui)
219252,許廷鏗&胡鴻鈞 (Alfred Hui & Hubert Wu)
219254,許志安 (Andy Hui)
219255,許志安 + 胡杏兒 (Andy Hui + Myolie Wu)
219256,許志豪
219258,許慧欣 (Evonne Hsu)
219259,許效舜
219260,許時 (ShiShr)
219261,許晉豪
219262,許景淳 (Christine Hsu)
219263,許書豪 (HAOR)
219268,許石
219269,許秉鑫 (筆芯) (BC)
219270,許紹洋 (Ambrose Hsu)
219271,許美靜 (Mavis Hee)
219272,許茹芸 (Valen Hsu)
219273,許蓓+許蕾
219274,許蘋果+喬喬 (Rita Xu +Rose Yu)
219275,許逸喬 (Josh)
219276,許金玲 (Doreen Kho)
219277,許鈞
219279,許雅涵
219280,許靖韻 (Angela Hui)
219281,許靖韻&張致恆 (Angela Hui & Steven Cheung)
219282,許飛
219283,許魏洲
219284,許魏洲+朱元冰
219285,許魏洲+黃景瑜
219286,許鶴繽
219287,証聲音樂圖書館 ECHO MUSIC
219288,証聲音樂心靈館 ECHO SPIRIT
219289,詐欺遊戲電視劇原聲帶Part 1
219290,詐欺遊戲電視劇原聲帶Part 2
219291,詐欺遊戲電視劇原聲帶Part 3
219293,詩情之美
219294,詩樂交響系列
219295,詩與禪系列
219297,話梅鹿 (Prune Deer)
219298,詹宇琦
219299,詹小櫟
219300,詹惟中
219301,詹曼鈴
219302,詹森淮 (Riva Jan)
219305,詹雅雯
219306,詹雅雲
219308,誓言
219311,語媓 (QUEENIE)
219312,說書人樂團 (THE SCOP)
219314,談欣
219315,談莉娜/楊洋/易易紫/于朦朧/謝彬彬/高泰宇
219317,諦聽中國系列
219320,諾靈頓爵士、司圖嘉特廣播交響樂團
219321,諾靈頓爵士指揮、司圖嘉特廣播交響樂團
219322,謊言留聲機 (Lie Gramophone)
219327,謝中傑 (Alex Chia)
219328,謝乾乾bboydry
219329,謝京穎
219330,謝京穎與中華隊專屬啦啦隊
219331,謝佩吟
219333,謝佳見
219334,謝佳賢
219336,謝和弦 (R-chord)
219339,謝天華 (Michael Tse)
219342,謝娜
219343,謝宇威
219345,謝安琪 (Kay Tse)
219347,謝宜君
219348,謝容兒
219350,謝帝
219351,謝怡安
219353,謝文傑
219354,謝文欣 (Ally Tse)
219355,謝文雅 (Casey  Tse)
219357,謝曉慧
219358,謝有才
219359,謝欣欣
219360,謝欣芷
219361,謝欣芷+黃靜雅
219362,謝沛恩 (Aggie)
219365,謝至平
219366,謝芊彤+謝芊蕾 (Tse Chin Tung + Tse Chin Lui)
219367,謝苡雯
219368,謝莉婷
219369,謝華
219370,謝衣沛
219371,謝采妘
219373,謝采妘| 康喬| 羅賓
219374,謝金晶
219375,謝金燕 (Jeannie Hsieh)
219376,謝銘祐
219377,謝雨維
219378,謝雷
219379,謝霆鋒 & 林憶蓮 (Nicholas Tse & Sandy Lam)
219380,謝霆鋒 & 鍾鎮濤 (Nicholas Tse & Kenny Bee)
219381,謝霆鋒 (Nicholas Tse)
219382,謝震廷 (Eli Hsieh)
219388,譚嘉儀 (Kayee Tam)
219389,譚嘉荃 (Amy Tam)
219393,譚晶
219395,譚杰希 (Jackie Tam)
219397,譚煒星
219398,譚維維
219400,譚詠麟 & 關楚耀 (Alan Tam & Kelvin Kwan)
219401,譚詠麟 (Alan Tam)
219402,譚詠麟 + 杜麗莎 (Alan Tam +Teresa)
219403,譚詠麟+李克勤 (Alan Tam+Hacken Lee)
219404,譚詠麟| 陳小春
219406,變調薩克斯風
219407,變身 電影原聲帶
219408,讚州中學勇者部 (照井春佳、三森鈴子、内山夕實、黒澤Tomoyo、長妻樹里)
219409,讚美之泉 Stream of Praise Music Ministries
219410,讚美之泉音樂事工 (Stream of Praise Music Ministries)
219419,谢容儿
219420,谢朋举
219422,谭耀军
219428,谷川賢作
219429,谷微
219435,豪記大對唱
219436,豬哥亮
219438,貍貓 (Aristophanes)
219439,貓咪SPA音樂
219440,貓耳朵音樂繪本
219441,貝斯特的聖誕音樂劇
219443,貝諾法王&堪布貝瑪千貝仁波切
219444,貝諾法王&堪布貝瑪千貝仁波切&烏金喇嘛
219445,貝諾法王&多傑喇嘛
219446,貝貝
219449,貢寮國際海洋音樂祭
219451,貢維特
219453,貫詩欽
219456,貴州 侗族大歌
219457,貴族精選
219458,貴族舞曲系列
219460,費玉清
219461,費翔
219462,賀一航
219464,賀敬軒 (CoCo)
219465,賀軍翔 (Mike He)
219467,賈乃亮+宋小寶+于洋
219469,賈庫西樂團 (Jacuzzi)
219471,賈曉晨&樊少皇
219472,賈玲
219473,賈立怡 (Rachel Kar)
219474,賈靜雯
219476,賴偉鋒 (Sam Lai)
219477,賴慈泓
219478,賴慧如
219479,賴淞鳳 (Nicole)
219482,賴銘偉
219483,賴雅妍 (Megan Lai)
219486,赤い公園
219489,赤ちゃん寝る
219490,赤ちゃん寝る Master
219491,赤世代 (Red Generation)
219493,赤壁電影原聲帶
219494,赤子花園
219498,赤色のグリッター
219499,走下坡樂團
219501,走吧！去旅行 / 台灣鐵道音樂特輯
219502,走廊奔跑隊
219504,赵乃吉
219505,赵小涣
219510,起來，與我同去
219511,超克7 (Choc Seven)
219512,超口愛樂團 (Super Q)
219513,超強17練習生 (賈凱萱&羅綺雯&劉芳芸&謝寶萱&陳希瑀&施語庭)
219514,超特急 feat. マーティー・フリードマン
219515,超級偶像 (Super Idol)
219516,超級天團
219518,超音界 (SuperTomic Sound)
219519,超音速 混音極選 (SUPER SONIC)
219523,趙一豪 (Sissey Zhao)
219524,趙之璧 (Bibi Chao)
219525,趙仕瑾
219527,趙健
219528,趙傳
219529,趙哲
219530,趙學而 (Bondy Chiu)
219531,趙宇彤
219532,趙小兵
219533,趙崇灝 (Earth)
219538,趙曼
219540,趙楓
219542,趙泳鑫 (Steelo)
219543,趙泳鑫+沈夢辰
219546,趙照
219547,趙玉齋
219550,趙船長
219553,趙蕊
219554,趙薇
219555,趙詠華 (Cyndi Chaw)
219556,趙鑫
219557,趙鑫+黃勇
219558,趙雷
219559,趙頌茹 (Yu Chiu)
219563,跨世紀金曲精選
219564,跨界樂團 (Wooonta)
219565,跨院 (Quadrangle Family)
219567,路勇
219568,路嘉欣
219569,路壹 (Lu1)
219570,路家敏 (Jia Min Lu)
219571,路斯明
219572,路綺歐
219574,跳浪樂團
219576,踏蓮的慈悲
219577,踢窩客 (T-WORK)
219578,踩歌行
219579,身心寧靜聽禪音
219580,身心自在-點一盞心燈
219581,車 恩心
219582,車婉婉 (Steffi)
219583,車子 (Daniel)
219584,車志立 (Daniel)
219588,軒轅劍 電玩原聲帶
219589,軟硬天師 (Softhard)
219590,軟綿綿 (SoFuTo)
219592,輕日記 (cozy diary)
219593,輕晨電 (Morning Call)
219594,輕鬆玩樂團 (relax-One)
219595,輝子
219597,轉動幸福 轉動愛
219598,轟天牛
219600,车静子
219603,辛曉琪 (Winnie Hsin)
219604,辛莉恩 (Lilian)
219605,辛龍 (Shin Lung)
219607,辦桌二人組 (Bondo)
219608,辦桌阿傑+王羚柔
219609,辰亦儒 (CALVIN)
219610,農夫 (Fama)
219611,農曆新年慶團圓
219612,辻　詩音
219613,辻井伸行
219614,辻井伸行+ゲルギエフ
219617,近藤和花
219622,迪克牛仔 (Dick and Cowboy)
219623,迪士尼音樂盒
219624,迪奧
219625,迪子 (TikChi)
219629,逆思樂團
219630,逆流 (NiLiu)
219631,逆流感FDN9
219632,逆轉．勝！(閃靈+滅火器) (ni zhuan ． sheng ！(Freddy＋Fire EX.))
219633,逆鱗X齊藤和義
219634,逍遙遊
219635,透明雜誌 (TOUMING MAGAZINE)
219637,逗陣ㄟ電影原聲帶
219638,這位太太
219639,這裡發現愛電視原聲帶
219640,通勤少年
219642,連詩雅 (Shiga Lin)
219643,連詩雅&Dear Jane (Shiga Lin & Dear Jane)
219644,週休八日
219646,進入豐盛
219647,逸小莫
219648,遇見文殊菩薩
219651,遊美靈
219652,運動健身
219653,運彩甜心 (Sweet Heart)
219654,過年
219655,過江龍
219657,道教閩南語演唱系列
219658,道教閩南語課誦系列
219660,達一生
219662,達卡鬧
219664,達明一派 (Tat Ming Pair)
219669,遠藤律子with Funky Ritsuco Version!
219672,適者生存樂團 (Out Of Survive)
219676,邓丽君
219677,那些年，我們一起追的女孩 電影原聲帶
219678,那對夫妻 (Nico&Kim)
219679,那我懂你意思了
219681,那英
219682,邰正宵 (Samuel Tai)
219683,邰正宵+亦帆
219684,邰正宵+元若藍
219685,邰肇玫
219687,邱凱偉
219688,邱凱偉+柯有倫 (Darren+Alan)
219689,邱培榮
219692,邱智謀
219693,邱暐議
219695,邱比
219696,邱比、閻韋伶、世外桃源、Slamer
219697,邱永傳
219700,邱澤
219702,邱玉蘭
219705,邱芸子
219706,邱賢桂
219707,邱逸安 (Andy)
219708,邱鋒澤 (Qiu Feng Ze)
219709,邵大倫
219710,邵干奇
219711,邵氏電影金曲精選
219712,郁可唯 (Yisa Yu)
219714,郎祖筠+趙自強
219715,郎軍
219718,郝云
219719,郝劭文 (Steven Hao)
219721,郝雲 (Hao Yun)
219722,部落美男子
219723,郭一凡
219724,郭修彧 (Shio)
219725,郭偉亮 (Eric Kwok)
219726,郭健一
219727,郭健一+蕭玉芬
219732,郭品超 (Dylan Kuo)
219733,郭嘉欣 (LuLu)
219734,郭婷筠
219735,郭定國 (AGogo)
219736,郭家銘
219737,郭富城 (Aaron Kwok)
219738,郭富城&鄭秀文&許志安&梁漢文 (Aaron Kwok & Sammi Cheng & Andy Hui & Edmond Leung)
219739,郭小霖
219740,郭怡安
219742,郭懷慈
219744,郭明龍 (Long-Ger)
219745,郭星妤
219746,郭晉安 (Roger Kwok)
219747,郭晉安&李思捷＆曹永廉＆單立文 (Roger Kwok & Johnson Lee & Raymond Cho & Pal Sinn)
219751,郭晶麗 (Serena Kok)
219752,郭曉曉
219753,郭書瑤 (Yao Yao)
219754,郭淑芳
219756,郭炳堅
219757,郭炳堅| 茵茵
219760,郭玲
219761,郭美美 (Jocie Guo)
219763,郭英男&馬蘭吟唱隊 (Difang & Ma Lan Choir)
219764,郭蘅祈 (Kwok Chi)
219765,郭采潔 (Amber Kuo)
219769,郭靜
219770,郭靜 (Claire Kuo)
219771,郭頂
219772,郭飛宏
219777,都市零件派對 (CityPartSy)
219779,都穆曲傑仁波切
219780,鄂托克前旗·艾基木兒童合唱團
219781,鄉土名曲經典
219783,鄒女在唱歌
219785,鄒宗翰 (Hans Zou)
219786,鄒承恩
219787,鄒文正 (Terry Zou)
219790,鄔禎琳 (Liantly Wu)
219792,鄧佳坤 (J.K Deng)
219793,鄧健泓 (Patrick Tang)
219794,鄧健泓＆梁靖琪＆湯盈盈 (Patrick Tang & Toby Leung ＆ Angela Tong)
219796,鄧千繪
219797,鄧妙華 (Maggie Teng)
219799,鄧子霆 (Chris Tang)
219801,鄧寧
219802,鄧小巧 (Tang Siu Hau)
219803,鄧川
219804,鄧廣福 (A-FU)
219806,鄧建明 + 顧芮寧 (Joey Tang + Elaine Koo)
219809,鄧智偉 (Tang Chi Wai)
219812,鄧福如
219813,鄧福如+陳道賢+陸侲曦
219815,鄧芷茵 (June Tang)
219816,鄧藹霖
219817,鄧詠家
219818,鄧超
219821,鄧養天 (Issac Dang)
219822,鄧麗君 (Teresa Teng)
219823,鄧麗欣 (Stephy Tang)
219824,鄭世豪 (Cheng Sai Ho)
219825,鄭中基 (Ronald Cheng)
219826,鄭中基+梁漢文 (Ronald Cheng+Edmond Leung)
219828,鄭丹瑞＆曹永廉＆伍詠薇＆苑瓊丹＆鍾景輝＆李思捷＆盧宛茵＆鄧上文 (Lawrence Cheng ＆ Raymond Cho ＆Christine Ng ＆ Kingdom Yuen ＆ Chung King Fai ＆ Johnson Lee ＆ Angelina Lo ＆ Shermon Tang)
219829,鄭伊健 (Ekin Cheng)
219830,鄭伊健&陳小春&謝天華&錢嘉樂&林曉峰 (Ekin Cheng & Jordan Chan & Michael Tse & Chin Kar Lok & Jerry Lamb)
219831,鄭俊弘 (Fred Cheng)
219833,鄭俊英xYOUNHA
219835,鄭元嘉 (Billie)
219836,鄭元暢 (Joseph Cheng)
219839,鄭可為 (Tay Kewei)
219840,鄭君威
219841,鄭嘉嘉 (Wendyz Zheng)
219842,鄭嘉穎 (Kevin Cheng)
219848,鄭妃珊 (Vivian)
219850,鄭宜農 (Enno Cheng)
219851,鄭家星 (Carlson Cheng)
219852,鄭家純（雞排妹）
219853,鄭家維 (Gary Cheng)
219854,鄭容和 with 林俊傑
219855,鄭容和(JUNG YONG HWA)+鮮于貞娥
219856,鄭少秋 (Adam Cheng)
219857,鄭希怡 (Yumiko Cheng)
219860,鄭怡
219862,鄭愷
219866,鄭智化
219867,鄭東
219868,鄭業成| 劉志宏| 李宏毅 & 張子文 (Zheng Ye-Cheng| Liu Zhi-Hong| Li Hong-Yi & Zhang Zi-Wen)
219869,鄭欣宜 & 張惠雅 & 雨僑 & 張紋嘉 (Joyce Cheng & RegenC & Ava Yu & Crystal Cheung)
219870,鄭欣宜 (Joyce Cheng)
219871,鄭正華
219872,鄭沖
219874,鄭淳元 (The One)
219875,鄭淳文
219876,鄭源
219878,鄭琇月
219881,鄭秀文 (Sammi Cheng)
219882,鄭筱蓉 (CAROL)
219883,鄭紫軒
219885,鄭興琦
219886,鄭華娟
219887,鄭華娟 & 王新蓮 (Cheng Hua Jiuan + Wang Xin Lian)
219888,鄭融 (Stephanie Cheng)
219889,鄭進一
219890,鄭逸帆
219891,鄭鈞
219892,鄭錦昌
219893,鄭雙雙 (Sherry Cheng)
219894,鄭雪兒
219898,鄺美雲 (Cally Kwong)
219899,配樂基地-配樂司令
219903,酷愛樂團 (Craze)
219904,酷聽有聲書
219905,酸酸/愛播聽書
219906,醉後決定愛上你 電視原聲帶
219907,醉愛古典系列
219909,醫治時刻
219910,采風樂坊
219912,里井宏次/ザ・タロー・シンガーズ
219915,重金屬搖滾
219917,野人 李威慶
219918,野仔 (Wildchild)
219920,野佬 (Yellow!)
219923,野尻小矢佳
219924,野崎美波
219934,野花樂團 (Wildflower)
219936,野鳥鳴唱圖鑑
219937,金久哲
219940,金井信+柳沢里実+柳沢久実
219941,金佩姍
219942,金佩珊
219943,金元萱
219944,金光布袋戲
219947,金大為
219952,金子恭平
219953,金子隆博
219955,金小魚
219956,金小鱼
219959,金希澈 & 金政模 X 輝人 (of MAMAMOO)
219960,金希澈 x Min Kyung-Hoon
219961,金希澈&金政模
219962,金庸群俠傳 Online 2
219963,金志文
219965,金智娟 (Wa Wa)
219967,金曲精選
219968,金曲重炫
219970,金正浩
219971,金池
219973,金海心
219978,金牌10年真精選系列
219979,金牌醇音樂會輯
219981,金玟岐 (Vanessa)
219982,金瑞瑤
219983,金益研二
219984,金碟鐵盒珍藏系列
219988,金素梅 (May Chin)
219989,金色聖誕
219990,金莎 (Kym Kum)
219993,金貴晟 (Joshua Jin)
219995,金邊
219999,金門王與李炳輝 (Golden Gate King The & Mr. Lee)
220000,金霖
220001,金韓一
220002,金韻獎
220006,鈔無窮| 陳坤| 陳波
220007,鈴兒響叮噹耶誕節
220019,鈴木良雄 Bass Talk
220022,鈴華 ゆう子
220023,鈺蓁/愛播聽書
220025,鉄猴子
220026,銀巴士樂團 (Silverbus)
220027,銀幕古典
220028,銀河懷念金曲
220029,銀河系
220032,銀霞
220033,鋼之鍊金術師
220034,鋼琴名曲點播100首
220035,鋼琴演奏
220036,鋼琴饗宴
220037,鋼鉄電脳少女帯
220041,錢澄
220045,錦繡二重唱 (Walkie Talkie)
220046,錦繡緣·華麗冒險 電視原聲帶
220048,鍾一憲 (Jason Chung)
220050,鍾嘉欣 (Linda Chung)
220052,鍾嘉欣＆吳卓羲 (Linda Chung ＆ Ron Ng)
220053,鍾志豪
220054,鍾曉玉 (Stella Chung)
220056,鍾欣潼 (Gillian Chung)
220057,鍾氏兄弟 (The Chung Brothers)
220058,鍾汶
220059,鍾漢良 (Wallace Chung)
220060,鍾潔+苗苗
220061,鍾潔希
220062,鍾玉鳳&陳思銘 (Chung Yu-feng & David Chen)
220064,鍾瑾樺 (Alvin Chong)
220066,鍾盛忠+鍾曉玉 (Nick Chung+Stella Chung)
220067,鍾立風
220068,鍾翔宇
220069,鍾興民
220070,鍾舒漫 & 許靖韻 & 陳凱彤 (Sherman Chung & Angela Hui & Lillian Chan)
220071,鍾舒漫 (Sherman Chung)
220072,鍾舒漫&鄭希怡&張致恆&李逸朗&王祖藍
220073,鍾舒漫&鍾舒祺 (Sherman Chung & Sukie Chung)
220074,鍾舒祺 (Sukie Chung)
220075,鍾鎮宇 (Justin Chung)
220076,鍾鎮濤 (Kenny Bee)
220077,鍾鎮濤&章蓉舫
220080,鎮座DOPENESS&HIFANA
220082,鏢門電視原聲帶
220083,鐘志剛
220084,鐘昀呈
220085,鐘潔
220086,鐘潔+洛天依
220087,鐘潔+淺井智子
220089,鐘潔feat藍褶
220090,鐵擊 (Iron Punch)
220091,鐵樹蘭 (Tieshulan)
220092,鐵熱沁夫
220093,鐵竹堂 (The Iron Bamboo)
220094,鐵竹堂之PLAYAZ (玩家幫)
220095,鐵虎兄弟
220096,鑑聽天碟 (Absolute Voices)
220098,铃木常吉
220099,長宇
220101,長情劇展
220102,長春蟲子
220105,長谷川健一
220108,門麗
220109,閃亮三姊妹
220112,閃靈樂團 (Chthonic)
220114,閆振宇 (Saltyfish)
220115,閆旭
220117,閆韻文
220118,開心少女組
220120,開放大自然
220121,閒情之美
220122,閔惠芬
220123,閔惠芬．二胡
220125,関取花
220129,閩南語教學系列
220131,閩南語演唱篇
220132,閻奕格
220133,閻韋伶 (Olivia Yan)
220136,關喆 (Grady Guan)
220137,關徳輝 (August Kwan)
220139,關心妍 (Jade Kwan)
220140,關智斌 (Kenny Kwan)
220141,關楚耀 (Kelvin Kwan)
220144,關楚耀&自由發揮 (Kelvin Kwan & One Two Free)
220145,關正傑 (Michael Kwan)
220146,關淑怡 (Shirley Kwan)
220149,關菊英 (Susanna Kwan)
220150,關詩敏 (Sharon Kwan)
220153,阮丹青
220155,阮兆祥 (Louis Yuen)
220157,阮泰瑞 (Terry Luan)
220160,阮經天
220162,阿來 (Aray.Aydarhan)
220163,阿信 (Ashin)
220166,阿努．卡力亭．沙力朋安
220168,阿吉仔
220170,阿堤 (Artie)
220172,阿妹妹 (Raya & Saya)
220173,阿家 (A-Ga)
220174,阿寶 (Abo)
220175,阿川泰子
220177,阿悄
220178,阿悄+童可可
220179,阿悄+童可可+微胖女神
220181,阿拉坦其其格+扎達格蘇榮+朝克吉勒圖
220185,阿木爾達拉
220187,阿杜 (A-do)
220188,阿杜+蔡健雅+林俊傑+孫燕姿
220189,阿杰 (徐志杰)
220190,阿桑 (A-Sun)
220191,阿桑格來鵬措
220192,阿樂
220193,阿沁 (Real)
220195,阿涼+余佳倫
220196,阿清
220200,阿爆 (阿仍仍)、王秋蘭 (愛靜)、梁秋妹 (米次古)
220201,阿爆(阿仍仍) (ABAO)
220202,阿爆+Brandy
220203,阿爾發全體藝人
220204,阿牛 (Aniu)
220205,阿秋
220206,阿穆隆 (Amguulan)
220208,阿美語創作
220209,阿肆 (A Si)
220211,阿菁
220214,阿蘭 (alan)
220216,阿諾
220217,阿貴
220218,阿超 (achau)
220220,阿輪
220223,阿部芙蓉美
220224,阿里郎
220225,阿錡
220226,阿雅 (Aya)
220227,阿雞 (GLOJ)
220228,阿霈樂團 (APAY)
220229,阿飛
220230,阿鹿米爾
220231,阿龍正罡
220232,陈信喆
220233,陈几人
220239,陈瑞
220244,陈都灵
220248,陪你看天星
220252,陳一郎
220253,陳世偉
220254,陳世川
220255,陳中
220256,陳中申指揮台北市立國樂團
220257,陳乃榮 (Nylon Chen)
220258,陳予新 (Cindy Chen)
220259,陳亞蘭
220260,陳亮恭/愛播聽書
220261,陳仁丰 (Quincy)
220262,陳以岫 (lzzy)
220263,陳以生
220266,陳佳 (Bobo)
220268,陳依婷 (Miogo Chen)
220269,陳依然
220271,陳信喆
220273,陳偉
220274,陳偉成 (David Chan)
220275,陳偉聯
220276,陳偉霆 & 鄭秀妍 (William Chan & Jessica)
220277,陳偉霆 (William Chan)
220278,陳傑洲
220279,陳傑瑞 (Jeric T)
220280,陳僖儀 (Sita Chan)
220281,陳冠宇
220283,陳冠希 (Edison Chen)
220284,陳冠希 x MC Hotdog
220285,陳冠希+MC HOTDOG+李璨琛+MC仁+廚房仔
220286,陳冠希+MC仁+廚房仔
220288,陳冠蒲
220289,陳冠霖
220290,陳凱倫
220293,陳凱彤 (Lillian Chan)
220294,陳凱欣
220297,陳勢安 (Andrew Tan)
220298,陳勢安 + Bii (Andrew Tan +Bii)
220302,陳司翰 (Victor Chen)
220305,陳嘉唯 (Renee Chen)
220307,陳嘉樺 (Ella Chen)
220309,陳國華
220310,陳國華．知久光康
220311,陳坤
220312,陳夏蓮 (sharon)
220313,陳夢晨
220314,陳大天 (Daniel Chen)
220316,陳奐仁 (Hanjin Tan)
220317,陳奐仁 (Hanjin Tan) & MC Jin
220319,陳奕
220320,陳奕迅 (Eason Chan)
220321,陳奕迅&苦榮&小苦妹&吳君如
220322,陳如山 (阿山)
220323,陳妍元 (yen yuan)
220324,陳妍希 (Michelle Chen)
220327,陳威全 (Vchuan)
220328,陳威稜+蔡佳憓
220329,陳威稜+蔡佳憓+吳珮菁+李守信+卓涵涵+吳睿然
220330,陳娟兒
220331,陳子超 (Tan Tyzz Chau)
220333,陳學冬 (Cheney Chen)
220335,陳宏銘
220336,陳宗成與東吳弦樂團
220339,陳寶珠
220340,陳小春 (Jordan Chan)
220341,陳小春&陳慧琳 (Jordan Chan&Kelly Chen)
220343,陳小雲
220344,陳小霞
220346,陳展鵬 & 胡定欣 (Ruco Chan & Nancy Wu)
220347,陳展鵬 (Ruco Chan)
220348,陳展鵬&蕭正楠 (Ruco Chan＆Edwin Siu)
220351,陳建年
220352,陳建年+巴奈
220353,陳建瑋
220354,陳建騏
220355,陳彥允 (Ian Chen)
220356,陳彥寧 (Elaine)
220357,陳彥彤 (Cindy)
220358,陳彼得
220359,陳心瑩+Primož Parovel
220360,陳志嘉 (Kaka Chen)
220361,陳志朋
220362,陳志遠
220363,陳念澤
220364,陳思函
220365,陳思安
220366,陳思彤 (Viviana Chen)
220367,陳思思
220368,陳思瑋
220369,陳怡婷
220370,陳怡璇 (BECKA)
220371,陳惠婷 (Chen Hui Ting)
220372,陳惠敏
220373,陳慧嫻 (Priscilla Chan)
220375,陳慧敏 (Vivian Chan)
220376,陳慧珊 (Flora Chan)
220377,陳慧琳 (Kelly Chen)
220379,陳慶池+雅惠
220380,陳揚
220381,陳敏之 (Sharon Chan)
220386,陳旭
220387,陳昇 (Bobby Chen)
220388,陳昇+張宇+黃品源 (Bobby Chen+Phil Chang+Huang Pin Yuan)
220389,陳明
220390,陳明境
220391,陳明恩 (Corinna Chamberlain)
220393,陳明憙 (Jocelyn Chan)
220394,陳明真
220395,陳明章
220396,陳明韶
220397,陳星合
220398,陳星翰 (Starr Chen)
220399,陳星逸
220400,陳昱熙
220401,陳暉宜
220402,陳曉娟
220403,陳曉東 (Daniel Chan)
220405,陳曉琪 (Kellyjackie)
220407,陳李張王
220408,陳松伶 (Nadia Chan)
220410,陳柏宇 & VnP
220411,陳柏宇 & 林奕匡 (Jason Chan & Phil Lam)
220412,陳柏宇 (Jason Chan)
220413,陳柏銓 (Barry)
220414,陳柏霖
220416,陳柯宇
220417,陳梓童 (Tifa Chen)
220418,陳楚生
220419,陳楚生&SPY.C (Chen Chusheng&SPY.C)
220420,陳楚生+安以軒
220422,陳武官 & 吳佩俞
220423,陳永馨 (Melody Chen)
220424,陳永龍
220425,陳法拉 (Fala Chen)
220426,陳浩
220427,陳浩民 (Benny Chan)
220429,陳淑樺 (Sarah Chen)
220430,陳淑萍
220432,陳潔
220433,陳潔儀 (Kit Chan)
220434,陳潔莉
220435,陳潔靈 (Elisa Chan)
220436,陳潔麗 (Lily Chen)
220438,陳熙 (Josh Chen)
220439,陳玉建
220441,陳珊妮 (Sandee Chan)
220442,陳珊妮+陳怡文
220444,陳瑀涵
220445,陳瑋儒
220446,陳瑋甜
220447,陳瑞
220449,陳百強 (Danny Chan)
220450,陳百潭
220451,陳百祥 (Natalis Chan)
220452,陳盈潔
220453,陳盛宇
220454,陳直+釋魂
220455,陳磊
220458,陳秀珠
220459,陳秀雯
220460,陳秋霞 (Chelxia Chan)
220461,陳穎達
220462,陳立強 (Joshua Chen)
220463,陳粒 (Chen Li)
220465,陳維斌
220467,陳綺貞 (Cheer Chen)
220468,陳綺雯 (Aki Chan)
220471,陳美惠
220472,陳美玲 (Pat Chan)
220473,陳美鳳
220474,陳美齡 (Agnes Chan)
220475,陳翔
220476,陳翔+楊洋
220478,陳耀川
220479,陳耀星 朱昌耀 二胡獨奏專輯
220480,陳耀星+蔣才如
220482,陳聖崴
220484,陳肇佑
220485,陳能濟指揮中西管弦樂團伴奏
220487,陳致逸
220488,陳致逸| 黃麗玲| 朱智浩
220489,陳興瑜| 陳文謙
220490,陳良泉
220491,陳良泉| 喬華
220492,陳良生
220493,陳艾玲
220494,陳芬蘭
220495,陳芳語 (Kimberley)
220496,陳苑淇 (Jolie Chan)
220497,陳茂萱 (演奏者：林瑋祺)
220498,陳茂豐
220501,陳蔚琦 (Tiffany Chan)
220502,陳蕊蕊 (Yuri)
220503,陳蕾 (Panther Chan)
220504,陳薇
220506,陳蘭麗
220508,陳詠
220509,陳詠謙 (Chan Wing Him)
220510,陳詩妤
220511,陳詩慧 (Eva Chan)
220513,陳詩欣 (Eunice Chan)
220514,陳詩雨 (Fish)
220515,陳譯賢
220516,陳豪 (Moses Chan)
220522,陳輝陽 & 女聲合唱 (Chan Fai Young & Women's Choir)
220528,陳隨意
220529,陳雁君
220530,陳雅森
220531,陳雙 (Song May)
220532,陳雨霈
220533,陳雲山
220534,陳零九 (Nine Chen)
220535,陳雷
220537,陳韋伶
220539,陳韻琳/愛播聽書
220540,陳頌揚 (Fred)
220541,陳飛宏
220544,陳鴻宇
220546,陳鴻雁笛子獨奏
220547,陳麒安+杜忻恬
220549,陳麗斯
220550,陳麗晴
220552,陳黎明
220553,陶喆 (David Tao)
220555,陶大偉+孫越
220557,陶妍霖 (Elleya Tao)
220558,陶嫚曼
220559,陶晶瑩 (Matilda Tao)
220560,陶然
220561,陶莉萍 (Carmen Tao)
220562,陶鈺玉
220563,陶靖 (Steven Tao)
220565,陸上自衛隊中央音楽隊　指揮＝武田晃隊長
220568,陸家駿
220569,陸小鳳
220572,陸毅
220573,陸瑤
220574,陸秉超 (Luke Loke)
220575,陸虎
220576,陽光校園合唱團
220577,陽光沙灘海浪
220578,陽光燦爛。夏威夷
220580,陽帆
220581,隅桂一郎
220582,隋昕
220583,隋盺
220584,隔壁團 (Next Door Band)
220585,隨心所欲樂團
220586,隨性樂團 (Random)
220587,隱分子 (INFANCY)
220590,雅丰
220591,雅立 (Arie)
220593,雅鋒
220602,雜音樂隊
220603,雞蛋蒸肉餅 (GDJYB)
220604,雨僑 (Ava Liu)
220605,雨僑&王宗堯 (Ava Liu & Gregory Wong)
220608,雨揚
220614,雨過晴天
220615,雨音 夜空
220616,雪地裡的星星電視原聲帶
220621,雪無影
220624,雪琴姐姐| 宋文殊| 江晖
220627,雲南納西古樂
220628,雲朵
220629,雲水三千-獻給開燈的人
220630,雲水吟
220632,雲菲菲
220633,雲軒
220634,雲鎂鑫 (Mei Sim)
220640,零感音樂製作有限公司
220641,雷光夏
220642,雷光夏+BIT Sound
220643,雷安娜 (Annabelle Lui)
220644,雷應婕 (Jennifer Lei)
220646,雷深如 (J.Arie)
220647,雷頌德 (Mark Lui)
220648,雷麗
220650,電影《小時代》影視歌曲
220652,電影【念念】
220653,電影主題曲原聲帶 - 瓊瑤的世界
220654,電影情結
220656,電視劇《何以笙簫默》
220657,電視劇《像火花像蝴蝶》
220658,電視劇《刺青海娘》
220659,電視劇《勝女的代價 2 》
220660,電視劇《北京愛情故事》
220662,電視劇《大丫鬟》
220663,電視劇《妻子的秘密》
220664,電視劇《嫁入豪門》
220665,電視劇《宮鎖珠簾》
220666,電視劇《家有喜婦》
220667,電視劇《少年四大名捕》
220668,電視劇《想明白了再結婚》
220669,電視劇《摩西密碼》
220670,電視劇《新一剪梅》
220671,電視劇《新神探聯盟》
220672,電視劇《杉杉來了》
220678,電視劇《活色生香》
220680,電視劇《盛夏晚晴天》
220681,電視劇《神雕俠侶》原聲帶
220682,電視劇《笑傲江湖》
220685,電視劇《美人天下》
220687,電視劇《美人心計》
220688,電視劇《虎媽貓爸》原聲配樂
220689,電視劇《被遺棄的秘密》
220691,電視劇《賞金獵人》
220692,電視劇《追魚傳奇》
220693,電視劇《陸貞傳奇》
220694,電視劇《雙生花》
220696,電視廣告精選
220698,電音E帝國
220699,電音王朝
220700,電音精選
220701,霍建華
220703,霍金洲
220704,霎時感動
220709,霹靂布袋戲劇集原聲帶
220711,霹靂英雄劇集原聲帶
220715,靈糧神學院
220718,青和南管
220721,青山
220722,青年樂團
220723,青春大衛 (Young David)
220725,青春無敵歌本
220726,青春發電機
220728,青春美少女
220729,青木カレン
220731,青木晋太郎
220736,青澀的年代
220737,青紀日華利
220738,青葉市子
220742,青衣
220743,青青
220744,青鳥合唱團
220745,青鳥飛魚 (Blue Bird Flying Fish)
220746,青龍好漢民視八點檔大戲主題曲
220747,靖兒 (Chinee)
220748,靜婷 (Tsin Ting)
220749,靜婷| 江宏| 百代合唱團
220750,靜婷| 百代合唱團
220751,靜物樂團
220752,靜謐時光 (Quiet Quartet)
220753,非人物種 (Inhuman)
220754,非同小可
220755,非常相聲系列
220758,靠近
220760,面谷誠二
220763,鞠秀芳+才旦卓瑪+仁桂珍+德德瑪等演唱合輯
220764,鞠起和Mr.Kr
220765,韋偉 (oldbanana)
220768,韋國元
220769,韋小天
220770,韋嵐笛
220771,韋禮安 (William Wei)
220772,韋禮安+郭靜 (Weibird Wei+Claire Kuo)
220773,韋秀嫻
220775,韋雄 (Philip Wei)
220776,韓佳霖 (Iris Han)
220777,韓安旭 (Han An-Xu)
220778,韓寶儀
220779,韓小薰
220780,韓庚 (Han Geng)
220781,韓情咖啡館
220783,韓文軒 (Vence Han)
220784,韓晶
220785,韓智沅
220786,韓版 命中注定我愛你 電視原聲帶
220787,韓版F4
220789,韓系療癒音樂
220790,韓紅
220800,音×AiR
220803,音楽:山下康介
220805,音楽療法
220806,音楽療法 ウェルネス
220810,音樂劇《寂寞瑪奇朵》原聲帶
220815,音樂磁場
220817,音樂紓壓進階版‧自律神經全方位調節系列
220818,音樂繪本系列
220819,音樂鐵人
220827,順子 (Shunza)
220828,須山公美子
220829,須永辰緒
220831,頑童MJ116
220832,頒獎典禮
220837,顏力妃
220838,顏培珊 (Shandy Gan)
220840,顏志文
220841,顏志琳
220843,顏慧萍&趙潔瑩
220845,顏秋霞| 曹堅明| 張疊文
220847,顧又銘 (GYM)
220848,顧媚
220849,顧峰
220850,顧曉宇
220851,顧正秋曲藝精華
220852,顧芮寧 (Elaine Koo)
220853,顧莉雅
220854,顧蕙曼
220855,顯然樂隊
220857,项斯华| 吴赣伯
220860,颜陌
220864,風 間陣 (CV松岡禎永)
220866,風中奇緣電視原聲帶
220867,風中緋櫻電視原聲帶
220868,風之吟頌
220870,風宸雪
220872,風格童星組合
220873,風格童星组合
220875,風潮20周年音樂風景
220881,风格童星组合
220882,飛兒樂團 (F.I.R.)
220883,飛天有愛
220885,飛輪海 (Fahrenheit)
220886,食尚玩家
220887,食神電視原聲帶
220894,飯森範親／東京混声合唱団／東京交響楽団
220895,飯田さつき
220899,飲食男女之世間情歌
220901,饒威
220904,香光佛教梵唄經典專輯
220905,香光尼僧團
220906,香光山寺
220907,香光快樂行 佛曲合唱專輯
220909,香格里拉（家鄉）
220910,香榭麗舍大道 - LEXUS RX330 汽車廣告代言曲
220914,香草戀人館電視原聲帶
220915,香華獻供
220916,香蕉人 (Banana Man)
220917,香蕉小姐 (Miss Banana)
220918,馬丁.夏布洛
220920,馬世芳/愛播聽書
220921,馬兆駿
220922,馬克vs阿澤
220923,馬利納爵士(指揮)(小提琴)+席可維斯基
220926,馬嘉均 (Mason Ma)
220927,馬嘉均&李卓庭 (Mason Ma & Eunix Lee)
220928,馬嘉玲
220929,馬嘉軒 (Athena)
220931,馬國明 & 周麗淇
220932,馬國明 (Kenneth Ma)
220934,馬天佑 (Mayao)
220935,馬天宇
220936,馬如龍
220937,馬常勝
220938,馬德鐘 (Joe Ma)
220940,馬念先
220941,馬念先、奇哥 (Project Early)
220943,馬旭東
220944,馬智宇
220945,馬條
220946,馬檇鏗 (Madan Roberto)
220948,馬汝瓏
220950,馬浚偉 (Steven Ma)
220951,馬浚偉 ＆ 吳卓羲 (Steven Ma & Ron Ng)
220955,馬浚偉&楊怡 (Steven Ma & Tavia Yeung)
220958,馬玉芬
220960,馬萃如
220961,馬蘭吟唱隊
220963,馬蹄幫樂團 (Marty Band)
220964,馬郁
220967,馬靚辳 (NON NON)
220968,馬頔 (Di Ma)
220970,馬麗+吳昕+丁寧+屈菁菁+孟美岐
220972,馮偉傑
220974,馮允謙 (Jay Fung)
220975,馮凱淇 (Cherry Fung)
220976,馮千芮 (Zaza)
220979,馮曦妤 (Fiona Fung)
220982,馮穎琪 (Vicky Fung)
220983,馮翰銘 (Alex Fung)
220984,馮聖雅
220987,駱心怡
220989,駱集益
220990,駱駝樂隊
220991,騰格爾
220992,騷人電影原聲帶
220993,騷包樂團 (Soundboss)
220995,驛動男女心
221000,马晓梦| 傅琰东| 谭耀军
221003,骨盤P
221004,高一生
221007,高以愛 (Alisa)
221008,高佳群
221009,高信
221010,高凌風
221011,高凱莉
221012,高勛 (Shown Gao)
221013,高勝美 (Malas Kao)
221014,高原
221017,高向鵬
221018,高向鵬+傅振輝
221019,高向鵬+方怡萍
221020,高垣先生
221021,高培華
221022,高宇婧
221023,高安
221028,高山峰 (Mountain)
221029,高山林
221037,高愷蔚 (Ape)
221038,高慧君 (Francesca Gao)
221039,高旗+超載 (Gao Qi + Overload)
221041,高明德 (Andy Kao)
221042,高明駿
221043,高晴
221046,高木ちえ美
221050,高校處世王 電視原聲帶
221063,高瀬洋子
221064,高瑜
221065,高瑞欣
221067,高登
221068,高皓正&潘卓楠&郭力行&吳卓羲&Sky (Zac Kao ＆ Gilbert Poon & Rico Kwok ＆ Ron Ng & Sky)
221071,高義泰
221073,高若斯
221074,高蕾雅 (Francesca Kao)
221075,高見優
221076,高見沢俊彦
221077,高進
221080,高鈴
221081,高雄| 尤菁
221085,高電圧少女
221087,髙梨真実(小提琴)+松本飛鳥(鋼琴)+堀沢真己(大提琴)
221089,鬥牛要不要電視原聲帶
221091,鬼否樂隊 (GriffO)
221093,鬼束ちひろ & BILLYS SANDWITCHES
221095,鬼鬼祟祟
221097,魅力舞曲
221098,魏佳慶 (JiaQing Wei)
221100,魏嘉榆
221101,魏嘉賢 (Tony)
221102,魏如昀 (Queen)
221103,魏如萱 (Waa Wei)
221104,魏妙如 (Ruth Kueo)
221107,魏慶楓
221108,魏新雨
221109,魏晨 (Vision Wei)
221110,魏漢文
221111,魏漢文| 尤菁
221112,魏瀟逸
221113,魏然
221114,魏綺清 (Bertha Ngai)
221116,魔岩巡迴演唱現場實錄
221117,魔幻1+1
221119,魔電女孩 (MOMO DANZ)
221120,魚乾 (Annie)
221121,魚仔
221124,魚蛋
221125,魚蹦興業/愛播聽書
221126,魯向卉
221130,鳳凰傳奇
221131,鳳娘 (Elly Chang)
221132,鳳尾草
221133,鳳新高中第20屆畢籌會專輯組
221134,鳳梨先生 (Mr.Pineapple Band)
221135,鳳飛飛
221136,鳴ル銅鑼
221140,鷹與月
221142,鹿先森樂隊 (Mr.Dear)
221145,鹿晗
221146,鹿比 ∞ 吠陀 (Ruby ∞ Fatale)
221147,麋先生 (Mixer)
221150,麗莎
221152,麥克瘋 (MICappella)
221154,麥家瑜 (Keeva Mak)
221155,麥浚龍 & 周國賢 (Juno Mak & Endy Chow)
221156,麥浚龍 & 莫文蔚 (Juno Mak & Karen Mok)
221157,麥浚龍 & 薛凱琪 (Juno Mak & Fiona Sit)
221158,麥浚龍 & 謝安琪 (Juno Mak & Kay Tse)
221159,麥浚龍 (Juno Mak)
221160,麥潔文
221162,麥瑋婷
221166,麥貝夷 (Karene Mak)
221171,麵包王金卓求 電視原聲帶
221174,麻花捲怪獸 (Twisted Donut Monsters)
221177,麻雀愛上鳳凰電視原聲帶
221178,麼麼格
221180,黃一飛 (Freddie Huang)
221181,黃中原
221182,黃中原+傅薇
221184,黃乙玲
221185,黃于娟
221186,黃介文+鮑正芳
221187,黃仲崑
221188,黃伊汶 (Emme Wong)
221190,黃俊融
221192,黃偉文 (Wyman Wong)
221193,黃偉霖
221196,黃凱南+Paul Cibis
221197,黃凱盈 (Isa)
221198,黃凱芹 (Christopher Wong)
221200,黃勇
221201,黃千芸
221203,黃品源
221204,黃啟銘 (Ming Huang)
221205,黃嘉千 (Phoebe Huang)
221206,黃國倫 (Gordon Huang)
221208,黃士祐
221210,黃大城
221211,黃大煒 (Dawei Huang)
221212,黃大煒+嚴錚
221213,黃奕儒 (Jeff Huang)
221214,黃好吟
221215,黃妃
221218,黃子佼
221219,黃子佼+左左右右
221220,黃子華 (Dayo Wong)
221221,黃子軒與山平快
221222,黃子韜 (Z.TAO)
221223,黃宇希 & 羅孝勇 (Shimica Wong & Sheldon Lo)
221224,黃宇希 (Shimica Wong)
221226,黃宇曛 (Shine)
221227,黃宇農 (Uno Huang)
221228,黃安源
221229,黃安祖 (Andrew Huang)
221230,黃宗澤 (Bosco Wong)
221231,黃宥傑 (Antonio Huang)
221232,黃家強 (Steve Wong)
221234,黃小楨 (Ze' Hwang)
221235,黃小琥 (Tiger Huang)
221236,黃小菁
221237,黃尹浩
221238,黃崇旭 (Witness huang)
221240,黃建為
221241,黃征 (Shawn Huang)
221242,黃得峯
221243,黃思婷
221244,黃思婷+傅振輝
221246,黃慧音
221247,黃慧音+張蔚乾
221250,黃文星
221251,黃文星+張涵雅
221254,黃明仁
221255,黃明志 (Namewee)
221256,黃明志+四葉草
221259,黃晨富
221260,黃晨軒 (Huang Chenxuan)
221262,黃曉君
221263,黃曼
221266,黃桂芳
221267,黃永燦
221268,黃汐源
221270,黃泰倫
221271,黃泳勝
221272,黃洋
221273,黃浩哲
221275,黃浩琳 (Lillian Wong)
221278,黃湘怡
221280,黃燦
221282,黃玠
221283,黃玠瑋 (Zooey Wonder)
221284,黃珮舒
221288,黃瑋霖
221289,黃瑞豐
221290,黃百聲
221292,黃磊
221293,黃禮格 (Hoo Leeger)
221294,黃立成 & 麻吉 (Jeff Huang & Machi)
221295,黃立綺
221296,黃立行 (Stanley Huang)
221297,黃維 (Huang Wei)
221298,黃維德 (Victor Huang)
221299,黃綵玲 (Natalia)
221301,黃美婷
221302,黃美珍 (Jane Huang)
221303,黃美珍+陳威全+羅文裕+萊特姊弟+車志立+羅小白
221304,黃義達 (Yida Huang)
221307,黃翠珊 (Susan Wong)
221308,黃耀明 (Anthony Wong)
221309,黃聖依
221310,黃舒駿 (Jerry Huang)
221312,黃若熙 (Ribbon Ooi)
221314,黃茵琪
221315,黃荻鈞 (Debbie Huang)
221316,黃藍白
221317,黃裕翔
221318,黃西田
221319,黃西田+櫻桃姐妹
221320,黃識文
221321,黃貝玲
221322,黃貫中 (Paul Wong)
221323,黃路梓茵 (LULU)
221325,黃連煜
221326,黃金佑
221327,黃金典藏輯
221328,黃錦雯 (Fiona Huang)
221329,黃鎮炘
221332,黃雅珉 (Ivon huang)
221333,黃雅莉 (Yali Huang)
221334,黃雅詩
221335,黃露儀
221336,黃靖 (Jing Wong)
221337,黃靖倫 (Jing Wong)
221338,黃靖惠
221339,黃靜雅
221340,黃韻玲 (Kay Huang)
221341,黃韻玲+洪筠惠
221342,黃韻玲+黃嘉千
221344,黃鳳儀
221345,黃鳳嬌
221346,黃鴻升 (Alien Huang)
221347,黃鶯鶯 (Tracy Huang)
221348,黃麗卿
221351,黃麗瑛
221352,黃齡 (Isabella Huang)
221353,黄伟麟| 容韵琳
221356,黄怡玲
221357,黄渤
221363,黎明 (Leon Lai)
221364,黎明柔 (Zoe Li)
221366,黎曉陽 (Michael Lai)
221367,黎瑞恩 (Vivian Lai)
221368,黎瑞恩&湯寶如&劉小慧
221370,黎美言 (Winkie Lai)
221371,黎美言&MastaMic (Winkie Lai&MastaMic)
221372,黎耀祥 & 樊奕敏 & 單立文 & 何廣沛 & 傅嘉莉
221375,黑Girl (hei Girl)
221379,黑暗中的笑臉 電視原聲EP
221382,黑色牡羊
221384,黑豹樂隊 (Black Panther)
221385,黑錢幫 (G$MOB)
221386,黑雨 (純音樂)
221388,黑龍
221389,黒うさP
221395,黒沢健一
221400,黛米
221401,黛青塔娜
221402,黛青塔娜 與 HAYA樂團
221403,鼎驊 (Angel King)
221404,鼓鼓 (GBOYSWAG)
221405,齊一 (Seven)
221407,齊秦
221408,齊藤ジョニー
221409,齊豫
221410,齊豫+潘越雲 (Chyi Yu +Michelle Pan)
221413,龍千玉
221414,龍嘯
221418,龍小菌
221419,龍影
221421,龍梅子
221422,龍梅子&楊海彪
221425,龍雅
221427,龍飄飄
221428,龍飄飄| 楚留香| 黃曉君
221429,龍飄飄| 燕雙雙
221430,龍飄飄| 羅賓
221433,龍鼓喧天過新年
221435,龐曉宇
221436,龐飛| 劉美華
221437,龐龍
221438,龔柯允 (Karen Kong)
221439,龔玥
221440,龔玥菲
221441,龔秋霞
221442,龔芝怡 (Serene)
221444,龔詩嘉 (Kaira Gong)
221445,龙飘飘
221446,龚琳娜
221452,가인|조권
221453,가인|조형우
221457,감성치유
221459,강균성 (노을)
221460,강동호
221461,강민혁 (CNBLUE)
221469,거짓말쟁이 조조 Jojo Blowhard
221471,경민 Kyoung Min
221475,고세정 Go Sejung
221479,고현중
221480,골드문트 Goldmund
221481,곽진언
221482,구골플렉스 Googolplex
221484,구하라
221485,권선정
221491,긱스| 팬텀| 에스나
221492,긱스|소유 (씨스타)
221494,길구봉구 (GilguBongu)
221499,김남주 (에이핑크)| 육성재 (비투비)
221500,김대환
221509,김범수&태연
221510,김범수| 김다미
221528,김원주 (포맨)
221538,김조한 Johan Kim
221539,김종민
221540,김준수
221541,김중기
221544,김진솔 Kim Jinsol
221546,김찬우
221548,김태범(파티스트릿)| 소진(걸스데이)
221554,김한라
221562,나르샤
221566,나예닐
221567,나인에잇
221568,나잠 수 Nahzam Sue
221573,네눈박이 나무 밑 쑤시기 Glischrochilus japonicus
221574,네스티네스티 (케빈| 경리| 소진)
221589,다소니
221590,다원 (우주소녀)
221591,다이나믹듀오| 박정현
221599,대니엘 Dany.L
221600,더 디스
221602,더블캐슬
221605,더폼프로젝트
221606,데프콘 (Defconn)
221607,도나웨일
221608,도희| 제이민 (타이니지)
221610,두리 (디홀릭)
221611,두민욱
221613,두이리
221614,드렁큰 타이거| t 윤미래| Bizzy
221619,디액션(D.Action)
221620,디오 (EXO)
221621,딴지라디오
221632,로코베리
221633,로코베리| 손호준
221636,루나 (f (x))
221642,린(Lyn)&나윤권
221643,릴보이| 베이식
221645,마쌀리나
221646,마인드 트레블
221650,매드클라운| 요조
221651,매직플로우
221656,멜로디데이| 신디
221657,멜로디정
221660,목영진 Mok Young Jin
221667,물고기꿈
221673,미스티 블루
221675,민경훈
221678,바른생활 Very Very Good Life
221679,바비빌 Bobbyville
221683,바이브| 포맨| 벤| 임세준| 미(MIIII)
221692,박선주
221694,박세환
221696,박수진
221698,박승화 (유리상자)| 한수영
221702,박재민
221703,박재범 Jay Park & Ugly Duck
221705,박정아|서인영|제국의 아이들|쥬얼리|나인뮤지스
221707,박지섭
221714,방백 Bahngbek
221721,배치기|신보라
221722,백민정
221727,백지영| 치타
221731,버벌진트| San E| 팬텀| 애즈원| 피타입| 태완| 강민희| 칸토| 샴페인&캔들| 양다일| DJ IT
221732,버벌진트| 산체스 (팬텀)
221740,변진섭
221742,별 헤는 밤
221744,별이삼우물정
221747,보미(Apink)
221753,불나방스타쏘세지클럽 Bulnabang Star Sausage Club
221755,뷰렛 Biuret
221756,브라운 심리학과 Brown Psychology
221760,블루베어스|택연 (2PM)
221762,비녀's Gain
221766,빅베이비드라이버 Big Baby Driver
221767,빅베이비드라이버 트리오 Bbdtrio
221772,사필성 X 전방수류탄
221775,샘 카터
221776,생각의 여름 Summer of Thoughts
221779,서동요
221782,서울전자음악단 Seoul Electric Band
221786,서지우
221790,선화 (시크릿)|영재 (B.A.P)
221795,성현 Sung Hyun
221796,성훈
221800,세븐틴| 에일리
221804,소규모 아카시아 밴드
221809,소울레인
221810,소유| 권순일(어반자카파)| 박용인(어반자카파)
221811,소유| 매드 클라운
221816,손담비
221817,손담비| 애프터스쿨
221819,손병휘
221820,손승연
221825,송은이| 송승현 (FT 아일랜드)
221830,수호
221835,슈가도넛 Sugardonut
221836,슈가볼| 소울라이츠
221838,슈프림팀|영준 (브라운아이드소울)
221842,스위트피
221843,스윗리벤지 Sweet Revenge
221850,스퀘어드 SQUARED
221853,슬리피&송지은
221855,시나 쓰는 앨리스
221856,시어스 Sears
221858,시크릿 아시안 맨 Secret Asian Men
221864,신용재(포맨)| 이해리(다비치)
221865,신재
221872,실리카겔 Silica Gel
221876,써니(소녀시대)| 옥탑방 작업실
221877,써니힐|데이브레이크(Daybreak)
221882,아마도이자람밴드 Amado Lee Jaram Band
221883,아뮤
221884,아스트로너츠 Astronuts
221887,아재
221888,아진(Azin)
221889,아침 Achime
221892,아홉번째 Number 9
221894,안야
221907,야콥| 레이나| 우노| 데이데이
221908,얄개들 The Freaks
221915,양요섭 (비스트)| 정은지 (에이핑크)
221918,어글리펌킨
221922,어센틱키즈
221925,에디킴| 솔라 (마마무)
221937,여정인
221943,영재 (포맨)
221945,예성&루나
221946,오늘
221948,오렌지캬라멜| 10cm
221949,오렌지캬라멜|뉴이스트
221953,오브로젝트
221962,올마이티
221967,요조 With 소규모 아카시아 밴드
221973,우현 (인피니트)|Lucia (심규선)
221975,울랄라세션| 아이유
221978,원펀치 (1PUNCH)
221981,유나킴
221982,유니크노트 (Uniqnote)
221985,유옥란
221986,유유 (YouU)
221991,유주(여자친구)| 선율(업텐션)
221993,유카리 Yukari
221995,윤미래 with 타이거JK & 비지
221997,윤상
222000,윤성
222002,윤채경| 김채원 (에이프릴)
222010,음간소음
222012,의인맨
222014,이광석
222015,이권희 Lee Gweon Hee
222020,이름없는 얼굴
222023,이보람
222025,이상곤 (노을)
222026,이상곤(노을)| 한승연(카라)
222033,이승윤
222035,이영현
222037,이영호
222040,이은경
222042,이은한
222044,이재량
222046,이정
222048,이종현(씨엔블루)| 멜로디데이
222049,이주현 Lee Ju Hyeon
222053,이지유
222064,이하이|윤현상
222067,익시 (YKSI)
222068,인도에서 온 란초
222073,일렉트로보이즈
222079,임성용
222080,임세준| 벤
222089,장윤정| 서병순
222091,장이정 (히스토리)
222093,장현승 (비스트)| 정은지 (에이핑크)| 김남주 (에이핑크)
222094,장효경
222098,전민주| 유나킴
222102,전인권| Dok2
222104,전진
222108,정민경
222110,정슬기
222113,정영애 Jung Young-Ae
222115,정원식
222116,정인&개리
222123,제8극장 Theatre8
222124,제리케이 (Jerry.k)
222126,조PD|나르샤|제아
222129,조규만 Cho Kyu Man
222131,조동규
222132,조민혜
222133,조복래
222134,조성민
222137,조원선
222140,조정석
222143,존박
222145,주비 (써니힐)
222146,주비(써니힐)| 장이정(히스토리)
222149,주비스
222151,주원
222154,줄리아 하트 Julia Hart
222156,지민(AOA)
222158,지아&이해리(다비치)
222159,지아&포맨
222165,지윤
222167,지창욱
222168,지코 (ZICO)| 소진 (걸스데이)
222172,진실 JINSIL
222173,진영진프로젝트
222175,짙은
222176,짜파 (ZZAPA)
222181,차희 (멜로디데이)
222182,참깨와 솜사탕
222185,창민(2am)| 다희(GLAM)
222186,챈슬러| VASCO (바스코)
222191,체리필터
222193,초아 (AOA)
222202,최준혁
222206,카스폴
222209,컴백마돈나밴드
222213,케이윌| 마마무
222214,케이윌| 씨스타| 보이프렌드
222216,케이윌|소유 (씨스타)|정민 (보이프렌드)
222219,케이헌터
222224,크라잉넛 Crying Nut| 피타입 P-type
222228,크림 KREAM
222229,클라우드 쿠쿠 랜드
222230,키썸| Homme (창민| 이현)
222231,킴 pd
222232,타니모션 Tan+Emotion
222233,타이니지
222237,태서니
222243,토끼사냥꾼
222245,톨게이트
222246,톱밥
222249,투빅&다비치
222256,파니핑크
222261,포니
222283,하동균&이정
222287,학도병
222291,한상웅
222294,한승욱
222299,한희준
222305,허각&LE (EXID)
222306,허각&지아
222307,허각| 브로맨스
222310,헌제식당
222312,헤이노
222313,헤이지 혼 HAZY HORN
222315,혜란
222317,홍순관
222319,홍재목
222321,홍진영
222326,황수정
222329,황정음
222330,황치열| leeSA(리싸)
222340,２８１４
222342,Ａ応Ｐ
222344,Ｄ‐５１
222358,Ｗａｋａｉ　Ｐｒｏｊｅｃｔ
222360,ｗ２ｗＧｏ！Ｇｏ！ぱわふる学園
